  Measurement Number     Measurement type
                   2                DC IV

      Measurement ID             SeriesID
       739662.681469                    0

         MeasureMode                Bias1                Bias2
                   2                  -10                   10

                Step  Positive compliance  Negative compliance
                0.01                  0.1                  0.1

  RealMeasuredPoints
                4004

        Bias        Current     Resistance
0.0000e+00   -4.5161e-07   -0.0000e+00
-1.0000e-02   -8.3171e-07   1.2023e+04
-2.0000e-02   -1.2041e-06   1.6610e+04
-3.0000e-02   -1.5656e-06   1.9162e+04
-4.0000e-02   -1.9130e-06   2.0910e+04
-5.0000e-02   -2.2459e-06   2.2263e+04
-6.0000e-02   -2.5643e-06   2.3398e+04
-7.0000e-02   -2.8697e-06   2.4393e+04
-8.0000e-02   -3.1623e-06   2.5298e+04
-9.0000e-02   -3.4453e-06   2.6123e+04
-1.0000e-01   -3.7185e-06   2.6893e+04
-1.1000e-01   -3.9832e-06   2.7616e+04
-1.2000e-01   -4.2412e-06   2.8294e+04
-1.3000e-01   -4.5140e-06   2.8799e+04
-1.4000e-01   -4.7611e-06   2.9405e+04
-1.5000e-01   -5.0042e-06   2.9975e+04
-1.6000e-01   -5.2426e-06   3.0519e+04
-1.7000e-01   -5.4775e-06   3.1036e+04
-1.8000e-01   -5.7096e-06   3.1526e+04
-1.9000e-01   -5.9381e-06   3.1997e+04
-2.0000e-01   -6.1644e-06   3.2444e+04
-2.1000e-01   -6.3871e-06   3.2879e+04
-2.2000e-01   -6.6070e-06   3.3298e+04
-2.3000e-01   -6.8247e-06   3.3701e+04
-2.4000e-01   -7.0399e-06   3.4091e+04
-2.5000e-01   -7.2522e-06   3.4472e+04
-2.6000e-01   -7.4620e-06   3.4843e+04
-2.7000e-01   -7.6681e-06   3.5211e+04
-2.8000e-01   -7.8725e-06   3.5567e+04
-2.9000e-01   -8.0740e-06   3.5918e+04
-3.0000e-01   -8.2715e-06   3.6269e+04
-3.1000e-01   -8.4816e-06   3.6550e+04
-3.2000e-01   -8.6739e-06   3.6892e+04
-3.3000e-01   -8.8633e-06   3.7232e+04
-3.4000e-01   -9.0495e-06   3.7571e+04
-3.5000e-01   -9.2330e-06   3.7908e+04
-3.6000e-01   -9.4132e-06   3.8244e+04
-3.7000e-01   -9.5900e-06   3.8582e+04
-3.8000e-01   -9.7650e-06   3.8915e+04
-3.9000e-01   -9.9360e-06   3.9251e+04
-4.0000e-01   -1.0105e-05   3.9584e+04
-4.1000e-01   -1.0271e-05   3.9920e+04
-4.2000e-01   -1.0433e-05   4.0257e+04
-4.3000e-01   -1.0594e-05   4.0591e+04
-4.4000e-01   -1.0752e-05   4.0924e+04
-4.5000e-01   -1.0907e-05   4.1259e+04
-4.6000e-01   -1.1058e-05   4.1597e+04
-4.7000e-01   -1.1208e-05   4.1933e+04
-4.8000e-01   -1.1356e-05   4.2270e+04
-4.9000e-01   -1.1506e-05   4.2586e+04
-5.0000e-01   -1.1648e-05   4.2924e+04
-5.1000e-01   -1.1787e-05   4.3269e+04
-5.2000e-01   -1.1925e-05   4.3608e+04
-5.3000e-01   -1.2058e-05   4.3954e+04
-5.4000e-01   -1.2190e-05   4.4300e+04
-5.5000e-01   -1.2319e-05   4.4646e+04
-5.6000e-01   -1.2446e-05   4.4993e+04
-5.7000e-01   -1.2571e-05   4.5344e+04
-5.8000e-01   -1.2693e-05   4.5693e+04
-5.9000e-01   -1.2813e-05   4.6046e+04
-6.0000e-01   -1.2932e-05   4.6398e+04
-6.1000e-01   -1.3047e-05   4.6754e+04
-6.2000e-01   -1.3161e-05   4.7110e+04
-6.3000e-01   -1.3272e-05   4.7468e+04
-6.4000e-01   -1.3382e-05   4.7825e+04
-6.5000e-01   -1.3489e-05   4.8186e+04
-6.6000e-01   -1.3596e-05   4.8545e+04
-6.7000e-01   -1.3708e-05   4.8876e+04
-6.8000e-01   -1.3809e-05   4.9243e+04
-6.9000e-01   -1.3909e-05   4.9607e+04
-7.0000e-01   -1.4008e-05   4.9972e+04
-7.1000e-01   -1.4104e-05   5.0341e+04
-7.2000e-01   -1.4199e-05   5.0709e+04
-7.3000e-01   -1.4292e-05   5.1079e+04
-7.4000e-01   -1.4383e-05   5.1449e+04
-7.5000e-01   -1.4473e-05   5.1821e+04
-7.6000e-01   -1.4560e-05   5.2197e+04
-7.7000e-01   -1.4647e-05   5.2572e+04
-7.8000e-01   -1.4731e-05   5.2948e+04
-7.9000e-01   -1.4814e-05   5.3328e+04
-8.0000e-01   -1.4896e-05   5.3706e+04
-8.1000e-01   -1.4976e-05   5.4087e+04
-8.2000e-01   -1.5055e-05   5.4467e+04
-8.3000e-01   -1.5133e-05   5.4849e+04
-8.4000e-01   -1.5208e-05   5.5233e+04
-8.5000e-01   -1.5289e-05   5.5597e+04
-8.6000e-01   -1.5363e-05   5.5980e+04
-8.7000e-01   -1.5434e-05   5.6370e+04
-8.8000e-01   -1.5505e-05   5.6757e+04
-8.9000e-01   -1.5574e-05   5.7147e+04
-9.0000e-01   -1.5643e-05   5.7536e+04
-9.1000e-01   -1.5709e-05   5.7927e+04
-9.2000e-01   -1.5775e-05   5.8320e+04
-9.3000e-01   -1.5840e-05   5.8712e+04
-9.4000e-01   -1.5904e-05   5.9103e+04
-9.5000e-01   -1.5967e-05   5.9497e+04
-9.6000e-01   -1.6028e-05   5.9894e+04
-9.7000e-01   -1.6089e-05   6.0290e+04
-9.8000e-01   -1.6149e-05   6.0684e+04
-9.9000e-01   -1.6207e-05   6.1084e+04
-1.0000e+00   -1.6266e-05   6.1479e+04
-1.0100e+00   -1.6322e-05   6.1879e+04
-1.0200e+00   -1.6378e-05   6.2280e+04
-1.0300e+00   -1.6437e-05   6.2665e+04
-1.0400e+00   -1.6491e-05   6.3063e+04
-1.0500e+00   -1.6544e-05   6.3466e+04
-1.0600e+00   -1.6596e-05   6.3869e+04
-1.0700e+00   -1.6647e-05   6.4274e+04
-1.0800e+00   -1.6698e-05   6.4677e+04
-1.0900e+00   -1.6748e-05   6.5082e+04
-1.1000e+00   -1.6797e-05   6.5490e+04
-1.1100e+00   -1.6844e-05   6.5899e+04
-1.1200e+00   -1.6892e-05   6.6302e+04
-1.1300e+00   -1.6938e-05   6.6712e+04
-1.1400e+00   -1.6985e-05   6.7119e+04
-1.1500e+00   -1.7030e-05   6.7527e+04
-1.1600e+00   -1.7074e-05   6.7940e+04
-1.1700e+00   -1.7118e-05   6.8349e+04
-1.1800e+00   -1.7162e-05   6.8757e+04
-1.1900e+00   -1.7205e-05   6.9166e+04
-1.2000e+00   -1.7247e-05   6.9576e+04
-1.2100e+00   -1.7292e-05   6.9974e+04
-1.2200e+00   -1.7333e-05   7.0386e+04
-1.2300e+00   -1.7374e-05   7.0796e+04
-1.2400e+00   -1.7413e-05   7.1210e+04
-1.2500e+00   -1.7453e-05   7.1621e+04
-1.2600e+00   -1.7492e-05   7.2033e+04
-1.2700e+00   -1.7530e-05   7.2447e+04
-1.2800e+00   -1.7567e-05   7.2865e+04
-1.2900e+00   -1.7604e-05   7.3278e+04
-1.3000e+00   -1.7641e-05   7.3692e+04
-1.3100e+00   -1.7677e-05   7.4106e+04
-1.3200e+00   -1.7713e-05   7.4520e+04
-1.3300e+00   -1.7748e-05   7.4937e+04
-1.3400e+00   -1.7784e-05   7.5350e+04
-1.3500e+00   -1.7819e-05   7.5761e+04
-1.3600e+00   -1.7852e-05   7.6182e+04
-1.3700e+00   -1.7886e-05   7.6595e+04
-1.3800e+00   -1.7919e-05   7.7015e+04
-1.3900e+00   -1.7954e-05   7.7419e+04
-1.4000e+00   -1.7986e-05   7.7838e+04
-1.4100e+00   -1.8019e-05   7.8251e+04
-1.4200e+00   -1.8051e-05   7.8666e+04
-1.4300e+00   -1.8082e-05   7.9085e+04
-1.4400e+00   -1.8115e-05   7.9494e+04
-1.4500e+00   -1.8145e-05   7.9912e+04
-1.4600e+00   -1.8175e-05   8.0331e+04
-1.4700e+00   -1.8204e-05   8.0750e+04
-1.4800e+00   -1.8234e-05   8.1166e+04
-1.4900e+00   -1.8265e-05   8.1578e+04
-1.5000e+00   -1.8294e-05   8.1995e+04
-1.5100e+00   -1.8322e-05   8.2414e+04
-1.5200e+00   -1.8350e-05   8.2834e+04
-1.5300e+00   -1.8378e-05   8.3252e+04
-1.5400e+00   -1.8405e-05   8.3672e+04
-1.5500e+00   -1.8434e-05   8.4086e+04
-1.5600e+00   -1.8461e-05   8.4502e+04
-1.5700e+00   -1.8491e-05   8.4906e+04
-1.5800e+00   -1.8518e-05   8.5323e+04
-1.5900e+00   -1.8544e-05   8.5743e+04
-1.6000e+00   -1.8570e-05   8.6161e+04
-1.6100e+00   -1.8596e-05   8.6579e+04
-1.6200e+00   -1.8622e-05   8.6993e+04
-1.6300e+00   -1.8648e-05   8.7407e+04
-1.6400e+00   -1.8672e-05   8.7830e+04
-1.6500e+00   -1.8698e-05   8.8247e+04
-1.6600e+00   -1.8723e-05   8.8661e+04
-1.6700e+00   -1.8748e-05   8.9078e+04
-1.6800e+00   -1.8773e-05   8.9492e+04
-1.6900e+00   -1.8796e-05   8.9912e+04
-1.7000e+00   -1.8821e-05   9.0327e+04
-1.7100e+00   -1.8844e-05   9.0745e+04
-1.7200e+00   -1.8868e-05   9.1162e+04
-1.7300e+00   -1.8891e-05   9.1577e+04
-1.7400e+00   -1.8915e-05   9.1991e+04
-1.7500e+00   -1.8939e-05   9.2403e+04
-1.7600e+00   -1.8961e-05   9.2821e+04
-1.7700e+00   -1.8984e-05   9.3237e+04
-1.7800e+00   -1.9007e-05   9.3649e+04
-1.7900e+00   -1.9030e-05   9.4064e+04
-1.8000e+00   -1.9052e-05   9.4479e+04
-1.8100e+00   -1.9074e-05   9.4892e+04
-1.8200e+00   -1.9097e-05   9.5303e+04
-1.8300e+00   -1.9119e-05   9.5715e+04
-1.8400e+00   -1.9141e-05   9.6130e+04
-1.8500e+00   -1.9162e-05   9.6545e+04
-1.8600e+00   -1.9184e-05   9.6957e+04
-1.8700e+00   -1.9206e-05   9.7368e+04
-1.8800e+00   -1.9226e-05   9.7782e+04
-1.8900e+00   -1.9246e-05   9.8200e+04
-1.9000e+00   -1.9269e-05   9.8606e+04
-1.9100e+00   -1.9290e-05   9.9018e+04
-1.9200e+00   -1.9310e-05   9.9431e+04
-1.9300e+00   -1.9332e-05   9.9836e+04
-1.9400e+00   -1.9352e-05   1.0025e+05
-1.9500e+00   -1.9372e-05   1.0066e+05
-1.9600e+00   -1.9393e-05   1.0106e+05
-1.9700e+00   -1.9413e-05   1.0148e+05
-1.9800e+00   -1.9433e-05   1.0189e+05
-1.9900e+00   -1.9454e-05   1.0229e+05
-2.0000e+00   -1.9473e-05   1.0271e+05
-2.0100e+00   -1.9492e-05   1.0312e+05
-2.0200e+00   -1.9511e-05   1.0353e+05
-2.0300e+00   -1.9529e-05   1.0395e+05
-2.0400e+00   -1.9549e-05   1.0435e+05
-2.0500e+00   -1.9568e-05   1.0476e+05
-2.0600e+00   -1.9588e-05   1.0517e+05
-2.0700e+00   -1.9607e-05   1.0558e+05
-2.0800e+00   -1.9626e-05   1.0598e+05
-2.0900e+00   -1.9645e-05   1.0639e+05
-2.1000e+00   -1.9665e-05   1.0679e+05
-2.1100e+00   -1.9684e-05   1.0720e+05
-2.1200e+00   -1.9702e-05   1.0760e+05
-2.1300e+00   -1.9720e-05   1.0801e+05
-2.1400e+00   -1.9738e-05   1.0842e+05
-2.1500e+00   -1.9756e-05   1.0883e+05
-2.1600e+00   -1.9774e-05   1.0923e+05
-2.1700e+00   -1.9793e-05   1.0964e+05
-2.1800e+00   -1.9811e-05   1.1004e+05
-2.1900e+00   -1.9829e-05   1.1045e+05
-2.2000e+00   -1.9847e-05   1.1085e+05
-2.2100e+00   -1.9864e-05   1.1126e+05
-2.2200e+00   -1.9882e-05   1.1166e+05
-2.2300e+00   -1.9900e-05   1.1206e+05
-2.2400e+00   -1.9917e-05   1.1247e+05
-2.2500e+00   -1.9935e-05   1.1287e+05
-2.2600e+00   -1.9952e-05   1.1327e+05
-2.2700e+00   -1.9970e-05   1.1367e+05
-2.2800e+00   -1.9988e-05   1.1407e+05
-2.2900e+00   -2.0006e-05   1.1447e+05
-2.3000e+00   -2.0023e-05   1.1487e+05
-2.3100e+00   -2.0041e-05   1.1527e+05
-2.3200e+00   -2.0058e-05   1.1567e+05
-2.3300e+00   -2.0075e-05   1.1606e+05
-2.3400e+00   -2.0091e-05   1.1647e+05
-2.3500e+00   -2.0108e-05   1.1687e+05
-2.3600e+00   -2.0125e-05   1.1727e+05
-2.3700e+00   -2.0141e-05   1.1767e+05
-2.3800e+00   -2.0157e-05   1.1807e+05
-2.3900e+00   -2.0174e-05   1.1847e+05
-2.4000e+00   -2.0190e-05   1.1887e+05
-2.4100e+00   -2.0207e-05   1.1927e+05
-2.4200e+00   -2.0223e-05   1.1967e+05
-2.4300e+00   -2.0239e-05   1.2006e+05
-2.4400e+00   -2.0256e-05   1.2046e+05
-2.4500e+00   -2.0271e-05   1.2086e+05
-2.4600e+00   -2.0287e-05   1.2126e+05
-2.4700e+00   -2.0303e-05   1.2166e+05
-2.4800e+00   -2.0320e-05   1.2205e+05
-2.4900e+00   -2.0336e-05   1.2244e+05
-2.5000e+00   -2.0351e-05   1.2284e+05
-2.5100e+00   -2.0368e-05   1.2323e+05
-2.5200e+00   -2.0384e-05   1.2362e+05
-2.5300e+00   -2.0400e-05   1.2402e+05
-2.5400e+00   -2.0415e-05   1.2442e+05
-2.5500e+00   -2.0432e-05   1.2481e+05
-2.5600e+00   -2.0447e-05   1.2520e+05
-2.5700e+00   -2.0464e-05   1.2559e+05
-2.5800e+00   -2.0479e-05   1.2598e+05
-2.5900e+00   -2.0494e-05   1.2638e+05
-2.6000e+00   -2.0510e-05   1.2677e+05
-2.6100e+00   -2.0525e-05   1.2716e+05
-2.6200e+00   -2.0542e-05   1.2755e+05
-2.6300e+00   -2.0556e-05   1.2794e+05
-2.6400e+00   -2.0572e-05   1.2833e+05
-2.6500e+00   -2.0588e-05   1.2871e+05
-2.6600e+00   -2.0603e-05   1.2911e+05
-2.6700e+00   -2.0618e-05   1.2950e+05
-2.6800e+00   -2.0634e-05   1.2989e+05
-2.6900e+00   -2.0648e-05   1.3028e+05
-2.7000e+00   -2.0664e-05   1.3066e+05
-2.7100e+00   -2.0679e-05   1.3105e+05
-2.7200e+00   -2.0694e-05   1.3144e+05
-2.7300e+00   -2.0710e-05   1.3182e+05
-2.7400e+00   -2.0724e-05   1.3221e+05
-2.7500e+00   -2.0739e-05   1.3260e+05
-2.7600e+00   -2.0754e-05   1.3299e+05
-2.7700e+00   -2.0769e-05   1.3337e+05
-2.7800e+00   -2.0785e-05   1.3375e+05
-2.7900e+00   -2.0799e-05   1.3414e+05
-2.8000e+00   -2.0814e-05   1.3452e+05
-2.8100e+00   -2.0829e-05   1.3491e+05
-2.8200e+00   -2.0844e-05   1.3529e+05
-2.8300e+00   -2.0860e-05   1.3567e+05
-2.8400e+00   -2.0874e-05   1.3605e+05
-2.8500e+00   -2.0888e-05   1.3644e+05
-2.8600e+00   -2.0904e-05   1.3682e+05
-2.8700e+00   -2.0918e-05   1.3720e+05
-2.8800e+00   -2.0933e-05   1.3758e+05
-2.8900e+00   -2.0947e-05   1.3797e+05
-2.9000e+00   -2.0962e-05   1.3834e+05
-2.9100e+00   -2.0976e-05   1.3873e+05
-2.9200e+00   -2.0992e-05   1.3910e+05
-2.9300e+00   -2.1006e-05   1.3948e+05
-2.9400e+00   -2.1020e-05   1.3986e+05
-2.9500e+00   -2.1035e-05   1.4024e+05
-2.9600e+00   -2.1049e-05   1.4062e+05
-2.9700e+00   -2.1064e-05   1.4100e+05
-2.9800e+00   -2.1078e-05   1.4138e+05
-2.9900e+00   -2.1094e-05   1.4175e+05
-3.0000e+00   -2.1109e-05   1.4212e+05
-3.0100e+00   -2.1123e-05   1.4250e+05
-3.0200e+00   -2.1137e-05   1.4288e+05
-3.0300e+00   -2.1151e-05   1.4326e+05
-3.0400e+00   -2.1165e-05   1.4363e+05
-3.0500e+00   -2.1179e-05   1.4401e+05
-3.0600e+00   -2.1194e-05   1.4438e+05
-3.0700e+00   -2.1209e-05   1.4475e+05
-3.0800e+00   -2.1222e-05   1.4513e+05
-3.0900e+00   -2.1236e-05   1.4551e+05
-3.1000e+00   -2.1250e-05   1.4588e+05
-3.1100e+00   -2.1264e-05   1.4626e+05
-3.1200e+00   -2.1279e-05   1.4662e+05
-3.1300e+00   -2.1293e-05   1.4700e+05
-3.1400e+00   -2.1306e-05   1.4737e+05
-3.1500e+00   -2.1320e-05   1.4775e+05
-3.1600e+00   -2.1335e-05   1.4812e+05
-3.1700e+00   -2.1349e-05   1.4849e+05
-3.1800e+00   -2.1364e-05   1.4885e+05
-3.1900e+00   -2.1378e-05   1.4922e+05
-3.2000e+00   -2.1392e-05   1.4959e+05
-3.2100e+00   -2.1405e-05   1.4996e+05
-3.2200e+00   -2.1420e-05   1.5033e+05
-3.2300e+00   -2.1433e-05   1.5070e+05
-3.2400e+00   -2.1447e-05   1.5107e+05
-3.2500e+00   -2.1462e-05   1.5143e+05
-3.2600e+00   -2.1475e-05   1.5181e+05
-3.2700e+00   -2.1489e-05   1.5217e+05
-3.2800e+00   -2.1505e-05   1.5253e+05
-3.2900e+00   -2.1518e-05   1.5289e+05
-3.3000e+00   -2.1532e-05   1.5326e+05
-3.3100e+00   -2.1546e-05   1.5363e+05
-3.3200e+00   -2.1560e-05   1.5399e+05
-3.3300e+00   -2.1575e-05   1.5435e+05
-3.3400e+00   -2.1589e-05   1.5471e+05
-3.3500e+00   -2.1602e-05   1.5508e+05
-3.3600e+00   -2.1617e-05   1.5543e+05
-3.3700e+00   -2.1630e-05   1.5580e+05
-3.3800e+00   -2.1645e-05   1.5616e+05
-3.3900e+00   -2.1659e-05   1.5652e+05
-3.4000e+00   -2.1672e-05   1.5689e+05
-3.4100e+00   -2.1686e-05   1.5725e+05
-3.4200e+00   -2.1700e-05   1.5761e+05
-3.4300e+00   -2.1713e-05   1.5797e+05
-3.4400e+00   -2.1727e-05   1.5833e+05
-3.4500e+00   -2.1741e-05   1.5869e+05
-3.4600e+00   -2.1755e-05   1.5905e+05
-3.4700e+00   -2.1769e-05   1.5940e+05
-3.4800e+00   -2.1782e-05   1.5976e+05
-3.4900e+00   -2.1796e-05   1.6012e+05
-3.5000e+00   -2.1810e-05   1.6048e+05
-3.5100e+00   -2.1822e-05   1.6084e+05
-3.5200e+00   -2.1837e-05   1.6120e+05
-3.5300e+00   -2.1850e-05   1.6156e+05
-3.5400e+00   -2.1865e-05   1.6190e+05
-3.5500e+00   -2.1878e-05   1.6226e+05
-3.5600e+00   -2.1892e-05   1.6261e+05
-3.5700e+00   -2.1906e-05   1.6297e+05
-3.5800e+00   -2.1920e-05   1.6332e+05
-3.5900e+00   -2.1934e-05   1.6367e+05
-3.6000e+00   -2.1947e-05   1.6403e+05
-3.6100e+00   -2.1960e-05   1.6439e+05
-3.6200e+00   -2.1974e-05   1.6474e+05
-3.6300e+00   -2.1988e-05   1.6509e+05
-3.6400e+00   -2.2001e-05   1.6544e+05
-3.6500e+00   -2.2015e-05   1.6580e+05
-3.6600e+00   -2.2027e-05   1.6616e+05
-3.6700e+00   -2.2042e-05   1.6650e+05
-3.6800e+00   -2.2055e-05   1.6685e+05
-3.6900e+00   -2.2069e-05   1.6721e+05
-3.7000e+00   -2.2082e-05   1.6756e+05
-3.7100e+00   -2.2094e-05   1.6792e+05
-3.7200e+00   -2.2109e-05   1.6826e+05
-3.7300e+00   -2.2123e-05   1.6861e+05
-3.7400e+00   -2.2136e-05   1.6896e+05
-3.7500e+00   -2.2149e-05   1.6931e+05
-3.7600e+00   -2.2164e-05   1.6964e+05
-3.7700e+00   -2.2178e-05   1.6999e+05
-3.7800e+00   -2.2192e-05   1.7033e+05
-3.7900e+00   -2.2205e-05   1.7068e+05
-3.8000e+00   -2.2219e-05   1.7102e+05
-3.8100e+00   -2.2233e-05   1.7137e+05
-3.8200e+00   -2.2246e-05   1.7172e+05
-3.8300e+00   -2.2260e-05   1.7206e+05
-3.8400e+00   -2.2273e-05   1.7240e+05
-3.8500e+00   -2.2287e-05   1.7274e+05
-3.8600e+00   -2.2299e-05   1.7310e+05
-3.8700e+00   -2.2314e-05   1.7343e+05
-3.8800e+00   -2.2328e-05   1.7378e+05
-3.8900e+00   -2.2342e-05   1.7411e+05
-3.9000e+00   -2.2355e-05   1.7446e+05
-3.9100e+00   -2.2368e-05   1.7481e+05
-3.9200e+00   -2.2382e-05   1.7514e+05
-3.9300e+00   -2.2395e-05   1.7548e+05
-3.9400e+00   -2.2408e-05   1.7583e+05
-3.9500e+00   -2.2422e-05   1.7617e+05
-3.9600e+00   -2.2436e-05   1.7650e+05
-3.9700e+00   -2.2450e-05   1.7684e+05
-3.9800e+00   -2.2463e-05   1.7718e+05
-3.9900e+00   -2.2478e-05   1.7751e+05
-4.0000e+00   -2.2490e-05   1.7786e+05
-4.0100e+00   -2.2504e-05   1.7819e+05
-4.0200e+00   -2.2519e-05   1.7852e+05
-4.0300e+00   -2.2531e-05   1.7887e+05
-4.0400e+00   -2.2545e-05   1.7919e+05
-4.0500e+00   -2.2559e-05   1.7953e+05
-4.0600e+00   -2.2573e-05   1.7986e+05
-4.0700e+00   -2.2586e-05   1.8020e+05
-4.0800e+00   -2.2600e-05   1.8053e+05
-4.0900e+00   -2.2613e-05   1.8087e+05
-4.1000e+00   -2.2627e-05   1.8120e+05
-4.1100e+00   -2.2640e-05   1.8154e+05
-4.1200e+00   -2.2654e-05   1.8187e+05
-4.1300e+00   -2.2667e-05   1.8220e+05
-4.1400e+00   -2.2681e-05   1.8253e+05
-4.1500e+00   -2.2695e-05   1.8286e+05
-4.1600e+00   -2.2709e-05   1.8319e+05
-4.1700e+00   -2.2722e-05   1.8352e+05
-4.1800e+00   -2.2736e-05   1.8385e+05
-4.1900e+00   -2.2749e-05   1.8418e+05
-4.2000e+00   -2.2764e-05   1.8450e+05
-4.2100e+00   -2.2778e-05   1.8483e+05
-4.2200e+00   -2.2790e-05   1.8517e+05
-4.2300e+00   -2.2805e-05   1.8549e+05
-4.2400e+00   -2.2818e-05   1.8582e+05
-4.2500e+00   -2.2831e-05   1.8615e+05
-4.2600e+00   -2.2845e-05   1.8647e+05
-4.2700e+00   -2.2859e-05   1.8680e+05
-4.2800e+00   -2.2872e-05   1.8713e+05
-4.2900e+00   -2.2886e-05   1.8745e+05
-4.3000e+00   -2.2899e-05   1.8778e+05
-4.3100e+00   -2.2914e-05   1.8809e+05
-4.3200e+00   -2.2928e-05   1.8841e+05
-4.3300e+00   -2.2942e-05   1.8874e+05
-4.3400e+00   -2.2955e-05   1.8907e+05
-4.3500e+00   -2.2969e-05   1.8939e+05
-4.3600e+00   -2.2983e-05   1.8971e+05
-4.3700e+00   -2.2996e-05   1.9004e+05
-4.3800e+00   -2.3009e-05   1.9036e+05
-4.3900e+00   -2.3024e-05   1.9067e+05
-4.4000e+00   -2.3037e-05   1.9100e+05
-4.4100e+00   -2.3050e-05   1.9133e+05
-4.4200e+00   -2.3063e-05   1.9165e+05
-4.4300e+00   -2.3078e-05   1.9196e+05
-4.4400e+00   -2.3092e-05   1.9227e+05
-4.4500e+00   -2.3105e-05   1.9260e+05
-4.4600e+00   -2.3117e-05   1.9293e+05
-4.4700e+00   -2.3132e-05   1.9324e+05
-4.4800e+00   -2.3145e-05   1.9356e+05
-4.4900e+00   -2.3158e-05   1.9388e+05
-4.5000e+00   -2.3172e-05   1.9420e+05
-4.5100e+00   -2.3186e-05   1.9452e+05
-4.5200e+00   -2.3200e-05   1.9483e+05
-4.5300e+00   -2.3212e-05   1.9516e+05
-4.5400e+00   -2.3226e-05   1.9547e+05
-4.5500e+00   -2.3241e-05   1.9578e+05
-4.5600e+00   -2.3254e-05   1.9610e+05
-4.5700e+00   -2.3268e-05   1.9641e+05
-4.5800e+00   -2.3281e-05   1.9673e+05
-4.5900e+00   -2.3294e-05   1.9705e+05
-4.6000e+00   -2.3307e-05   1.9737e+05
-4.6100e+00   -2.3320e-05   1.9768e+05
-4.6200e+00   -2.3334e-05   1.9800e+05
-4.6300e+00   -2.3348e-05   1.9831e+05
-4.6400e+00   -2.3361e-05   1.9862e+05
-4.6500e+00   -2.3375e-05   1.9893e+05
-4.6600e+00   -2.3389e-05   1.9924e+05
-4.6700e+00   -2.3401e-05   1.9957e+05
-4.6800e+00   -2.3415e-05   1.9987e+05
-4.6900e+00   -2.3429e-05   2.0018e+05
-4.7000e+00   -2.3442e-05   2.0049e+05
-4.7100e+00   -2.3456e-05   2.0080e+05
-4.7200e+00   -2.3470e-05   2.0111e+05
-4.7300e+00   -2.3484e-05   2.0142e+05
-4.7400e+00   -2.3497e-05   2.0173e+05
-4.7500e+00   -2.3510e-05   2.0204e+05
-4.7600e+00   -2.3524e-05   2.0234e+05
-4.7700e+00   -2.3538e-05   2.0265e+05
-4.7800e+00   -2.3551e-05   2.0296e+05
-4.7900e+00   -2.3564e-05   2.0327e+05
-4.8000e+00   -2.3579e-05   2.0358e+05
-4.8100e+00   -2.3592e-05   2.0388e+05
-4.8200e+00   -2.3605e-05   2.0419e+05
-4.8300e+00   -2.3619e-05   2.0450e+05
-4.8400e+00   -2.3632e-05   2.0481e+05
-4.8500e+00   -2.3646e-05   2.0511e+05
-4.8600e+00   -2.3659e-05   2.0542e+05
-4.8700e+00   -2.3673e-05   2.0572e+05
-4.8800e+00   -2.3686e-05   2.0603e+05
-4.8900e+00   -2.3699e-05   2.0634e+05
-4.9000e+00   -2.3713e-05   2.0664e+05
-4.9100e+00   -2.3726e-05   2.0694e+05
-4.9200e+00   -2.3740e-05   2.0725e+05
-4.9300e+00   -2.3753e-05   2.0755e+05
-4.9400e+00   -2.3769e-05   2.0784e+05
-4.9500e+00   -2.3782e-05   2.0814e+05
-4.9600e+00   -2.3794e-05   2.0845e+05
-4.9700e+00   -2.3808e-05   2.0875e+05
-4.9800e+00   -2.3822e-05   2.0905e+05
-4.9900e+00   -2.3836e-05   2.0935e+05
-5.0000e+00   -2.3849e-05   2.0965e+05
-5.0100e+00   -2.3863e-05   2.0995e+05
-5.0200e+00   -2.3876e-05   2.1025e+05
-5.0300e+00   -2.3889e-05   2.1056e+05
-5.0400e+00   -2.3902e-05   2.1086e+05
-5.0500e+00   -2.3916e-05   2.1116e+05
-5.0600e+00   -2.3929e-05   2.1146e+05
-5.0700e+00   -2.3943e-05   2.1176e+05
-5.0800e+00   -2.3957e-05   2.1205e+05
-5.0900e+00   -2.3970e-05   2.1235e+05
-5.1000e+00   -2.3983e-05   2.1265e+05
-5.1100e+00   -2.3997e-05   2.1294e+05
-5.1200e+00   -2.4011e-05   2.1323e+05
-5.1300e+00   -2.4024e-05   2.1353e+05
-5.1400e+00   -2.4038e-05   2.1383e+05
-5.1500e+00   -2.4051e-05   2.1413e+05
-5.1600e+00   -2.4065e-05   2.1442e+05
-5.1700e+00   -2.4077e-05   2.1473e+05
-5.1800e+00   -2.4091e-05   2.1502e+05
-5.1900e+00   -2.4104e-05   2.1532e+05
-5.2000e+00   -2.4117e-05   2.1561e+05
-5.2100e+00   -2.4132e-05   2.1590e+05
-5.2200e+00   -2.4146e-05   2.1618e+05
-5.2300e+00   -2.4159e-05   2.1648e+05
-5.2400e+00   -2.4172e-05   2.1678e+05
-5.2500e+00   -2.4186e-05   2.1707e+05
-5.2600e+00   -2.4200e-05   2.1735e+05
-5.2700e+00   -2.4213e-05   2.1765e+05
-5.2800e+00   -2.4227e-05   2.1794e+05
-5.2900e+00   -2.4240e-05   2.1823e+05
-5.3000e+00   -2.4253e-05   2.1853e+05
-5.3100e+00   -2.4267e-05   2.1882e+05
-5.3200e+00   -2.4281e-05   2.1910e+05
-5.3300e+00   -2.4294e-05   2.1939e+05
-5.3400e+00   -2.4308e-05   2.1968e+05
-5.3500e+00   -2.4322e-05   2.1997e+05
-5.3600e+00   -2.4336e-05   2.2025e+05
-5.3700e+00   -2.4348e-05   2.2055e+05
-5.3800e+00   -2.4362e-05   2.2084e+05
-5.3900e+00   -2.4376e-05   2.2112e+05
-5.4000e+00   -2.4389e-05   2.2141e+05
-5.4100e+00   -2.4403e-05   2.2170e+05
-5.4200e+00   -2.4415e-05   2.2199e+05
-5.4300e+00   -2.4430e-05   2.2227e+05
-5.4400e+00   -2.4443e-05   2.2255e+05
-5.4500e+00   -2.4458e-05   2.2283e+05
-5.4600e+00   -2.4471e-05   2.2312e+05
-5.4700e+00   -2.4485e-05   2.2340e+05
-5.4800e+00   -2.4498e-05   2.2369e+05
-5.4900e+00   -2.4512e-05   2.2397e+05
-5.5000e+00   -2.4526e-05   2.2426e+05
-5.5100e+00   -2.4540e-05   2.2454e+05
-5.5200e+00   -2.4553e-05   2.2482e+05
-5.5300e+00   -2.4566e-05   2.2511e+05
-5.5400e+00   -2.4580e-05   2.2539e+05
-5.5500e+00   -2.4593e-05   2.2567e+05
-5.5600e+00   -2.4607e-05   2.2595e+05
-5.5700e+00   -2.4620e-05   2.2624e+05
-5.5800e+00   -2.4634e-05   2.2652e+05
-5.5900e+00   -2.4648e-05   2.2680e+05
-5.6000e+00   -2.4662e-05   2.2707e+05
-5.6100e+00   -2.4676e-05   2.2735e+05
-5.6200e+00   -2.4689e-05   2.2763e+05
-5.6300e+00   -2.4703e-05   2.2791e+05
-5.6400e+00   -2.4716e-05   2.2819e+05
-5.6500e+00   -2.4730e-05   2.2847e+05
-5.6600e+00   -2.4745e-05   2.2874e+05
-5.6700e+00   -2.4756e-05   2.2903e+05
-5.6800e+00   -2.4771e-05   2.2930e+05
-5.6900e+00   -2.4783e-05   2.2959e+05
-5.7000e+00   -2.4798e-05   2.2986e+05
-5.7100e+00   -2.4813e-05   2.3012e+05
-5.7200e+00   -2.4825e-05   2.3042e+05
-5.7300e+00   -2.4840e-05   2.3068e+05
-5.7400e+00   -2.4853e-05   2.3096e+05
-5.7500e+00   -2.4867e-05   2.3123e+05
-5.7600e+00   -2.4880e-05   2.3151e+05
-5.7700e+00   -2.4894e-05   2.3178e+05
-5.7800e+00   -2.4908e-05   2.3206e+05
-5.7900e+00   -2.4921e-05   2.3233e+05
-5.8000e+00   -2.4935e-05   2.3260e+05
-5.8100e+00   -2.4949e-05   2.3287e+05
-5.8200e+00   -2.4962e-05   2.3316e+05
-5.8300e+00   -2.4976e-05   2.3343e+05
-5.8400e+00   -2.4989e-05   2.3370e+05
-5.8500e+00   -2.5003e-05   2.3397e+05
-5.8600e+00   -2.5017e-05   2.3424e+05
-5.8700e+00   -2.5030e-05   2.3452e+05
-5.8800e+00   -2.5044e-05   2.3478e+05
-5.8900e+00   -2.5058e-05   2.3505e+05
-5.9000e+00   -2.5072e-05   2.3532e+05
-5.9100e+00   -2.5086e-05   2.3559e+05
-5.9200e+00   -2.5100e-05   2.3586e+05
-5.9300e+00   -2.5113e-05   2.3613e+05
-5.9400e+00   -2.5126e-05   2.3641e+05
-5.9500e+00   -2.5140e-05   2.3668e+05
-5.9600e+00   -2.5153e-05   2.3695e+05
-5.9700e+00   -2.5166e-05   2.3722e+05
-5.9800e+00   -2.5181e-05   2.3748e+05
-5.9900e+00   -2.5195e-05   2.3774e+05
-6.0000e+00   -2.5209e-05   2.3801e+05
-6.0100e+00   -2.5222e-05   2.3828e+05
-6.0200e+00   -2.5236e-05   2.3855e+05
-6.0300e+00   -2.5250e-05   2.3881e+05
-6.0400e+00   -2.5265e-05   2.3907e+05
-6.0500e+00   -2.5278e-05   2.3933e+05
-6.0600e+00   -2.5291e-05   2.3961e+05
-6.0700e+00   -2.5306e-05   2.3986e+05
-6.0800e+00   -2.5320e-05   2.4013e+05
-6.0900e+00   -2.5334e-05   2.4039e+05
-6.1000e+00   -2.5349e-05   2.4064e+05
-6.1100e+00   -2.5362e-05   2.4092e+05
-6.1200e+00   -2.5376e-05   2.4118e+05
-6.1300e+00   -2.5389e-05   2.4144e+05
-6.1400e+00   -2.5404e-05   2.4170e+05
-6.1500e+00   -2.5418e-05   2.4196e+05
-6.1600e+00   -2.5432e-05   2.4221e+05
-6.1700e+00   -2.5445e-05   2.4248e+05
-6.1800e+00   -2.5459e-05   2.4275e+05
-6.1900e+00   -2.5472e-05   2.4301e+05
-6.2000e+00   -2.5485e-05   2.4328e+05
-6.2100e+00   -2.5500e-05   2.4353e+05
-6.2200e+00   -2.5514e-05   2.4378e+05
-6.2300e+00   -2.5529e-05   2.4404e+05
-6.2400e+00   -2.5542e-05   2.4431e+05
-6.2500e+00   -2.5556e-05   2.4456e+05
-6.2600e+00   -2.5570e-05   2.4482e+05
-6.2700e+00   -2.5583e-05   2.4508e+05
-6.2800e+00   -2.5598e-05   2.4533e+05
-6.2900e+00   -2.5613e-05   2.4558e+05
-6.3000e+00   -2.5625e-05   2.4586e+05
-6.3100e+00   -2.5638e-05   2.4612e+05
-6.3200e+00   -2.5653e-05   2.4637e+05
-6.3300e+00   -2.5667e-05   2.4662e+05
-6.3400e+00   -2.5681e-05   2.4688e+05
-6.3500e+00   -2.5694e-05   2.4714e+05
-6.3600e+00   -2.5708e-05   2.4739e+05
-6.3700e+00   -2.5723e-05   2.4764e+05
-6.3800e+00   -2.5736e-05   2.4790e+05
-6.3900e+00   -2.5750e-05   2.4815e+05
-6.4000e+00   -2.5764e-05   2.4841e+05
-6.4100e+00   -2.5778e-05   2.4866e+05
-6.4200e+00   -2.5792e-05   2.4892e+05
-6.4300e+00   -2.5805e-05   2.4918e+05
-6.4400e+00   -2.5819e-05   2.4943e+05
-6.4500e+00   -2.5832e-05   2.4969e+05
-6.4600e+00   -2.5846e-05   2.4994e+05
-6.4700e+00   -2.5861e-05   2.5019e+05
-6.4800e+00   -2.5875e-05   2.5044e+05
-6.4900e+00   -2.5888e-05   2.5069e+05
-6.5000e+00   -2.5902e-05   2.5094e+05
-6.5100e+00   -2.5916e-05   2.5120e+05
-6.5200e+00   -2.5929e-05   2.5145e+05
-6.5300e+00   -2.5943e-05   2.5170e+05
-6.5400e+00   -2.5958e-05   2.5195e+05
-6.5500e+00   -2.5972e-05   2.5220e+05
-6.5600e+00   -2.5985e-05   2.5245e+05
-6.5700e+00   -2.6000e-05   2.5270e+05
-6.5800e+00   -2.6014e-05   2.5294e+05
-6.5900e+00   -2.6027e-05   2.5320e+05
-6.6000e+00   -2.6042e-05   2.5344e+05
-6.6100e+00   -2.6055e-05   2.5370e+05
-6.6200e+00   -2.6069e-05   2.5394e+05
-6.6300e+00   -2.6083e-05   2.5419e+05
-6.6400e+00   -2.6096e-05   2.5444e+05
-6.6500e+00   -2.6110e-05   2.5469e+05
-6.6600e+00   -2.6125e-05   2.5493e+05
-6.6700e+00   -2.6137e-05   2.5519e+05
-6.6800e+00   -2.6152e-05   2.5543e+05
-6.6900e+00   -2.6165e-05   2.5568e+05
-6.7000e+00   -2.6178e-05   2.5594e+05
-6.7100e+00   -2.6193e-05   2.5617e+05
-6.7200e+00   -2.6207e-05   2.5642e+05
-6.7300e+00   -2.6221e-05   2.5667e+05
-6.7400e+00   -2.6234e-05   2.5692e+05
-6.7500e+00   -2.6248e-05   2.5717e+05
-6.7600e+00   -2.6261e-05   2.5742e+05
-6.7700e+00   -2.6275e-05   2.5765e+05
-6.7800e+00   -2.6289e-05   2.5790e+05
-6.7900e+00   -2.6304e-05   2.5813e+05
-6.8000e+00   -2.6318e-05   2.5838e+05
-6.8100e+00   -2.6331e-05   2.5864e+05
-6.8200e+00   -2.6344e-05   2.5888e+05
-6.8300e+00   -2.6359e-05   2.5912e+05
-6.8400e+00   -2.6372e-05   2.5937e+05
-6.8500e+00   -2.6386e-05   2.5961e+05
-6.8600e+00   -2.6399e-05   2.5986e+05
-6.8700e+00   -2.6413e-05   2.6010e+05
-6.8800e+00   -2.6428e-05   2.6033e+05
-6.8900e+00   -2.6442e-05   2.6057e+05
-6.9000e+00   -2.6455e-05   2.6082e+05
-6.9100e+00   -2.6469e-05   2.6106e+05
-6.9200e+00   -2.6483e-05   2.6130e+05
-6.9300e+00   -2.6497e-05   2.6154e+05
-6.9400e+00   -2.6510e-05   2.6179e+05
-6.9500e+00   -2.6524e-05   2.6203e+05
-6.9600e+00   -2.6538e-05   2.6227e+05
-6.9700e+00   -2.6552e-05   2.6250e+05
-6.9800e+00   -2.6566e-05   2.6274e+05
-6.9900e+00   -2.6580e-05   2.6298e+05
-7.0000e+00   -2.6593e-05   2.6322e+05
-7.0100e+00   -2.6607e-05   2.6346e+05
-7.0200e+00   -2.6622e-05   2.6370e+05
-7.0300e+00   -2.6635e-05   2.6394e+05
-7.0400e+00   -2.6649e-05   2.6418e+05
-7.0500e+00   -2.6663e-05   2.6441e+05
-7.0600e+00   -2.6676e-05   2.6465e+05
-7.0700e+00   -2.6690e-05   2.6489e+05
-7.0800e+00   -2.6703e-05   2.6514e+05
-7.0900e+00   -2.6717e-05   2.6538e+05
-7.1000e+00   -2.6731e-05   2.6561e+05
-7.1100e+00   -2.6745e-05   2.6585e+05
-7.1200e+00   -2.6759e-05   2.6608e+05
-7.1300e+00   -2.6774e-05   2.6630e+05
-7.1400e+00   -2.6787e-05   2.6655e+05
-7.1500e+00   -2.6802e-05   2.6677e+05
-7.1600e+00   -2.6816e-05   2.6701e+05
-7.1700e+00   -2.6830e-05   2.6724e+05
-7.1800e+00   -2.6843e-05   2.6749e+05
-7.1900e+00   -2.6857e-05   2.6772e+05
-7.2000e+00   -2.6870e-05   2.6795e+05
-7.2100e+00   -2.6884e-05   2.6819e+05
-7.2200e+00   -2.6898e-05   2.6842e+05
-7.2300e+00   -2.6912e-05   2.6866e+05
-7.2400e+00   -2.6926e-05   2.6889e+05
-7.2500e+00   -2.6939e-05   2.6912e+05
-7.2600e+00   -2.6954e-05   2.6935e+05
-7.2700e+00   -2.6968e-05   2.6958e+05
-7.2800e+00   -2.6981e-05   2.6982e+05
-7.2900e+00   -2.6995e-05   2.7005e+05
-7.3000e+00   -2.7009e-05   2.7028e+05
-7.3100e+00   -2.7023e-05   2.7051e+05
-7.3200e+00   -2.7037e-05   2.7074e+05
-7.3300e+00   -2.7051e-05   2.7097e+05
-7.3400e+00   -2.7065e-05   2.7120e+05
-7.3500e+00   -2.7078e-05   2.7144e+05
-7.3600e+00   -2.7091e-05   2.7167e+05
-7.3700e+00   -2.7107e-05   2.7189e+05
-7.3800e+00   -2.7119e-05   2.7213e+05
-7.3900e+00   -2.7134e-05   2.7235e+05
-7.4000e+00   -2.7147e-05   2.7259e+05
-7.4100e+00   -2.7161e-05   2.7282e+05
-7.4200e+00   -2.7175e-05   2.7304e+05
-7.4300e+00   -2.7188e-05   2.7328e+05
-7.4400e+00   -2.7202e-05   2.7351e+05
-7.4500e+00   -2.7216e-05   2.7373e+05
-7.4600e+00   -2.7230e-05   2.7396e+05
-7.4700e+00   -2.7244e-05   2.7419e+05
-7.4800e+00   -2.7257e-05   2.7442e+05
-7.4900e+00   -2.7272e-05   2.7464e+05
-7.5000e+00   -2.7286e-05   2.7486e+05
-7.5100e+00   -2.7300e-05   2.7510e+05
-7.5200e+00   -2.7314e-05   2.7532e+05
-7.5300e+00   -2.7328e-05   2.7554e+05
-7.5400e+00   -2.7342e-05   2.7576e+05
-7.5500e+00   -2.7357e-05   2.7598e+05
-7.5600e+00   -2.7370e-05   2.7622e+05
-7.5700e+00   -2.7383e-05   2.7645e+05
-7.5800e+00   -2.7398e-05   2.7666e+05
-7.5900e+00   -2.7412e-05   2.7689e+05
-7.6000e+00   -2.7426e-05   2.7711e+05
-7.6100e+00   -2.7439e-05   2.7734e+05
-7.6200e+00   -2.7454e-05   2.7756e+05
-7.6300e+00   -2.7469e-05   2.7777e+05
-7.6400e+00   -2.7481e-05   2.7801e+05
-7.6500e+00   -2.7495e-05   2.7824e+05
-7.6600e+00   -2.7510e-05   2.7845e+05
-7.6700e+00   -2.7524e-05   2.7867e+05
-7.6800e+00   -2.7537e-05   2.7890e+05
-7.6900e+00   -2.7550e-05   2.7913e+05
-7.7000e+00   -2.7566e-05   2.7933e+05
-7.7100e+00   -2.7580e-05   2.7955e+05
-7.7200e+00   -2.7593e-05   2.7978e+05
-7.7300e+00   -2.7608e-05   2.7999e+05
-7.7400e+00   -2.7621e-05   2.8022e+05
-7.7500e+00   -2.7635e-05   2.8044e+05
-7.7600e+00   -2.7649e-05   2.8066e+05
-7.7700e+00   -2.7663e-05   2.8088e+05
-7.7800e+00   -2.7678e-05   2.8109e+05
-7.7900e+00   -2.7692e-05   2.8131e+05
-7.8000e+00   -2.7705e-05   2.8154e+05
-7.8100e+00   -2.7718e-05   2.8176e+05
-7.8200e+00   -2.7732e-05   2.8198e+05
-7.8300e+00   -2.7746e-05   2.8221e+05
-7.8400e+00   -2.7760e-05   2.8243e+05
-7.8500e+00   -2.7774e-05   2.8263e+05
-7.8600e+00   -2.7788e-05   2.8285e+05
-7.8700e+00   -2.7802e-05   2.8307e+05
-7.8800e+00   -2.7816e-05   2.8329e+05
-7.8900e+00   -2.7831e-05   2.8349e+05
-7.9000e+00   -2.7844e-05   2.8372e+05
-7.9100e+00   -2.7858e-05   2.8394e+05
-7.9200e+00   -2.7873e-05   2.8415e+05
-7.9300e+00   -2.7887e-05   2.8437e+05
-7.9400e+00   -2.7900e-05   2.8459e+05
-7.9500e+00   -2.7914e-05   2.8480e+05
-7.9600e+00   -2.7928e-05   2.8502e+05
-7.9700e+00   -2.7942e-05   2.8523e+05
-7.9800e+00   -2.7955e-05   2.8546e+05
-7.9900e+00   -2.7969e-05   2.8567e+05
-8.0000e+00   -2.7984e-05   2.8588e+05
-8.0100e+00   -2.7999e-05   2.8608e+05
-8.0200e+00   -2.8013e-05   2.8630e+05
-8.0300e+00   -2.8027e-05   2.8651e+05
-8.0400e+00   -2.8042e-05   2.8671e+05
-8.0500e+00   -2.8055e-05   2.8693e+05
-8.0600e+00   -2.8070e-05   2.8714e+05
-8.0700e+00   -2.8083e-05   2.8737e+05
-8.0800e+00   -2.8097e-05   2.8757e+05
-8.0900e+00   -2.8110e-05   2.8780e+05
-8.1000e+00   -2.8124e-05   2.8801e+05
-8.1100e+00   -2.8138e-05   2.8822e+05
-8.1200e+00   -2.8153e-05   2.8843e+05
-8.1300e+00   -2.8167e-05   2.8863e+05
-8.1400e+00   -2.8181e-05   2.8885e+05
-8.1500e+00   -2.8195e-05   2.8906e+05
-8.1600e+00   -2.8209e-05   2.8927e+05
-8.1700e+00   -2.8223e-05   2.8948e+05
-8.1800e+00   -2.8237e-05   2.8969e+05
-8.1900e+00   -2.8252e-05   2.8990e+05
-8.2000e+00   -2.8265e-05   2.9011e+05
-8.2100e+00   -2.8279e-05   2.9032e+05
-8.2200e+00   -2.8294e-05   2.9053e+05
-8.2300e+00   -2.8307e-05   2.9074e+05
-8.2400e+00   -2.8322e-05   2.9094e+05
-8.2500e+00   -2.8335e-05   2.9116e+05
-8.2600e+00   -2.8350e-05   2.9136e+05
-8.2700e+00   -2.8363e-05   2.9157e+05
-8.2800e+00   -2.8377e-05   2.9178e+05
-8.2900e+00   -2.8392e-05   2.9198e+05
-8.3000e+00   -2.8406e-05   2.9219e+05
-8.3100e+00   -2.8420e-05   2.9240e+05
-8.3200e+00   -2.8434e-05   2.9261e+05
-8.3300e+00   -2.8447e-05   2.9282e+05
-8.3400e+00   -2.8461e-05   2.9304e+05
-8.3500e+00   -2.8474e-05   2.9325e+05
-8.3600e+00   -2.8489e-05   2.9345e+05
-8.3700e+00   -2.8502e-05   2.9366e+05
-8.3800e+00   -2.8516e-05   2.9387e+05
-8.3900e+00   -2.8530e-05   2.9408e+05
-8.4000e+00   -2.8544e-05   2.9429e+05
-8.4100e+00   -2.8557e-05   2.9450e+05
-8.4200e+00   -2.8571e-05   2.9471e+05
-8.4300e+00   -2.8585e-05   2.9491e+05
-8.4400e+00   -2.8599e-05   2.9512e+05
-8.4500e+00   -2.8613e-05   2.9532e+05
-8.4600e+00   -2.8627e-05   2.9552e+05
-8.4700e+00   -2.8641e-05   2.9573e+05
-8.4800e+00   -2.8654e-05   2.9595e+05
-8.4900e+00   -2.8668e-05   2.9615e+05
-8.5000e+00   -2.8682e-05   2.9635e+05
-8.5100e+00   -2.8695e-05   2.9657e+05
-8.5200e+00   -2.8710e-05   2.9676e+05
-8.5300e+00   -2.8724e-05   2.9696e+05
-8.5400e+00   -2.8739e-05   2.9716e+05
-8.5500e+00   -2.8752e-05   2.9737e+05
-8.5600e+00   -2.8766e-05   2.9757e+05
-8.5700e+00   -2.8780e-05   2.9778e+05
-8.5800e+00   -2.8793e-05   2.9799e+05
-8.5900e+00   -2.8807e-05   2.9819e+05
-8.6000e+00   -2.8822e-05   2.9839e+05
-8.6100e+00   -2.8835e-05   2.9859e+05
-8.6200e+00   -2.8849e-05   2.9880e+05
-8.6300e+00   -2.8863e-05   2.9900e+05
-8.6400e+00   -2.8877e-05   2.9920e+05
-8.6500e+00   -2.8890e-05   2.9941e+05
-8.6600e+00   -2.8904e-05   2.9962e+05
-8.6700e+00   -2.8917e-05   2.9982e+05
-8.6800e+00   -2.8932e-05   3.0002e+05
-8.6900e+00   -2.8946e-05   3.0021e+05
-8.7000e+00   -2.8959e-05   3.0042e+05
-8.7100e+00   -2.8974e-05   3.0062e+05
-8.7200e+00   -2.8987e-05   3.0082e+05
-8.7300e+00   -2.9001e-05   3.0102e+05
-8.7400e+00   -2.9015e-05   3.0122e+05
-8.7500e+00   -2.9030e-05   3.0141e+05
-8.7600e+00   -2.9044e-05   3.0162e+05
-8.7700e+00   -2.9058e-05   3.0181e+05
-8.7800e+00   -2.9071e-05   3.0202e+05
-8.7900e+00   -2.9084e-05   3.0222e+05
-8.8000e+00   -2.9099e-05   3.0242e+05
-8.8100e+00   -2.9114e-05   3.0261e+05
-8.8200e+00   -2.9126e-05   3.0282e+05
-8.8300e+00   -2.9140e-05   3.0302e+05
-8.8400e+00   -2.9154e-05   3.0321e+05
-8.8500e+00   -2.9168e-05   3.0342e+05
-8.8600e+00   -2.9182e-05   3.0361e+05
-8.8700e+00   -2.9195e-05   3.0382e+05
-8.8800e+00   -2.9209e-05   3.0402e+05
-8.8900e+00   -2.9223e-05   3.0422e+05
-8.9000e+00   -2.9237e-05   3.0441e+05
-8.9100e+00   -2.9251e-05   3.0461e+05
-8.9200e+00   -2.9265e-05   3.0480e+05
-8.9300e+00   -2.9279e-05   3.0500e+05
-8.9400e+00   -2.9292e-05   3.0520e+05
-8.9500e+00   -2.9305e-05   3.0541e+05
-8.9600e+00   -2.9319e-05   3.0560e+05
-8.9700e+00   -2.9333e-05   3.0580e+05
-8.9800e+00   -2.9346e-05   3.0600e+05
-8.9900e+00   -2.9361e-05   3.0619e+05
-9.0000e+00   -2.9375e-05   3.0639e+05
-9.0100e+00   -2.9388e-05   3.0659e+05
-9.0200e+00   -2.9402e-05   3.0678e+05
-9.0300e+00   -2.9416e-05   3.0698e+05
-9.0400e+00   -2.9430e-05   3.0717e+05
-9.0500e+00   -2.9444e-05   3.0736e+05
-9.0600e+00   -2.9457e-05   3.0756e+05
-9.0700e+00   -2.9471e-05   3.0776e+05
-9.0800e+00   -2.9485e-05   3.0795e+05
-9.0900e+00   -2.9499e-05   3.0814e+05
-9.1000e+00   -2.9513e-05   3.0834e+05
-9.1100e+00   -2.9526e-05   3.0854e+05
-9.1200e+00   -2.9540e-05   3.0873e+05
-9.1300e+00   -2.9554e-05   3.0893e+05
-9.1400e+00   -2.9567e-05   3.0913e+05
-9.1500e+00   -2.9581e-05   3.0932e+05
-9.1600e+00   -2.9595e-05   3.0951e+05
-9.1700e+00   -2.9609e-05   3.0970e+05
-9.1800e+00   -2.9622e-05   3.0991e+05
-9.1900e+00   -2.9636e-05   3.1009e+05
-9.2000e+00   -2.9650e-05   3.1029e+05
-9.2100e+00   -2.9664e-05   3.1048e+05
-9.2200e+00   -2.9678e-05   3.1067e+05
-9.2300e+00   -2.9692e-05   3.1086e+05
-9.2400e+00   -2.9706e-05   3.1105e+05
-9.2500e+00   -2.9719e-05   3.1125e+05
-9.2600e+00   -2.9734e-05   3.1143e+05
-9.2700e+00   -2.9749e-05   3.1161e+05
-9.2800e+00   -2.9761e-05   3.1181e+05
-9.2900e+00   -2.9775e-05   3.1201e+05
-9.3000e+00   -2.9789e-05   3.1219e+05
-9.3100e+00   -2.9803e-05   3.1238e+05
-9.3200e+00   -2.9816e-05   3.1258e+05
-9.3300e+00   -2.9830e-05   3.1277e+05
-9.3400e+00   -2.9845e-05   3.1295e+05
-9.3500e+00   -2.9859e-05   3.1314e+05
-9.3600e+00   -2.9873e-05   3.1332e+05
-9.3700e+00   -2.9887e-05   3.1352e+05
-9.3800e+00   -2.9901e-05   3.1371e+05
-9.3900e+00   -2.9914e-05   3.1390e+05
-9.4000e+00   -2.9929e-05   3.1408e+05
-9.4100e+00   -2.9943e-05   3.1426e+05
-9.4200e+00   -2.9957e-05   3.1445e+05
-9.4300e+00   -2.9970e-05   3.1465e+05
-9.4400e+00   -2.9985e-05   3.1482e+05
-9.4500e+00   -3.0000e-05   3.1500e+05
-9.4600e+00   -3.0014e-05   3.1519e+05
-9.4700e+00   -3.0028e-05   3.1537e+05
-9.4800e+00   -3.0042e-05   3.1556e+05
-9.4900e+00   -3.0056e-05   3.1574e+05
-9.5000e+00   -3.0069e-05   3.1594e+05
-9.5100e+00   -3.0085e-05   3.1611e+05
-9.5200e+00   -3.0098e-05   3.1630e+05
-9.5300e+00   -3.0111e-05   3.1650e+05
-9.5400e+00   -3.0126e-05   3.1667e+05
-9.5500e+00   -3.0140e-05   3.1685e+05
-9.5600e+00   -3.0154e-05   3.1704e+05
-9.5700e+00   -3.0167e-05   3.1723e+05
-9.5800e+00   -3.0181e-05   3.1742e+05
-9.5900e+00   -3.0195e-05   3.1761e+05
-9.6000e+00   -3.0209e-05   3.1779e+05
-9.6100e+00   -3.0223e-05   3.1798e+05
-9.6200e+00   -3.0237e-05   3.1815e+05
-9.6300e+00   -3.0252e-05   3.1833e+05
-9.6400e+00   -3.0267e-05   3.1850e+05
-9.6500e+00   -3.0281e-05   3.1869e+05
-9.6600e+00   -3.0295e-05   3.1887e+05
-9.6700e+00   -3.0309e-05   3.1904e+05
-9.6800e+00   -3.0323e-05   3.1923e+05
-9.6900e+00   -3.0337e-05   3.1941e+05
-9.7000e+00   -3.0351e-05   3.1959e+05
-9.7100e+00   -3.0366e-05   3.1976e+05
-9.7200e+00   -3.0380e-05   3.1995e+05
-9.7300e+00   -3.0395e-05   3.2012e+05
-9.7400e+00   -3.0410e-05   3.2029e+05
-9.7500e+00   -3.0424e-05   3.2047e+05
-9.7600e+00   -3.0439e-05   3.2064e+05
-9.7700e+00   -3.0452e-05   3.2083e+05
-9.7800e+00   -3.0468e-05   3.2100e+05
-9.7900e+00   -3.0481e-05   3.2118e+05
-9.8000e+00   -3.0496e-05   3.2135e+05
-9.8100e+00   -3.0510e-05   3.2153e+05
-9.8200e+00   -3.0525e-05   3.2170e+05
-9.8300e+00   -3.0539e-05   3.2188e+05
-9.8400e+00   -3.0554e-05   3.2206e+05
-9.8500e+00   -3.0567e-05   3.2224e+05
-9.8600e+00   -3.0582e-05   3.2241e+05
-9.8700e+00   -3.0596e-05   3.2259e+05
-9.8800e+00   -3.0611e-05   3.2276e+05
-9.8900e+00   -3.0626e-05   3.2293e+05
-9.9000e+00   -3.0640e-05   3.2311e+05
-9.9100e+00   -3.0654e-05   3.2328e+05
-9.9200e+00   -3.0669e-05   3.2345e+05
-9.9300e+00   -3.0684e-05   3.2362e+05
-9.9400e+00   -3.0699e-05   3.2379e+05
-9.9500e+00   -3.0713e-05   3.2396e+05
-9.9600e+00   -3.0727e-05   3.2414e+05
-9.9700e+00   -3.0743e-05   3.2430e+05
-9.9800e+00   -3.0757e-05   3.2448e+05
-9.9900e+00   -3.0773e-05   3.2464e+05
-1.0000e+01   -3.0787e-05   3.2481e+05
-1.0000e+01   -3.0798e-05   3.2469e+05
-9.9900e+00   -3.0809e-05   3.2426e+05
-9.9800e+00   -3.0818e-05   3.2383e+05
-9.9700e+00   -3.0828e-05   3.2341e+05
-9.9600e+00   -3.0839e-05   3.2297e+05
-9.9500e+00   -3.0848e-05   3.2255e+05
-9.9400e+00   -3.0859e-05   3.2212e+05
-9.9300e+00   -3.0868e-05   3.2169e+05
-9.9200e+00   -3.0878e-05   3.2127e+05
-9.9100e+00   -3.0887e-05   3.2085e+05
-9.9000e+00   -3.0896e-05   3.2043e+05
-9.8900e+00   -3.0906e-05   3.2001e+05
-9.8800e+00   -3.0916e-05   3.1958e+05
-9.8700e+00   -3.0925e-05   3.1916e+05
-9.8600e+00   -3.0935e-05   3.1873e+05
-9.8500e+00   -3.0944e-05   3.1831e+05
-9.8400e+00   -3.0954e-05   3.1790e+05
-9.8300e+00   -3.0962e-05   3.1749e+05
-9.8200e+00   -3.0972e-05   3.1706e+05
-9.8100e+00   -3.0981e-05   3.1664e+05
-9.8000e+00   -3.0991e-05   3.1622e+05
-9.7900e+00   -3.0999e-05   3.1582e+05
-9.7800e+00   -3.1008e-05   3.1540e+05
-9.7700e+00   -3.1018e-05   3.1498e+05
-9.7600e+00   -3.1027e-05   3.1456e+05
-9.7500e+00   -3.1036e-05   3.1415e+05
-9.7400e+00   -3.1045e-05   3.1374e+05
-9.7300e+00   -3.1052e-05   3.1334e+05
-9.7200e+00   -3.1062e-05   3.1293e+05
-9.7100e+00   -3.1070e-05   3.1252e+05
-9.7000e+00   -3.1079e-05   3.1211e+05
-9.6900e+00   -3.1088e-05   3.1170e+05
-9.6800e+00   -3.1096e-05   3.1129e+05
-9.6700e+00   -3.1105e-05   3.1089e+05
-9.6600e+00   -3.1113e-05   3.1048e+05
-9.6500e+00   -3.1122e-05   3.1007e+05
-9.6400e+00   -3.1131e-05   3.0966e+05
-9.6300e+00   -3.1139e-05   3.0926e+05
-9.6200e+00   -3.1148e-05   3.0885e+05
-9.6100e+00   -3.1156e-05   3.0845e+05
-9.6000e+00   -3.1164e-05   3.0805e+05
-9.5900e+00   -3.1172e-05   3.0765e+05
-9.5800e+00   -3.1179e-05   3.0726e+05
-9.5700e+00   -3.1187e-05   3.0685e+05
-9.5600e+00   -3.1196e-05   3.0645e+05
-9.5500e+00   -3.1204e-05   3.0605e+05
-9.5400e+00   -3.1212e-05   3.0565e+05
-9.5300e+00   -3.1219e-05   3.0527e+05
-9.5200e+00   -3.1227e-05   3.0487e+05
-9.5100e+00   -3.1235e-05   3.0446e+05
-9.5000e+00   -3.1245e-05   3.0405e+05
-9.4900e+00   -3.1252e-05   3.0366e+05
-9.4800e+00   -3.1259e-05   3.0327e+05
-9.4700e+00   -3.1267e-05   3.0287e+05
-9.4600e+00   -3.1275e-05   3.0248e+05
-9.4500e+00   -3.1283e-05   3.0208e+05
-9.4400e+00   -3.1290e-05   3.0169e+05
-9.4300e+00   -3.1298e-05   3.0130e+05
-9.4200e+00   -3.1306e-05   3.0090e+05
-9.4100e+00   -3.1313e-05   3.0051e+05
-9.4000e+00   -3.1321e-05   3.0012e+05
-9.3900e+00   -3.1329e-05   2.9972e+05
-9.3800e+00   -3.1336e-05   2.9933e+05
-9.3700e+00   -3.1343e-05   2.9895e+05
-9.3600e+00   -3.1350e-05   2.9856e+05
-9.3500e+00   -3.1357e-05   2.9818e+05
-9.3400e+00   -3.1366e-05   2.9778e+05
-9.3300e+00   -3.1372e-05   2.9740e+05
-9.3200e+00   -3.1381e-05   2.9700e+05
-9.3100e+00   -3.1387e-05   2.9662e+05
-9.3000e+00   -3.1395e-05   2.9623e+05
-9.2900e+00   -3.1402e-05   2.9585e+05
-9.2800e+00   -3.1408e-05   2.9547e+05
-9.2700e+00   -3.1415e-05   2.9508e+05
-9.2600e+00   -3.1423e-05   2.9469e+05
-9.2500e+00   -3.1429e-05   2.9431e+05
-9.2400e+00   -3.1436e-05   2.9393e+05
-9.2300e+00   -3.1443e-05   2.9354e+05
-9.2200e+00   -3.1451e-05   2.9316e+05
-9.2100e+00   -3.1457e-05   2.9278e+05
-9.2000e+00   -3.1465e-05   2.9239e+05
-9.1900e+00   -3.1470e-05   2.9202e+05
-9.1800e+00   -3.1477e-05   2.9164e+05
-9.1700e+00   -3.1485e-05   2.9125e+05
-9.1600e+00   -3.1491e-05   2.9088e+05
-9.1500e+00   -3.1498e-05   2.9050e+05
-9.1400e+00   -3.1504e-05   2.9013e+05
-9.1300e+00   -3.1510e-05   2.8975e+05
-9.1200e+00   -3.1517e-05   2.8937e+05
-9.1100e+00   -3.1522e-05   2.8900e+05
-9.1000e+00   -3.1529e-05   2.8862e+05
-9.0900e+00   -3.1536e-05   2.8824e+05
-9.0800e+00   -3.1542e-05   2.8787e+05
-9.0700e+00   -3.1548e-05   2.8750e+05
-9.0600e+00   -3.1555e-05   2.8712e+05
-9.0500e+00   -3.1561e-05   2.8675e+05
-9.0400e+00   -3.1567e-05   2.8637e+05
-9.0300e+00   -3.1574e-05   2.8600e+05
-9.0200e+00   -3.1579e-05   2.8563e+05
-9.0100e+00   -3.1586e-05   2.8526e+05
-9.0000e+00   -3.1591e-05   2.8489e+05
-8.9900e+00   -3.1596e-05   2.8453e+05
-8.9800e+00   -3.1603e-05   2.8415e+05
-8.9700e+00   -3.1610e-05   2.8377e+05
-8.9600e+00   -3.1615e-05   2.8341e+05
-8.9500e+00   -3.1621e-05   2.8304e+05
-8.9400e+00   -3.1626e-05   2.8267e+05
-8.9300e+00   -3.1632e-05   2.8231e+05
-8.9200e+00   -3.1637e-05   2.8195e+05
-8.9100e+00   -3.1642e-05   2.8159e+05
-8.9000e+00   -3.1648e-05   2.8122e+05
-8.8900e+00   -3.1654e-05   2.8085e+05
-8.8800e+00   -3.1661e-05   2.8047e+05
-8.8700e+00   -3.1666e-05   2.8011e+05
-8.8600e+00   -3.1671e-05   2.7975e+05
-8.8500e+00   -3.1677e-05   2.7938e+05
-8.8400e+00   -3.1683e-05   2.7902e+05
-8.8300e+00   -3.1687e-05   2.7866e+05
-8.8200e+00   -3.1693e-05   2.7829e+05
-8.8100e+00   -3.1699e-05   2.7793e+05
-8.8000e+00   -3.1703e-05   2.7758e+05
-8.7900e+00   -3.1709e-05   2.7720e+05
-8.7800e+00   -3.1714e-05   2.7685e+05
-8.7700e+00   -3.1720e-05   2.7648e+05
-8.7600e+00   -3.1725e-05   2.7612e+05
-8.7500e+00   -3.1731e-05   2.7575e+05
-8.7400e+00   -3.1736e-05   2.7540e+05
-8.7300e+00   -3.1741e-05   2.7504e+05
-8.7200e+00   -3.1745e-05   2.7469e+05
-8.7100e+00   -3.1750e-05   2.7433e+05
-8.7000e+00   -3.1754e-05   2.7398e+05
-8.6900e+00   -3.1759e-05   2.7362e+05
-8.6800e+00   -3.1764e-05   2.7327e+05
-8.6700e+00   -3.1769e-05   2.7290e+05
-8.6600e+00   -3.1774e-05   2.7255e+05
-8.6500e+00   -3.1778e-05   2.7220e+05
-8.6400e+00   -3.1783e-05   2.7184e+05
-8.6300e+00   -3.1788e-05   2.7149e+05
-8.6200e+00   -3.1793e-05   2.7113e+05
-8.6100e+00   -3.1798e-05   2.7078e+05
-8.6000e+00   -3.1803e-05   2.7042e+05
-8.5900e+00   -3.1808e-05   2.7006e+05
-8.5800e+00   -3.1812e-05   2.6971e+05
-8.5700e+00   -3.1817e-05   2.6935e+05
-8.5600e+00   -3.1821e-05   2.6901e+05
-8.5500e+00   -3.1826e-05   2.6865e+05
-8.5400e+00   -3.1830e-05   2.6830e+05
-8.5300e+00   -3.1834e-05   2.6795e+05
-8.5200e+00   -3.1839e-05   2.6759e+05
-8.5100e+00   -3.1843e-05   2.6725e+05
-8.5000e+00   -3.1848e-05   2.6689e+05
-8.4900e+00   -3.1851e-05   2.6655e+05
-8.4800e+00   -3.1856e-05   2.6620e+05
-8.4700e+00   -3.1860e-05   2.6585e+05
-8.4600e+00   -3.1864e-05   2.6550e+05
-8.4500e+00   -3.1869e-05   2.6515e+05
-8.4400e+00   -3.1873e-05   2.6480e+05
-8.4300e+00   -3.1878e-05   2.6445e+05
-8.4200e+00   -3.1882e-05   2.6410e+05
-8.4100e+00   -3.1886e-05   2.6375e+05
-8.4000e+00   -3.1890e-05   2.6341e+05
-8.3900e+00   -3.1895e-05   2.6305e+05
-8.3800e+00   -3.1899e-05   2.6270e+05
-8.3700e+00   -3.1904e-05   2.6235e+05
-8.3600e+00   -3.1907e-05   2.6201e+05
-8.3500e+00   -3.1910e-05   2.6167e+05
-8.3400e+00   -3.1915e-05   2.6132e+05
-8.3300e+00   -3.1918e-05   2.6098e+05
-8.3200e+00   -3.1922e-05   2.6063e+05
-8.3100e+00   -3.1926e-05   2.6029e+05
-8.3000e+00   -3.1930e-05   2.5995e+05
-8.2900e+00   -3.1935e-05   2.5959e+05
-8.2800e+00   -3.1938e-05   2.5925e+05
-8.2700e+00   -3.1943e-05   2.5890e+05
-8.2600e+00   -3.1945e-05   2.5857e+05
-8.2500e+00   -3.1949e-05   2.5823e+05
-8.2400e+00   -3.1951e-05   2.5789e+05
-8.2300e+00   -3.1954e-05   2.5756e+05
-8.2200e+00   -3.1957e-05   2.5722e+05
-8.2100e+00   -3.1961e-05   2.5688e+05
-8.2000e+00   -3.1965e-05   2.5653e+05
-8.1900e+00   -3.1968e-05   2.5620e+05
-8.1800e+00   -3.1972e-05   2.5585e+05
-8.1700e+00   -3.1975e-05   2.5551e+05
-8.1600e+00   -3.1978e-05   2.5518e+05
-8.1500e+00   -3.1981e-05   2.5483e+05
-8.1400e+00   -3.1984e-05   2.5450e+05
-8.1300e+00   -3.1987e-05   2.5416e+05
-8.1200e+00   -3.1990e-05   2.5383e+05
-8.1100e+00   -3.1993e-05   2.5349e+05
-8.1000e+00   -3.1997e-05   2.5315e+05
-8.0900e+00   -3.2001e-05   2.5281e+05
-8.0800e+00   -3.2003e-05   2.5247e+05
-8.0700e+00   -3.2006e-05   2.5214e+05
-8.0600e+00   -3.2009e-05   2.5181e+05
-8.0500e+00   -3.2012e-05   2.5147e+05
-8.0400e+00   -3.2015e-05   2.5113e+05
-8.0300e+00   -3.2018e-05   2.5080e+05
-8.0200e+00   -3.2020e-05   2.5047e+05
-8.0100e+00   -3.2023e-05   2.5014e+05
-8.0000e+00   -3.2025e-05   2.4981e+05
-7.9900e+00   -3.2027e-05   2.4947e+05
-7.9800e+00   -3.2030e-05   2.4914e+05
-7.9700e+00   -3.2034e-05   2.4880e+05
-7.9600e+00   -3.2036e-05   2.4847e+05
-7.9500e+00   -3.2038e-05   2.4814e+05
-7.9400e+00   -3.2042e-05   2.4780e+05
-7.9300e+00   -3.2044e-05   2.4747e+05
-7.9200e+00   -3.2046e-05   2.4715e+05
-7.9100e+00   -3.2048e-05   2.4681e+05
-7.9000e+00   -3.2051e-05   2.4648e+05
-7.8900e+00   -3.2054e-05   2.4615e+05
-7.8800e+00   -3.2056e-05   2.4582e+05
-7.8700e+00   -3.2058e-05   2.4549e+05
-7.8600e+00   -3.2060e-05   2.4517e+05
-7.8500e+00   -3.2062e-05   2.4484e+05
-7.8400e+00   -3.2064e-05   2.4451e+05
-7.8300e+00   -3.2066e-05   2.4419e+05
-7.8200e+00   -3.2069e-05   2.4385e+05
-7.8100e+00   -3.2070e-05   2.4353e+05
-7.8000e+00   -3.2072e-05   2.4320e+05
-7.7900e+00   -3.2074e-05   2.4287e+05
-7.7800e+00   -3.2076e-05   2.4255e+05
-7.7700e+00   -3.2077e-05   2.4223e+05
-7.7600e+00   -3.2080e-05   2.4189e+05
-7.7500e+00   -3.2082e-05   2.4157e+05
-7.7400e+00   -3.2084e-05   2.4124e+05
-7.7300e+00   -3.2085e-05   2.4092e+05
-7.7200e+00   -3.2087e-05   2.4060e+05
-7.7100e+00   -3.2089e-05   2.4027e+05
-7.7000e+00   -3.2092e-05   2.3993e+05
-7.6900e+00   -3.2093e-05   2.3962e+05
-7.6800e+00   -3.2096e-05   2.3928e+05
-7.6700e+00   -3.2098e-05   2.3896e+05
-7.6600e+00   -3.2100e-05   2.3863e+05
-7.6500e+00   -3.2101e-05   2.3831e+05
-7.6400e+00   -3.2102e-05   2.3799e+05
-7.6300e+00   -3.2104e-05   2.3767e+05
-7.6200e+00   -3.2106e-05   2.3734e+05
-7.6100e+00   -3.2108e-05   2.3701e+05
-7.6000e+00   -3.2108e-05   2.3670e+05
-7.5900e+00   -3.2110e-05   2.3638e+05
-7.5800e+00   -3.2112e-05   2.3605e+05
-7.5700e+00   -3.2113e-05   2.3573e+05
-7.5600e+00   -3.2115e-05   2.3541e+05
-7.5500e+00   -3.2116e-05   2.3509e+05
-7.5400e+00   -3.2118e-05   2.3476e+05
-7.5300e+00   -3.2120e-05   2.3444e+05
-7.5200e+00   -3.2122e-05   2.3411e+05
-7.5100e+00   -3.2122e-05   2.3379e+05
-7.5000e+00   -3.2123e-05   2.3348e+05
-7.4900e+00   -3.2125e-05   2.3315e+05
-7.4800e+00   -3.2126e-05   2.3283e+05
-7.4700e+00   -3.2128e-05   2.3250e+05
-7.4600e+00   -3.2129e-05   2.3219e+05
-7.4500e+00   -3.2131e-05   2.3187e+05
-7.4400e+00   -3.2133e-05   2.3154e+05
-7.4300e+00   -3.2135e-05   2.3121e+05
-7.4200e+00   -3.2136e-05   2.3089e+05
-7.4100e+00   -3.2139e-05   2.3056e+05
-7.4000e+00   -3.2140e-05   2.3024e+05
-7.3900e+00   -3.2141e-05   2.2992e+05
-7.3800e+00   -3.2143e-05   2.2960e+05
-7.3700e+00   -3.2144e-05   2.2928e+05
-7.3600e+00   -3.2146e-05   2.2896e+05
-7.3500e+00   -3.2146e-05   2.2864e+05
-7.3400e+00   -3.2147e-05   2.2832e+05
-7.3300e+00   -3.2149e-05   2.2800e+05
-7.3200e+00   -3.2150e-05   2.2768e+05
-7.3100e+00   -3.2151e-05   2.2736e+05
-7.3000e+00   -3.2152e-05   2.2705e+05
-7.2900e+00   -3.2153e-05   2.2673e+05
-7.2800e+00   -3.2154e-05   2.2641e+05
-7.2700e+00   -3.2156e-05   2.2609e+05
-7.2600e+00   -3.2157e-05   2.2577e+05
-7.2500e+00   -3.2158e-05   2.2545e+05
-7.2400e+00   -3.2159e-05   2.2513e+05
-7.2300e+00   -3.2159e-05   2.2482e+05
-7.2200e+00   -3.2159e-05   2.2451e+05
-7.2100e+00   -3.2160e-05   2.2419e+05
-7.2000e+00   -3.2162e-05   2.2387e+05
-7.1900e+00   -3.2163e-05   2.2355e+05
-7.1800e+00   -3.2163e-05   2.2324e+05
-7.1700e+00   -3.2163e-05   2.2293e+05
-7.1600e+00   -3.2165e-05   2.2260e+05
-7.1500e+00   -3.2165e-05   2.2229e+05
-7.1400e+00   -3.2166e-05   2.2198e+05
-7.1300e+00   -3.2166e-05   2.2166e+05
-7.1200e+00   -3.2168e-05   2.2134e+05
-7.1100e+00   -3.2168e-05   2.2103e+05
-7.1000e+00   -3.2168e-05   2.2071e+05
-7.0900e+00   -3.2170e-05   2.2040e+05
-7.0800e+00   -3.2170e-05   2.2008e+05
-7.0700e+00   -3.2171e-05   2.1976e+05
-7.0600e+00   -3.2171e-05   2.1945e+05
-7.0500e+00   -3.2172e-05   2.1913e+05
-7.0400e+00   -3.2172e-05   2.1883e+05
-7.0300e+00   -3.2172e-05   2.1851e+05
-7.0200e+00   -3.2172e-05   2.1820e+05
-7.0100e+00   -3.2173e-05   2.1789e+05
-7.0000e+00   -3.2173e-05   2.1757e+05
-6.9900e+00   -3.2174e-05   2.1726e+05
-6.9800e+00   -3.2174e-05   2.1695e+05
-6.9700e+00   -3.2173e-05   2.1664e+05
-6.9600e+00   -3.2173e-05   2.1633e+05
-6.9500e+00   -3.2174e-05   2.1601e+05
-6.9400e+00   -3.2173e-05   2.1571e+05
-6.9300e+00   -3.2173e-05   2.1540e+05
-6.9200e+00   -3.2173e-05   2.1509e+05
-6.9100e+00   -3.2173e-05   2.1478e+05
-6.9000e+00   -3.2172e-05   2.1447e+05
-6.8900e+00   -3.2173e-05   2.1416e+05
-6.8800e+00   -3.2172e-05   2.1385e+05
-6.8700e+00   -3.2172e-05   2.1354e+05
-6.8600e+00   -3.2172e-05   2.1323e+05
-6.8500e+00   -3.2170e-05   2.1293e+05
-6.8400e+00   -3.2171e-05   2.1262e+05
-6.8300e+00   -3.2171e-05   2.1230e+05
-6.8200e+00   -3.2171e-05   2.1199e+05
-6.8100e+00   -3.2170e-05   2.1169e+05
-6.8000e+00   -3.2170e-05   2.1138e+05
-6.7900e+00   -3.2170e-05   2.1107e+05
-6.7800e+00   -3.2169e-05   2.1076e+05
-6.7700e+00   -3.2168e-05   2.1046e+05
-6.7600e+00   -3.2167e-05   2.1015e+05
-6.7500e+00   -3.2167e-05   2.0984e+05
-6.7400e+00   -3.2167e-05   2.0953e+05
-6.7300e+00   -3.2166e-05   2.0923e+05
-6.7200e+00   -3.2165e-05   2.0892e+05
-6.7100e+00   -3.2165e-05   2.0861e+05
-6.7000e+00   -3.2164e-05   2.0830e+05
-6.6900e+00   -3.2163e-05   2.0800e+05
-6.6800e+00   -3.2163e-05   2.0769e+05
-6.6700e+00   -3.2162e-05   2.0739e+05
-6.6600e+00   -3.2162e-05   2.0708e+05
-6.6500e+00   -3.2160e-05   2.0678e+05
-6.6400e+00   -3.2159e-05   2.0647e+05
-6.6300e+00   -3.2158e-05   2.0617e+05
-6.6200e+00   -3.2157e-05   2.0587e+05
-6.6100e+00   -3.2157e-05   2.0556e+05
-6.6000e+00   -3.2156e-05   2.0525e+05
-6.5900e+00   -3.2155e-05   2.0494e+05
-6.5800e+00   -3.2154e-05   2.0464e+05
-6.5700e+00   -3.2153e-05   2.0434e+05
-6.5600e+00   -3.2152e-05   2.0403e+05
-6.5500e+00   -3.2150e-05   2.0373e+05
-6.5400e+00   -3.2149e-05   2.0343e+05
-6.5300e+00   -3.2148e-05   2.0312e+05
-6.5200e+00   -3.2147e-05   2.0282e+05
-6.5100e+00   -3.2145e-05   2.0252e+05
-6.5000e+00   -3.2145e-05   2.0221e+05
-6.4900e+00   -3.2143e-05   2.0191e+05
-6.4800e+00   -3.2142e-05   2.0161e+05
-6.4700e+00   -3.2141e-05   2.0130e+05
-6.4600e+00   -3.2140e-05   2.0100e+05
-6.4500e+00   -3.2139e-05   2.0069e+05
-6.4400e+00   -3.2138e-05   2.0039e+05
-6.4300e+00   -3.2136e-05   2.0009e+05
-6.4200e+00   -3.2135e-05   1.9978e+05
-6.4100e+00   -3.2133e-05   1.9948e+05
-6.4000e+00   -3.2132e-05   1.9918e+05
-6.3900e+00   -3.2130e-05   1.9888e+05
-6.3800e+00   -3.2129e-05   1.9857e+05
-6.3700e+00   -3.2127e-05   1.9827e+05
-6.3600e+00   -3.2126e-05   1.9797e+05
-6.3500e+00   -3.2123e-05   1.9768e+05
-6.3400e+00   -3.2122e-05   1.9737e+05
-6.3300e+00   -3.2120e-05   1.9708e+05
-6.3200e+00   -3.2118e-05   1.9678e+05
-6.3100e+00   -3.2117e-05   1.9647e+05
-6.3000e+00   -3.2115e-05   1.9617e+05
-6.2900e+00   -3.2113e-05   1.9587e+05
-6.2800e+00   -3.2110e-05   1.9558e+05
-6.2700e+00   -3.2108e-05   1.9528e+05
-6.2600e+00   -3.2107e-05   1.9498e+05
-6.2500e+00   -3.2104e-05   1.9468e+05
-6.2400e+00   -3.2102e-05   1.9438e+05
-6.2300e+00   -3.2100e-05   1.9408e+05
-6.2200e+00   -3.2098e-05   1.9378e+05
-6.2100e+00   -3.2096e-05   1.9348e+05
-6.2000e+00   -3.2094e-05   1.9318e+05
-6.1900e+00   -3.2092e-05   1.9288e+05
-6.1800e+00   -3.2090e-05   1.9258e+05
-6.1700e+00   -3.2088e-05   1.9228e+05
-6.1600e+00   -3.2085e-05   1.9199e+05
-6.1500e+00   -3.2082e-05   1.9170e+05
-6.1400e+00   -3.2080e-05   1.9140e+05
-6.1300e+00   -3.2078e-05   1.9110e+05
-6.1200e+00   -3.2075e-05   1.9080e+05
-6.1100e+00   -3.2073e-05   1.9050e+05
-6.1000e+00   -3.2070e-05   1.9021e+05
-6.0900e+00   -3.2067e-05   1.8991e+05
-6.0800e+00   -3.2064e-05   1.8962e+05
-6.0700e+00   -3.2062e-05   1.8932e+05
-6.0600e+00   -3.2059e-05   1.8903e+05
-6.0500e+00   -3.2057e-05   1.8873e+05
-6.0400e+00   -3.2054e-05   1.8843e+05
-6.0300e+00   -3.2052e-05   1.8813e+05
-6.0200e+00   -3.2049e-05   1.8784e+05
-6.0100e+00   -3.2047e-05   1.8754e+05
-6.0000e+00   -3.2043e-05   1.8725e+05
-5.9900e+00   -3.2040e-05   1.8695e+05
-5.9800e+00   -3.2038e-05   1.8665e+05
-5.9700e+00   -3.2035e-05   1.8636e+05
-5.9600e+00   -3.2034e-05   1.8606e+05
-5.9500e+00   -3.2031e-05   1.8576e+05
-5.9400e+00   -3.2027e-05   1.8547e+05
-5.9300e+00   -3.2025e-05   1.8517e+05
-5.9200e+00   -3.2021e-05   1.8488e+05
-5.9100e+00   -3.2019e-05   1.8458e+05
-5.9000e+00   -3.2017e-05   1.8428e+05
-5.8900e+00   -3.2012e-05   1.8399e+05
-5.8800e+00   -3.2010e-05   1.8369e+05
-5.8700e+00   -3.2006e-05   1.8340e+05
-5.8600e+00   -3.2003e-05   1.8310e+05
-5.8500e+00   -3.2000e-05   1.8281e+05
-5.8400e+00   -3.1997e-05   1.8252e+05
-5.8300e+00   -3.1993e-05   1.8222e+05
-5.8200e+00   -3.1990e-05   1.8193e+05
-5.8100e+00   -3.1987e-05   1.8164e+05
-5.8000e+00   -3.1984e-05   1.8134e+05
-5.7900e+00   -3.1981e-05   1.8104e+05
-5.7800e+00   -3.1978e-05   1.8075e+05
-5.7700e+00   -3.1973e-05   1.8046e+05
-5.7600e+00   -3.1970e-05   1.8017e+05
-5.7500e+00   -3.1966e-05   1.7988e+05
-5.7400e+00   -3.1963e-05   1.7958e+05
-5.7300e+00   -3.1959e-05   1.7929e+05
-5.7200e+00   -3.1955e-05   1.7900e+05
-5.7100e+00   -3.1952e-05   1.7871e+05
-5.7000e+00   -3.1947e-05   1.7842e+05
-5.6900e+00   -3.1944e-05   1.7812e+05
-5.6800e+00   -3.1940e-05   1.7783e+05
-5.6700e+00   -3.1937e-05   1.7754e+05
-5.6600e+00   -3.1932e-05   1.7725e+05
-5.6500e+00   -3.1928e-05   1.7696e+05
-5.6400e+00   -3.1924e-05   1.7667e+05
-5.6300e+00   -3.1920e-05   1.7638e+05
-5.6200e+00   -3.1916e-05   1.7609e+05
-5.6100e+00   -3.1911e-05   1.7580e+05
-5.6000e+00   -3.1908e-05   1.7551e+05
-5.5900e+00   -3.1903e-05   1.7522e+05
-5.5800e+00   -3.1899e-05   1.7493e+05
-5.5700e+00   -3.1896e-05   1.7463e+05
-5.5600e+00   -3.1891e-05   1.7434e+05
-5.5500e+00   -3.1887e-05   1.7405e+05
-5.5400e+00   -3.1883e-05   1.7376e+05
-5.5300e+00   -3.1878e-05   1.7347e+05
-5.5200e+00   -3.1874e-05   1.7318e+05
-5.5100e+00   -3.1868e-05   1.7290e+05
-5.5000e+00   -3.1864e-05   1.7261e+05
-5.4900e+00   -3.1859e-05   1.7232e+05
-5.4800e+00   -3.1854e-05   1.7203e+05
-5.4700e+00   -3.1849e-05   1.7175e+05
-5.4600e+00   -3.1846e-05   1.7145e+05
-5.4500e+00   -3.1841e-05   1.7116e+05
-5.4400e+00   -3.1837e-05   1.7087e+05
-5.4300e+00   -3.1832e-05   1.7059e+05
-5.4200e+00   -3.1827e-05   1.7030e+05
-5.4100e+00   -3.1822e-05   1.7001e+05
-5.4000e+00   -3.1818e-05   1.6971e+05
-5.3900e+00   -3.1813e-05   1.6943e+05
-5.3800e+00   -3.1808e-05   1.6914e+05
-5.3700e+00   -3.1803e-05   1.6885e+05
-5.3600e+00   -3.1799e-05   1.6856e+05
-5.3500e+00   -3.1795e-05   1.6827e+05
-5.3400e+00   -3.1789e-05   1.6798e+05
-5.3300e+00   -3.1784e-05   1.6769e+05
-5.3200e+00   -3.1778e-05   1.6741e+05
-5.3100e+00   -3.1773e-05   1.6712e+05
-5.3000e+00   -3.1768e-05   1.6683e+05
-5.2900e+00   -3.1762e-05   1.6655e+05
-5.2800e+00   -3.1758e-05   1.6626e+05
-5.2700e+00   -3.1751e-05   1.6598e+05
-5.2600e+00   -3.1747e-05   1.6569e+05
-5.2500e+00   -3.1742e-05   1.6540e+05
-5.2400e+00   -3.1737e-05   1.6511e+05
-5.2300e+00   -3.1731e-05   1.6482e+05
-5.2200e+00   -3.1725e-05   1.6454e+05
-5.2100e+00   -3.1720e-05   1.6425e+05
-5.2000e+00   -3.1715e-05   1.6396e+05
-5.1900e+00   -3.1709e-05   1.6368e+05
-5.1800e+00   -3.1703e-05   1.6339e+05
-5.1700e+00   -3.1697e-05   1.6310e+05
-5.1600e+00   -3.1692e-05   1.6282e+05
-5.1500e+00   -3.1686e-05   1.6253e+05
-5.1400e+00   -3.1680e-05   1.6225e+05
-5.1300e+00   -3.1675e-05   1.6196e+05
-5.1200e+00   -3.1669e-05   1.6167e+05
-5.1100e+00   -3.1662e-05   1.6139e+05
-5.1000e+00   -3.1656e-05   1.6111e+05
-5.0900e+00   -3.1651e-05   1.6082e+05
-5.0800e+00   -3.1645e-05   1.6053e+05
-5.0700e+00   -3.1638e-05   1.6025e+05
-5.0600e+00   -3.1632e-05   1.5996e+05
-5.0500e+00   -3.1626e-05   1.5968e+05
-5.0400e+00   -3.1620e-05   1.5939e+05
-5.0300e+00   -3.1613e-05   1.5911e+05
-5.0200e+00   -3.1607e-05   1.5883e+05
-5.0100e+00   -3.1601e-05   1.5854e+05
-5.0000e+00   -3.1594e-05   1.5826e+05
-4.9900e+00   -3.1588e-05   1.5797e+05
-4.9800e+00   -3.1581e-05   1.5769e+05
-4.9700e+00   -3.1576e-05   1.5740e+05
-4.9600e+00   -3.1569e-05   1.5712e+05
-4.9500e+00   -3.1562e-05   1.5683e+05
-4.9400e+00   -3.1557e-05   1.5654e+05
-4.9300e+00   -3.1550e-05   1.5626e+05
-4.9200e+00   -3.1542e-05   1.5598e+05
-4.9100e+00   -3.1535e-05   1.5570e+05
-4.9000e+00   -3.1529e-05   1.5541e+05
-4.8900e+00   -3.1523e-05   1.5512e+05
-4.8800e+00   -3.1515e-05   1.5485e+05
-4.8700e+00   -3.1508e-05   1.5456e+05
-4.8600e+00   -3.1501e-05   1.5428e+05
-4.8500e+00   -3.1496e-05   1.5399e+05
-4.8400e+00   -3.1488e-05   1.5371e+05
-4.8300e+00   -3.1481e-05   1.5343e+05
-4.8200e+00   -3.1474e-05   1.5314e+05
-4.8100e+00   -3.1467e-05   1.5286e+05
-4.8000e+00   -3.1460e-05   1.5258e+05
-4.7900e+00   -3.1453e-05   1.5229e+05
-4.7800e+00   -3.1446e-05   1.5201e+05
-4.7700e+00   -3.1439e-05   1.5172e+05
-4.7600e+00   -3.1430e-05   1.5145e+05
-4.7500e+00   -3.1423e-05   1.5116e+05
-4.7400e+00   -3.1415e-05   1.5088e+05
-4.7300e+00   -3.1408e-05   1.5060e+05
-4.7200e+00   -3.1400e-05   1.5032e+05
-4.7100e+00   -3.1393e-05   1.5003e+05
-4.7000e+00   -3.1387e-05   1.4974e+05
-4.6900e+00   -3.1379e-05   1.4946e+05
-4.6800e+00   -3.1371e-05   1.4918e+05
-4.6700e+00   -3.1364e-05   1.4890e+05
-4.6600e+00   -3.1356e-05   1.4861e+05
-4.6500e+00   -3.1348e-05   1.4834e+05
-4.6400e+00   -3.1340e-05   1.4805e+05
-4.6300e+00   -3.1333e-05   1.4777e+05
-4.6200e+00   -3.1325e-05   1.4749e+05
-4.6100e+00   -3.1317e-05   1.4721e+05
-4.6000e+00   -3.1309e-05   1.4692e+05
-4.5900e+00   -3.1301e-05   1.4664e+05
-4.5800e+00   -3.1293e-05   1.4636e+05
-4.5700e+00   -3.1284e-05   1.4608e+05
-4.5600e+00   -3.1277e-05   1.4580e+05
-4.5500e+00   -3.1268e-05   1.4551e+05
-4.5400e+00   -3.1260e-05   1.4523e+05
-4.5300e+00   -3.1250e-05   1.4496e+05
-4.5200e+00   -3.1242e-05   1.4468e+05
-4.5100e+00   -3.1235e-05   1.4439e+05
-4.5000e+00   -3.1226e-05   1.4411e+05
-4.4900e+00   -3.1218e-05   1.4383e+05
-4.4800e+00   -3.1209e-05   1.4355e+05
-4.4700e+00   -3.1199e-05   1.4327e+05
-4.4600e+00   -3.1190e-05   1.4299e+05
-4.4500e+00   -3.1183e-05   1.4271e+05
-4.4400e+00   -3.1173e-05   1.4243e+05
-4.4300e+00   -3.1165e-05   1.4215e+05
-4.4200e+00   -3.1156e-05   1.4187e+05
-4.4100e+00   -3.1147e-05   1.4159e+05
-4.4000e+00   -3.1139e-05   1.4130e+05
-4.3900e+00   -3.1130e-05   1.4102e+05
-4.3800e+00   -3.1120e-05   1.4074e+05
-4.3700e+00   -3.1111e-05   1.4047e+05
-4.3600e+00   -3.1101e-05   1.4019e+05
-4.3500e+00   -3.1092e-05   1.3991e+05
-4.3400e+00   -3.1082e-05   1.3963e+05
-4.3300e+00   -3.1073e-05   1.3935e+05
-4.3200e+00   -3.1063e-05   1.3907e+05
-4.3100e+00   -3.1053e-05   1.3880e+05
-4.3000e+00   -3.1044e-05   1.3851e+05
-4.2900e+00   -3.1034e-05   1.3824e+05
-4.2800e+00   -3.1025e-05   1.3795e+05
-4.2700e+00   -3.1016e-05   1.3767e+05
-4.2600e+00   -3.1007e-05   1.3739e+05
-4.2500e+00   -3.0997e-05   1.3711e+05
-4.2400e+00   -3.0986e-05   1.3683e+05
-4.2300e+00   -3.0976e-05   1.3656e+05
-4.2200e+00   -3.0967e-05   1.3628e+05
-4.2100e+00   -3.0956e-05   1.3600e+05
-4.2000e+00   -3.0946e-05   1.3572e+05
-4.1900e+00   -3.0936e-05   1.3544e+05
-4.1800e+00   -3.0926e-05   1.3516e+05
-4.1700e+00   -3.0915e-05   1.3488e+05
-4.1600e+00   -3.0905e-05   1.3461e+05
-4.1500e+00   -3.0895e-05   1.3433e+05
-4.1400e+00   -3.0884e-05   1.3405e+05
-4.1300e+00   -3.0874e-05   1.3377e+05
-4.1200e+00   -3.0863e-05   1.3349e+05
-4.1100e+00   -3.0852e-05   1.3322e+05
-4.1000e+00   -3.0841e-05   1.3294e+05
-4.0900e+00   -3.0831e-05   1.3266e+05
-4.0800e+00   -3.0821e-05   1.3238e+05
-4.0700e+00   -3.0810e-05   1.3210e+05
-4.0600e+00   -3.0800e-05   1.3182e+05
-4.0500e+00   -3.0788e-05   1.3154e+05
-4.0400e+00   -3.0778e-05   1.3126e+05
-4.0300e+00   -3.0767e-05   1.3099e+05
-4.0200e+00   -3.0755e-05   1.3071e+05
-4.0100e+00   -3.0743e-05   1.3043e+05
-4.0000e+00   -3.0733e-05   1.3016e+05
-3.9900e+00   -3.0721e-05   1.2988e+05
-3.9800e+00   -3.0711e-05   1.2960e+05
-3.9700e+00   -3.0698e-05   1.2932e+05
-3.9600e+00   -3.0687e-05   1.2904e+05
-3.9500e+00   -3.0675e-05   1.2877e+05
-3.9400e+00   -3.0663e-05   1.2849e+05
-3.9300e+00   -3.0652e-05   1.2821e+05
-3.9200e+00   -3.0639e-05   1.2794e+05
-3.9100e+00   -3.0628e-05   1.2766e+05
-3.9000e+00   -3.0617e-05   1.2738e+05
-3.8900e+00   -3.0605e-05   1.2711e+05
-3.8800e+00   -3.0591e-05   1.2683e+05
-3.8700e+00   -3.0580e-05   1.2656e+05
-3.8600e+00   -3.0567e-05   1.2628e+05
-3.8500e+00   -3.0555e-05   1.2600e+05
-3.8400e+00   -3.0543e-05   1.2572e+05
-3.8300e+00   -3.0530e-05   1.2545e+05
-3.8200e+00   -3.0519e-05   1.2517e+05
-3.8100e+00   -3.0506e-05   1.2489e+05
-3.8000e+00   -3.0494e-05   1.2462e+05
-3.7900e+00   -3.0480e-05   1.2434e+05
-3.7800e+00   -3.0468e-05   1.2406e+05
-3.7700e+00   -3.0456e-05   1.2379e+05
-3.7600e+00   -3.0442e-05   1.2351e+05
-3.7500e+00   -3.0428e-05   1.2324e+05
-3.7400e+00   -3.0416e-05   1.2296e+05
-3.7300e+00   -3.0402e-05   1.2269e+05
-3.7200e+00   -3.0389e-05   1.2241e+05
-3.7100e+00   -3.0377e-05   1.2213e+05
-3.7000e+00   -3.0363e-05   1.2186e+05
-3.6900e+00   -3.0350e-05   1.2158e+05
-3.6800e+00   -3.0337e-05   1.2130e+05
-3.6700e+00   -3.0324e-05   1.2103e+05
-3.6600e+00   -3.0310e-05   1.2075e+05
-3.6500e+00   -3.0296e-05   1.2048e+05
-3.6400e+00   -3.0281e-05   1.2021e+05
-3.6300e+00   -3.0267e-05   1.1993e+05
-3.6200e+00   -3.0254e-05   1.1966e+05
-3.6100e+00   -3.0240e-05   1.1938e+05
-3.6000e+00   -3.0226e-05   1.1910e+05
-3.5900e+00   -3.0212e-05   1.1883e+05
-3.5800e+00   -3.0197e-05   1.1855e+05
-3.5700e+00   -3.0183e-05   1.1828e+05
-3.5600e+00   -3.0168e-05   1.1801e+05
-3.5500e+00   -3.0154e-05   1.1773e+05
-3.5400e+00   -3.0139e-05   1.1745e+05
-3.5300e+00   -3.0125e-05   1.1718e+05
-3.5200e+00   -3.0110e-05   1.1690e+05
-3.5100e+00   -3.0095e-05   1.1663e+05
-3.5000e+00   -3.0081e-05   1.1635e+05
-3.4900e+00   -3.0066e-05   1.1608e+05
-3.4800e+00   -3.0050e-05   1.1581e+05
-3.4700e+00   -3.0035e-05   1.1553e+05
-3.4600e+00   -3.0020e-05   1.1526e+05
-3.4500e+00   -3.0005e-05   1.1498e+05
-3.4400e+00   -2.9989e-05   1.1471e+05
-3.4300e+00   -2.9974e-05   1.1443e+05
-3.4200e+00   -2.9959e-05   1.1416e+05
-3.4100e+00   -2.9942e-05   1.1389e+05
-3.4000e+00   -2.9927e-05   1.1361e+05
-3.3900e+00   -2.9911e-05   1.1334e+05
-3.3800e+00   -2.9894e-05   1.1306e+05
-3.3700e+00   -2.9878e-05   1.1279e+05
-3.3600e+00   -2.9861e-05   1.1252e+05
-3.3500e+00   -2.9845e-05   1.1225e+05
-3.3400e+00   -2.9828e-05   1.1197e+05
-3.3300e+00   -2.9813e-05   1.1170e+05
-3.3200e+00   -2.9796e-05   1.1142e+05
-3.3100e+00   -2.9779e-05   1.1115e+05
-3.3000e+00   -2.9763e-05   1.1088e+05
-3.2900e+00   -2.9747e-05   1.1060e+05
-3.2800e+00   -2.9729e-05   1.1033e+05
-3.2700e+00   -2.9712e-05   1.1006e+05
-3.2600e+00   -2.9695e-05   1.0978e+05
-3.2500e+00   -2.9678e-05   1.0951e+05
-3.2400e+00   -2.9660e-05   1.0924e+05
-3.2300e+00   -2.9644e-05   1.0896e+05
-3.2200e+00   -2.9626e-05   1.0869e+05
-3.2100e+00   -2.9608e-05   1.0842e+05
-3.2000e+00   -2.9591e-05   1.0814e+05
-3.1900e+00   -2.9573e-05   1.0787e+05
-3.1800e+00   -2.9554e-05   1.0760e+05
-3.1700e+00   -2.9536e-05   1.0733e+05
-3.1600e+00   -2.9517e-05   1.0706e+05
-3.1500e+00   -2.9499e-05   1.0678e+05
-3.1400e+00   -2.9481e-05   1.0651e+05
-3.1300e+00   -2.9463e-05   1.0624e+05
-3.1200e+00   -2.9444e-05   1.0596e+05
-3.1100e+00   -2.9425e-05   1.0569e+05
-3.1000e+00   -2.9407e-05   1.0542e+05
-3.0900e+00   -2.9388e-05   1.0514e+05
-3.0800e+00   -2.9369e-05   1.0487e+05
-3.0700e+00   -2.9350e-05   1.0460e+05
-3.0600e+00   -2.9331e-05   1.0433e+05
-3.0500e+00   -2.9312e-05   1.0405e+05
-3.0400e+00   -2.9292e-05   1.0378e+05
-3.0300e+00   -2.9273e-05   1.0351e+05
-3.0200e+00   -2.9254e-05   1.0324e+05
-3.0100e+00   -2.9233e-05   1.0297e+05
-3.0000e+00   -2.9213e-05   1.0269e+05
-2.9900e+00   -2.9191e-05   1.0243e+05
-2.9800e+00   -2.9171e-05   1.0216e+05
-2.9700e+00   -2.9152e-05   1.0188e+05
-2.9600e+00   -2.9130e-05   1.0161e+05
-2.9500e+00   -2.9110e-05   1.0134e+05
-2.9400e+00   -2.9088e-05   1.0107e+05
-2.9300e+00   -2.9068e-05   1.0080e+05
-2.9200e+00   -2.9048e-05   1.0052e+05
-2.9100e+00   -2.9026e-05   1.0026e+05
-2.9000e+00   -2.9005e-05   9.9982e+04
-2.8900e+00   -2.8984e-05   9.9711e+04
-2.8800e+00   -2.8962e-05   9.9440e+04
-2.8700e+00   -2.8941e-05   9.9169e+04
-2.8600e+00   -2.8918e-05   9.8899e+04
-2.8500e+00   -2.8895e-05   9.8633e+04
-2.8400e+00   -2.8874e-05   9.8357e+04
-2.8300e+00   -2.8851e-05   9.8089e+04
-2.8200e+00   -2.8830e-05   9.7816e+04
-2.8100e+00   -2.8805e-05   9.7551e+04
-2.8000e+00   -2.8782e-05   9.7282e+04
-2.7900e+00   -2.8760e-05   9.7009e+04
-2.7800e+00   -2.8737e-05   9.6739e+04
-2.7700e+00   -2.8714e-05   9.6470e+04
-2.7600e+00   -2.8690e-05   9.6199e+04
-2.7500e+00   -2.8667e-05   9.5931e+04
-2.7400e+00   -2.8644e-05   9.5658e+04
-2.7300e+00   -2.8620e-05   9.5388e+04
-2.7200e+00   -2.8597e-05   9.5115e+04
-2.7100e+00   -2.8572e-05   9.4847e+04
-2.7000e+00   -2.8549e-05   9.4575e+04
-2.6900e+00   -2.8525e-05   9.4302e+04
-2.6800e+00   -2.8501e-05   9.4032e+04
-2.6700e+00   -2.8476e-05   9.3764e+04
-2.6600e+00   -2.8451e-05   9.3493e+04
-2.6500e+00   -2.8427e-05   9.3222e+04
-2.6400e+00   -2.8401e-05   9.2953e+04
-2.6300e+00   -2.8375e-05   9.2686e+04
-2.6200e+00   -2.8348e-05   9.2421e+04
-2.6100e+00   -2.8323e-05   9.2151e+04
-2.6000e+00   -2.8298e-05   9.1880e+04
-2.5900e+00   -2.8272e-05   9.1610e+04
-2.5800e+00   -2.8248e-05   9.1336e+04
-2.5700e+00   -2.8221e-05   9.1067e+04
-2.5600e+00   -2.8194e-05   9.0799e+04
-2.5500e+00   -2.8169e-05   9.0525e+04
-2.5400e+00   -2.8141e-05   9.0258e+04
-2.5300e+00   -2.8114e-05   8.9990e+04
-2.5200e+00   -2.8087e-05   8.9722e+04
-2.5100e+00   -2.8060e-05   8.9451e+04
-2.5000e+00   -2.8032e-05   8.9182e+04
-2.4900e+00   -2.8005e-05   8.8912e+04
-2.4800e+00   -2.7978e-05   8.8640e+04
-2.4700e+00   -2.7950e-05   8.8373e+04
-2.4600e+00   -2.7921e-05   8.8106e+04
-2.4500e+00   -2.7891e-05   8.7844e+04
-2.4400e+00   -2.7863e-05   8.7572e+04
-2.4300e+00   -2.7834e-05   8.7302e+04
-2.4200e+00   -2.7805e-05   8.7036e+04
-2.4100e+00   -2.7776e-05   8.6765e+04
-2.4000e+00   -2.7747e-05   8.6497e+04
-2.3900e+00   -2.7717e-05   8.6228e+04
-2.3800e+00   -2.7688e-05   8.5959e+04
-2.3700e+00   -2.7657e-05   8.5693e+04
-2.3600e+00   -2.7627e-05   8.5425e+04
-2.3500e+00   -2.7596e-05   8.5157e+04
-2.3400e+00   -2.7566e-05   8.4887e+04
-2.3300e+00   -2.7535e-05   8.4619e+04
-2.3200e+00   -2.7504e-05   8.4352e+04
-2.3100e+00   -2.7473e-05   8.4082e+04
-2.3000e+00   -2.7442e-05   8.3813e+04
-2.2900e+00   -2.7410e-05   8.3546e+04
-2.2800e+00   -2.7378e-05   8.3278e+04
-2.2700e+00   -2.7344e-05   8.3017e+04
-2.2600e+00   -2.7311e-05   8.2750e+04
-2.2500e+00   -2.7279e-05   8.2480e+04
-2.2400e+00   -2.7247e-05   8.2211e+04
-2.2300e+00   -2.7213e-05   8.1945e+04
-2.2200e+00   -2.7180e-05   8.1677e+04
-2.2100e+00   -2.7147e-05   8.1408e+04
-2.2000e+00   -2.7113e-05   8.1142e+04
-2.1900e+00   -2.7080e-05   8.0873e+04
-2.1800e+00   -2.7045e-05   8.0606e+04
-2.1700e+00   -2.7011e-05   8.0336e+04
-2.1600e+00   -2.6976e-05   8.0070e+04
-2.1500e+00   -2.6942e-05   7.9801e+04
-2.1400e+00   -2.6906e-05   7.9536e+04
-2.1300e+00   -2.6870e-05   7.9271e+04
-2.1200e+00   -2.6834e-05   7.9003e+04
-2.1100e+00   -2.6799e-05   7.8736e+04
-2.1000e+00   -2.6763e-05   7.8467e+04
-2.0900e+00   -2.6724e-05   7.8208e+04
-2.0800e+00   -2.6686e-05   7.7943e+04
-2.0700e+00   -2.6649e-05   7.7677e+04
-2.0600e+00   -2.6611e-05   7.7411e+04
-2.0500e+00   -2.6573e-05   7.7145e+04
-2.0400e+00   -2.6535e-05   7.6880e+04
-2.0300e+00   -2.6496e-05   7.6616e+04
-2.0200e+00   -2.6457e-05   7.6350e+04
-2.0100e+00   -2.6419e-05   7.6083e+04
-2.0000e+00   -2.6379e-05   7.5819e+04
-1.9900e+00   -2.6340e-05   7.5552e+04
-1.9800e+00   -2.6301e-05   7.5283e+04
-1.9700e+00   -2.6260e-05   7.5018e+04
-1.9600e+00   -2.6220e-05   7.4753e+04
-1.9500e+00   -2.6179e-05   7.4488e+04
-1.9400e+00   -2.6137e-05   7.4224e+04
-1.9300e+00   -2.6096e-05   7.3957e+04
-1.9200e+00   -2.6052e-05   7.3699e+04
-1.9100e+00   -2.6010e-05   7.3434e+04
-1.9000e+00   -2.5968e-05   7.3168e+04
-1.8900e+00   -2.5925e-05   7.2902e+04
-1.8800e+00   -2.5882e-05   7.2638e+04
-1.8700e+00   -2.5838e-05   7.2373e+04
-1.8600e+00   -2.5794e-05   7.2110e+04
-1.8500e+00   -2.5749e-05   7.1847e+04
-1.8400e+00   -2.5705e-05   7.1581e+04
-1.8300e+00   -2.5660e-05   7.1317e+04
-1.8200e+00   -2.5615e-05   7.1053e+04
-1.8100e+00   -2.5570e-05   7.0787e+04
-1.8000e+00   -2.5523e-05   7.0525e+04
-1.7900e+00   -2.5476e-05   7.0261e+04
-1.7800e+00   -2.5430e-05   6.9995e+04
-1.7700e+00   -2.5384e-05   6.9730e+04
-1.7600e+00   -2.5336e-05   6.9466e+04
-1.7500e+00   -2.5287e-05   6.9205e+04
-1.7400e+00   -2.5236e-05   6.8950e+04
-1.7300e+00   -2.5188e-05   6.8683e+04
-1.7200e+00   -2.5138e-05   6.8423e+04
-1.7100e+00   -2.5089e-05   6.8159e+04
-1.7000e+00   -2.5039e-05   6.7894e+04
-1.6900e+00   -2.4989e-05   6.7630e+04
-1.6800e+00   -2.4937e-05   6.7368e+04
-1.6700e+00   -2.4887e-05   6.7102e+04
-1.6600e+00   -2.4836e-05   6.6840e+04
-1.6500e+00   -2.4784e-05   6.6575e+04
-1.6400e+00   -2.4731e-05   6.6313e+04
-1.6300e+00   -2.4679e-05   6.6048e+04
-1.6200e+00   -2.4625e-05   6.5788e+04
-1.6100e+00   -2.4571e-05   6.5526e+04
-1.6000e+00   -2.4515e-05   6.5265e+04
-1.5900e+00   -2.4462e-05   6.4999e+04
-1.5800e+00   -2.4407e-05   6.4737e+04
-1.5700e+00   -2.4351e-05   6.4474e+04
-1.5600e+00   -2.4290e-05   6.4224e+04
-1.5500e+00   -2.4234e-05   6.3961e+04
-1.5400e+00   -2.4177e-05   6.3697e+04
-1.5300e+00   -2.4120e-05   6.3434e+04
-1.5200e+00   -2.4060e-05   6.3175e+04
-1.5100e+00   -2.4002e-05   6.2912e+04
-1.5000e+00   -2.3942e-05   6.2652e+04
-1.4900e+00   -2.3881e-05   6.2392e+04
-1.4800e+00   -2.3821e-05   6.2131e+04
-1.4700e+00   -2.3760e-05   6.1870e+04
-1.4600e+00   -2.3698e-05   6.1609e+04
-1.4500e+00   -2.3636e-05   6.1347e+04
-1.4400e+00   -2.3572e-05   6.1088e+04
-1.4300e+00   -2.3508e-05   6.0829e+04
-1.4200e+00   -2.3444e-05   6.0571e+04
-1.4100e+00   -2.3378e-05   6.0312e+04
-1.4000e+00   -2.3313e-05   6.0054e+04
-1.3900e+00   -2.3247e-05   5.9793e+04
-1.3800e+00   -2.3175e-05   5.9547e+04
-1.3700e+00   -2.3108e-05   5.9288e+04
-1.3600e+00   -2.3039e-05   5.9029e+04
-1.3500e+00   -2.2970e-05   5.8772e+04
-1.3400e+00   -2.2901e-05   5.8512e+04
-1.3300e+00   -2.2832e-05   5.8252e+04
-1.3200e+00   -2.2761e-05   5.7995e+04
-1.3100e+00   -2.2689e-05   5.7738e+04
-1.3000e+00   -2.2616e-05   5.7480e+04
-1.2900e+00   -2.2544e-05   5.7221e+04
-1.2800e+00   -2.2470e-05   5.6965e+04
-1.2700e+00   -2.2395e-05   5.6708e+04
-1.2600e+00   -2.2320e-05   5.6451e+04
-1.2500e+00   -2.2244e-05   5.6196e+04
-1.2400e+00   -2.2168e-05   5.5938e+04
-1.2300e+00   -2.2090e-05   5.5680e+04
-1.2200e+00   -2.2012e-05   5.5425e+04
-1.2100e+00   -2.1932e-05   5.5170e+04
-1.2000e+00   -2.1846e-05   5.4929e+04
-1.1900e+00   -2.1765e-05   5.4675e+04
-1.1800e+00   -2.1683e-05   5.4421e+04
-1.1700e+00   -2.1601e-05   5.4164e+04
-1.1600e+00   -2.1517e-05   5.3911e+04
-1.1500e+00   -2.1432e-05   5.3658e+04
-1.1400e+00   -2.1347e-05   5.3404e+04
-1.1300e+00   -2.1260e-05   5.3151e+04
-1.1200e+00   -2.1173e-05   5.2898e+04
-1.1100e+00   -2.1085e-05   5.2643e+04
-1.1000e+00   -2.0996e-05   5.2390e+04
-1.0900e+00   -2.0906e-05   5.2139e+04
-1.0800e+00   -2.0814e-05   5.1888e+04
-1.0700e+00   -2.0722e-05   5.1636e+04
-1.0600e+00   -2.0629e-05   5.1385e+04
-1.0500e+00   -2.0534e-05   5.1135e+04
-1.0400e+00   -2.0438e-05   5.0885e+04
-1.0300e+00   -2.0342e-05   5.0633e+04
-1.0200e+00   -2.0236e-05   5.0404e+04
-1.0100e+00   -2.0138e-05   5.0154e+04
-1.0000e+00   -2.0038e-05   4.9904e+04
-9.9000e-01   -1.9937e-05   4.9655e+04
-9.8000e-01   -1.9835e-05   4.9408e+04
-9.7000e-01   -1.9731e-05   4.9161e+04
-9.6000e-01   -1.9626e-05   4.8914e+04
-9.5000e-01   -1.9521e-05   4.8666e+04
-9.4000e-01   -1.9414e-05   4.8419e+04
-9.3000e-01   -1.9305e-05   4.8174e+04
-9.2000e-01   -1.9196e-05   4.7926e+04
-9.1000e-01   -1.9085e-05   4.7682e+04
-9.0000e-01   -1.8972e-05   4.7439e+04
-8.9000e-01   -1.8858e-05   4.7195e+04
-8.8000e-01   -1.8743e-05   4.6951e+04
-8.7000e-01   -1.8626e-05   4.6708e+04
-8.6000e-01   -1.8508e-05   4.6467e+04
-8.5000e-01   -1.8389e-05   4.6224e+04
-8.4000e-01   -1.8260e-05   4.6002e+04
-8.3000e-01   -1.8138e-05   4.5762e+04
-8.2000e-01   -1.8013e-05   4.5522e+04
-8.1000e-01   -1.7888e-05   4.5283e+04
-8.0000e-01   -1.7761e-05   4.5043e+04
-7.9000e-01   -1.7633e-05   4.4802e+04
-7.8000e-01   -1.7504e-05   4.4562e+04
-7.7000e-01   -1.7373e-05   4.4322e+04
-7.6000e-01   -1.7239e-05   4.4085e+04
-7.5000e-01   -1.7104e-05   4.3848e+04
-7.4000e-01   -1.6969e-05   4.3609e+04
-7.3000e-01   -1.6830e-05   4.3374e+04
-7.2000e-01   -1.6691e-05   4.3137e+04
-7.1000e-01   -1.6549e-05   4.2902e+04
-7.0000e-01   -1.6406e-05   4.2667e+04
-6.9000e-01   -1.6261e-05   4.2433e+04
-6.8000e-01   -1.6114e-05   4.2199e+04
-6.7000e-01   -1.5966e-05   4.1965e+04
-6.6000e-01   -1.5804e-05   4.1762e+04
-6.5000e-01   -1.5652e-05   4.1529e+04
-6.4000e-01   -1.5498e-05   4.1295e+04
-6.3000e-01   -1.5342e-05   4.1064e+04
-6.2000e-01   -1.5183e-05   4.0835e+04
-6.1000e-01   -1.5024e-05   4.0601e+04
-6.0000e-01   -1.4862e-05   4.0373e+04
-5.9000e-01   -1.4698e-05   4.0141e+04
-5.8000e-01   -1.4532e-05   3.9911e+04
-5.7000e-01   -1.4365e-05   3.9679e+04
-5.6000e-01   -1.4195e-05   3.9451e+04
-5.5000e-01   -1.4024e-05   3.9220e+04
-5.4000e-01   -1.3849e-05   3.8991e+04
-5.3000e-01   -1.3673e-05   3.8763e+04
-5.2000e-01   -1.3495e-05   3.8534e+04
-5.1000e-01   -1.3314e-05   3.8307e+04
-5.0000e-01   -1.3131e-05   3.8078e+04
-4.9000e-01   -1.2946e-05   3.7850e+04
-4.8000e-01   -1.2744e-05   3.7663e+04
-4.7000e-01   -1.2556e-05   3.7433e+04
-4.6000e-01   -1.2363e-05   3.7207e+04
-4.5000e-01   -1.2169e-05   3.6979e+04
-4.4000e-01   -1.1972e-05   3.6751e+04
-4.3000e-01   -1.1774e-05   3.6521e+04
-4.2000e-01   -1.1573e-05   3.6291e+04
-4.1000e-01   -1.1370e-05   3.6061e+04
-4.0000e-01   -1.1164e-05   3.5828e+04
-3.9000e-01   -1.0957e-05   3.5595e+04
-3.8000e-01   -1.0746e-05   3.5362e+04
-3.7000e-01   -1.0534e-05   3.5124e+04
-3.6000e-01   -1.0319e-05   3.4886e+04
-3.5000e-01   -1.0102e-05   3.4646e+04
-3.4000e-01   -9.8821e-06   3.4406e+04
-3.3000e-01   -9.6605e-06   3.4160e+04
-3.2000e-01   -9.4353e-06   3.3915e+04
-3.1000e-01   -9.2079e-06   3.3667e+04
-3.0000e-01   -8.9613e-06   3.3477e+04
-2.9000e-01   -8.7293e-06   3.3221e+04
-2.8000e-01   -8.4955e-06   3.2959e+04
-2.7000e-01   -8.2605e-06   3.2686e+04
-2.6000e-01   -8.0219e-06   3.2411e+04
-2.5000e-01   -7.7807e-06   3.2131e+04
-2.4000e-01   -7.5382e-06   3.1838e+04
-2.3000e-01   -7.2946e-06   3.1530e+04
-2.2000e-01   -7.0483e-06   3.1213e+04
-2.1000e-01   -6.8001e-06   3.0882e+04
-2.0000e-01   -6.5514e-06   3.0528e+04
-1.9000e-01   -6.2986e-06   3.0166e+04
-1.8000e-01   -6.0442e-06   2.9781e+04
-1.7000e-01   -5.7876e-06   2.9373e+04
-1.6000e-01   -5.5284e-06   2.8942e+04
-1.5000e-01   -5.2665e-06   2.8482e+04
-1.4000e-01   -5.0012e-06   2.7993e+04
-1.3000e-01   -4.7323e-06   2.7471e+04
-1.2000e-01   -4.4366e-06   2.7048e+04
-1.1000e-01   -4.1582e-06   2.6454e+04
-1.0000e-01   -3.8733e-06   2.5817e+04
-9.0000e-02   -3.5813e-06   2.5131e+04
-8.0000e-02   -3.2799e-06   2.4391e+04
-7.0000e-02   -2.9687e-06   2.3579e+04
-6.0000e-02   -2.6464e-06   2.2672e+04
-5.0000e-02   -2.3110e-06   2.1636e+04
-4.0000e-02   -1.9623e-06   2.0384e+04
-3.0000e-02   -1.6002e-06   1.8747e+04
-2.0000e-02   -1.2257e-06   1.6318e+04
-1.0000e-02   -8.4159e-07   1.1882e+04
0.0000e+00   -4.5159e-07   -0.0000e+00
0.0000e+00   -4.6987e-07   -0.0000e+00
1.0000e-02   -7.4317e-08   -1.3456e+05
2.0000e-02   3.1979e-07   6.2541e+04
3.0000e-02   7.0753e-07   4.2401e+04
4.0000e-02   1.0859e-06   3.6836e+04
5.0000e-02   1.4501e-06   3.4481e+04
6.0000e-02   1.8018e-06   3.3300e+04
7.0000e-02   2.1647e-06   3.2337e+04
8.0000e-02   2.4867e-06   3.2171e+04
9.0000e-02   2.7938e-06   3.2214e+04
1.0000e-01   3.0901e-06   3.2361e+04
1.1000e-01   3.3746e-06   3.2597e+04
1.2000e-01   3.6467e-06   3.2906e+04
1.3000e-01   3.9134e-06   3.3219e+04
1.4000e-01   4.1736e-06   3.3545e+04
1.5000e-01   4.4278e-06   3.3877e+04
1.6000e-01   4.6775e-06   3.4206e+04
1.7000e-01   4.9232e-06   3.4530e+04
1.8000e-01   5.1646e-06   3.4853e+04
1.9000e-01   5.4045e-06   3.5156e+04
2.0000e-01   5.6400e-06   3.5461e+04
2.1000e-01   5.8711e-06   3.5769e+04
2.2000e-01   6.1014e-06   3.6057e+04
2.3000e-01   6.3300e-06   3.6335e+04
2.4000e-01   6.5552e-06   3.6612e+04
2.5000e-01   6.7770e-06   3.6889e+04
2.6000e-01   6.9973e-06   3.7157e+04
2.7000e-01   7.2334e-06   3.7327e+04
2.8000e-01   7.4507e-06   3.7580e+04
2.9000e-01   7.6609e-06   3.7855e+04
3.0000e-01   7.8704e-06   3.8117e+04
3.1000e-01   8.0776e-06   3.8378e+04
3.2000e-01   8.2825e-06   3.8636e+04
3.3000e-01   8.4844e-06   3.8895e+04
3.4000e-01   8.6833e-06   3.9156e+04
3.5000e-01   8.8801e-06   3.9414e+04
3.6000e-01   9.0738e-06   3.9675e+04
3.7000e-01   9.2656e-06   3.9933e+04
3.8000e-01   9.4538e-06   4.0195e+04
3.9000e-01   9.6384e-06   4.0463e+04
4.0000e-01   9.8215e-06   4.0727e+04
4.1000e-01   1.0002e-05   4.0992e+04
4.2000e-01   1.0179e-05   4.1260e+04
4.3000e-01   1.0355e-05   4.1526e+04
4.4000e-01   1.0527e-05   4.1799e+04
4.5000e-01   1.0696e-05   4.2071e+04
4.6000e-01   1.0865e-05   4.2340e+04
4.7000e-01   1.1029e-05   4.2613e+04
4.8000e-01   1.1204e-05   4.2844e+04
4.9000e-01   1.1363e-05   4.3123e+04
5.0000e-01   1.1517e-05   4.3413e+04
5.1000e-01   1.1672e-05   4.3693e+04
5.2000e-01   1.1825e-05   4.3976e+04
5.3000e-01   1.1974e-05   4.4262e+04
5.4000e-01   1.2123e-05   4.4545e+04
5.5000e-01   1.2267e-05   4.4835e+04
5.6000e-01   1.2410e-05   4.5125e+04
5.7000e-01   1.2551e-05   4.5416e+04
5.8000e-01   1.2690e-05   4.5706e+04
5.9000e-01   1.2825e-05   4.6002e+04
6.0000e-01   1.2959e-05   4.6300e+04
6.1000e-01   1.3091e-05   4.6597e+04
6.2000e-01   1.3221e-05   4.6896e+04
6.3000e-01   1.3348e-05   4.7197e+04
6.4000e-01   1.3475e-05   4.7496e+04
6.5000e-01   1.3598e-05   4.7802e+04
6.6000e-01   1.3720e-05   4.8104e+04
6.7000e-01   1.3840e-05   4.8410e+04
6.8000e-01   1.3967e-05   4.8685e+04
6.9000e-01   1.4082e-05   4.8998e+04
7.0000e-01   1.4197e-05   4.9305e+04
7.1000e-01   1.4309e-05   4.9619e+04
7.2000e-01   1.4419e-05   4.9934e+04
7.3000e-01   1.4528e-05   5.0248e+04
7.4000e-01   1.4635e-05   5.0564e+04
7.5000e-01   1.4740e-05   5.0882e+04
7.6000e-01   1.4843e-05   5.1201e+04
7.7000e-01   1.4945e-05   5.1524e+04
7.8000e-01   1.5044e-05   5.1850e+04
7.9000e-01   1.5143e-05   5.2168e+04
8.0000e-01   1.5240e-05   5.2495e+04
8.1000e-01   1.5335e-05   5.2821e+04
8.2000e-01   1.5428e-05   5.3150e+04
8.3000e-01   1.5521e-05   5.3475e+04
8.4000e-01   1.5612e-05   5.3806e+04
8.5000e-01   1.5700e-05   5.4139e+04
8.6000e-01   1.5789e-05   5.4468e+04
8.7000e-01   1.5875e-05   5.4802e+04
8.8000e-01   1.5960e-05   5.5136e+04
8.9000e-01   1.6051e-05   5.5450e+04
9.0000e-01   1.6133e-05   5.5787e+04
9.1000e-01   1.6215e-05   5.6123e+04
9.2000e-01   1.6294e-05   5.6464e+04
9.3000e-01   1.6373e-05   5.6802e+04
9.4000e-01   1.6450e-05   5.7144e+04
9.5000e-01   1.6526e-05   5.7487e+04
9.6000e-01   1.6601e-05   5.7827e+04
9.7000e-01   1.6675e-05   5.8173e+04
9.8000e-01   1.6747e-05   5.8517e+04
9.9000e-01   1.6819e-05   5.8864e+04
1.0000e+00   1.6888e-05   5.9212e+04
1.0100e+00   1.6958e-05   5.9560e+04
1.0200e+00   1.7026e-05   5.9909e+04
1.0300e+00   1.7093e-05   6.0259e+04
1.0400e+00   1.7159e-05   6.0610e+04
1.0500e+00   1.7225e-05   6.0958e+04
1.0600e+00   1.7288e-05   6.1314e+04
1.0700e+00   1.7351e-05   6.1667e+04
1.0800e+00   1.7413e-05   6.2023e+04
1.0900e+00   1.7480e-05   6.2359e+04
1.1000e+00   1.7540e-05   6.2715e+04
1.1100e+00   1.7599e-05   6.3072e+04
1.1200e+00   1.7658e-05   6.3427e+04
1.1300e+00   1.7715e-05   6.3787e+04
1.1400e+00   1.7772e-05   6.4145e+04
1.1500e+00   1.7828e-05   6.4506e+04
1.1600e+00   1.7882e-05   6.4869e+04
1.1700e+00   1.7937e-05   6.5230e+04
1.1800e+00   1.7991e-05   6.5590e+04
1.1900e+00   1.8043e-05   6.5953e+04
1.2000e+00   1.8095e-05   6.6318e+04
1.2100e+00   1.8146e-05   6.6682e+04
1.2200e+00   1.8197e-05   6.7044e+04
1.2300e+00   1.8247e-05   6.7408e+04
1.2400e+00   1.8296e-05   6.7776e+04
1.2500e+00   1.8344e-05   6.8141e+04
1.2600e+00   1.8392e-05   6.8509e+04
1.2700e+00   1.8439e-05   6.8874e+04
1.2800e+00   1.8486e-05   6.9243e+04
1.2900e+00   1.8532e-05   6.9610e+04
1.3000e+00   1.8579e-05   6.9970e+04
1.3100e+00   1.8624e-05   7.0340e+04
1.3200e+00   1.8668e-05   7.0708e+04
1.3300e+00   1.8713e-05   7.1075e+04
1.3400e+00   1.8755e-05   7.1449e+04
1.3500e+00   1.8798e-05   7.1818e+04
1.3600e+00   1.8839e-05   7.2190e+04
1.3700e+00   1.8880e-05   7.2564e+04
1.3800e+00   1.8921e-05   7.2934e+04
1.3900e+00   1.8960e-05   7.3311e+04
1.4000e+00   1.9000e-05   7.3686e+04
1.4100e+00   1.9038e-05   7.4062e+04
1.4200e+00   1.9077e-05   7.4435e+04
1.4300e+00   1.9115e-05   7.4811e+04
1.4400e+00   1.9153e-05   7.5185e+04
1.4500e+00   1.9191e-05   7.5558e+04
1.4600e+00   1.9227e-05   7.5936e+04
1.4700e+00   1.9263e-05   7.6311e+04
1.4800e+00   1.9300e-05   7.6685e+04
1.4900e+00   1.9336e-05   7.7060e+04
1.5000e+00   1.9373e-05   7.7428e+04
1.5100e+00   1.9408e-05   7.7805e+04
1.5200e+00   1.9441e-05   7.8186e+04
1.5300e+00   1.9475e-05   7.8562e+04
1.5400e+00   1.9508e-05   7.8941e+04
1.5500e+00   1.9541e-05   7.9322e+04
1.5600e+00   1.9574e-05   7.9699e+04
1.5700e+00   1.9606e-05   8.0078e+04
1.5800e+00   1.9638e-05   8.0455e+04
1.5900e+00   1.9670e-05   8.0835e+04
1.6000e+00   1.9701e-05   8.1215e+04
1.6100e+00   1.9732e-05   8.1595e+04
1.6200e+00   1.9762e-05   8.1976e+04
1.6300e+00   1.9792e-05   8.2355e+04
1.6400e+00   1.9823e-05   8.2734e+04
1.6500e+00   1.9852e-05   8.3117e+04
1.6600e+00   1.9881e-05   8.3498e+04
1.6700e+00   1.9910e-05   8.3879e+04
1.6800e+00   1.9939e-05   8.4257e+04
1.6900e+00   1.9968e-05   8.4635e+04
1.7000e+00   1.9995e-05   8.5020e+04
1.7100e+00   2.0026e-05   8.5389e+04
1.7200e+00   2.0054e-05   8.5770e+04
1.7300e+00   2.0081e-05   8.6149e+04
1.7400e+00   2.0108e-05   8.6533e+04
1.7500e+00   2.0134e-05   8.6917e+04
1.7600e+00   2.0161e-05   8.7299e+04
1.7700e+00   2.0187e-05   8.7679e+04
1.7800e+00   2.0213e-05   8.8060e+04
1.7900e+00   2.0239e-05   8.8444e+04
1.8000e+00   2.0264e-05   8.8827e+04
1.8100e+00   2.0290e-05   8.9208e+04
1.8200e+00   2.0314e-05   8.9593e+04
1.8300e+00   2.0339e-05   8.9974e+04
1.8400e+00   2.0363e-05   9.0358e+04
1.8500e+00   2.0388e-05   9.0741e+04
1.8600e+00   2.0412e-05   9.1123e+04
1.8700e+00   2.0435e-05   9.1508e+04
1.8800e+00   2.0460e-05   9.1885e+04
1.8900e+00   2.0484e-05   9.2266e+04
1.9000e+00   2.0507e-05   9.2652e+04
1.9100e+00   2.0532e-05   9.3024e+04
1.9200e+00   2.0555e-05   9.3408e+04
1.9300e+00   2.0577e-05   9.3792e+04
1.9400e+00   2.0601e-05   9.4172e+04
1.9500e+00   2.0623e-05   9.4556e+04
1.9600e+00   2.0645e-05   9.4939e+04
1.9700e+00   2.0667e-05   9.5322e+04
1.9800e+00   2.0688e-05   9.5708e+04
1.9900e+00   2.0710e-05   9.6088e+04
2.0000e+00   2.0732e-05   9.6469e+04
2.0100e+00   2.0753e-05   9.6853e+04
2.0200e+00   2.0775e-05   9.7233e+04
2.0300e+00   2.0796e-05   9.7615e+04
2.0400e+00   2.0818e-05   9.7992e+04
2.0500e+00   2.0839e-05   9.8375e+04
2.0600e+00   2.0859e-05   9.8759e+04
2.0700e+00   2.0879e-05   9.9142e+04
2.0800e+00   2.0899e-05   9.9524e+04
2.0900e+00   2.0920e-05   9.9903e+04
2.1000e+00   2.0940e-05   1.0029e+05
2.1100e+00   2.0961e-05   1.0067e+05
2.1200e+00   2.0981e-05   1.0105e+05
2.1300e+00   2.1001e-05   1.0142e+05
2.1400e+00   2.1020e-05   1.0181e+05
2.1500e+00   2.1040e-05   1.0219e+05
2.1600e+00   2.1059e-05   1.0257e+05
2.1700e+00   2.1079e-05   1.0295e+05
2.1800e+00   2.1098e-05   1.0333e+05
2.1900e+00   2.1118e-05   1.0370e+05
2.2000e+00   2.1137e-05   1.0408e+05
2.2100e+00   2.1156e-05   1.0446e+05
2.2200e+00   2.1174e-05   1.0485e+05
2.2300e+00   2.1193e-05   1.0522e+05
2.2400e+00   2.1210e-05   1.0561e+05
2.2500e+00   2.1230e-05   1.0598e+05
2.2600e+00   2.1248e-05   1.0636e+05
2.2700e+00   2.1265e-05   1.0675e+05
2.2800e+00   2.1284e-05   1.0713e+05
2.2900e+00   2.1302e-05   1.0750e+05
2.3000e+00   2.1320e-05   1.0788e+05
2.3100e+00   2.1338e-05   1.0826e+05
2.3200e+00   2.1357e-05   1.0863e+05
2.3300e+00   2.1374e-05   1.0901e+05
2.3400e+00   2.1392e-05   1.0939e+05
2.3500e+00   2.1409e-05   1.0977e+05
2.3600e+00   2.1426e-05   1.1015e+05
2.3700e+00   2.1443e-05   1.1053e+05
2.3800e+00   2.1461e-05   1.1090e+05
2.3900e+00   2.1478e-05   1.1128e+05
2.4000e+00   2.1495e-05   1.1166e+05
2.4100e+00   2.1512e-05   1.1203e+05
2.4200e+00   2.1529e-05   1.1241e+05
2.4300e+00   2.1546e-05   1.1278e+05
2.4400e+00   2.1561e-05   1.1317e+05
2.4500e+00   2.1579e-05   1.1354e+05
2.4600e+00   2.1594e-05   1.1392e+05
2.4700e+00   2.1610e-05   1.1430e+05
2.4800e+00   2.1626e-05   1.1468e+05
2.4900e+00   2.1643e-05   1.1505e+05
2.5000e+00   2.1659e-05   1.1543e+05
2.5100e+00   2.1675e-05   1.1580e+05
2.5200e+00   2.1691e-05   1.1618e+05
2.5300e+00   2.1709e-05   1.1654e+05
2.5400e+00   2.1725e-05   1.1692e+05
2.5500e+00   2.1740e-05   1.1730e+05
2.5600e+00   2.1755e-05   1.1767e+05
2.5700e+00   2.1771e-05   1.1805e+05
2.5800e+00   2.1786e-05   1.1842e+05
2.5900e+00   2.1803e-05   1.1879e+05
2.6000e+00   2.1818e-05   1.1917e+05
2.6100e+00   2.1833e-05   1.1954e+05
2.6200e+00   2.1849e-05   1.1991e+05
2.6300e+00   2.1864e-05   1.2029e+05
2.6400e+00   2.1879e-05   1.2066e+05
2.6500e+00   2.1893e-05   1.2104e+05
2.6600e+00   2.1908e-05   1.2142e+05
2.6700e+00   2.1924e-05   1.2178e+05
2.6800e+00   2.1940e-05   1.2215e+05
2.6900e+00   2.1954e-05   1.2253e+05
2.7000e+00   2.1969e-05   1.2290e+05
2.7100e+00   2.1983e-05   1.2328e+05
2.7200e+00   2.1998e-05   1.2365e+05
2.7300e+00   2.2015e-05   1.2401e+05
2.7400e+00   2.2029e-05   1.2438e+05
2.7500e+00   2.2044e-05   1.2475e+05
2.7600e+00   2.2059e-05   1.2512e+05
2.7700e+00   2.2074e-05   1.2549e+05
2.7800e+00   2.2088e-05   1.2586e+05
2.7900e+00   2.2103e-05   1.2623e+05
2.8000e+00   2.2117e-05   1.2660e+05
2.8100e+00   2.2132e-05   1.2697e+05
2.8200e+00   2.2147e-05   1.2733e+05
2.8300e+00   2.2161e-05   1.2770e+05
2.8400e+00   2.2175e-05   1.2807e+05
2.8500e+00   2.2189e-05   1.2844e+05
2.8600e+00   2.2204e-05   1.2880e+05
2.8700e+00   2.2219e-05   1.2917e+05
2.8800e+00   2.2232e-05   1.2954e+05
2.8900e+00   2.2246e-05   1.2991e+05
2.9000e+00   2.2260e-05   1.3028e+05
2.9100e+00   2.2275e-05   1.3064e+05
2.9200e+00   2.2289e-05   1.3101e+05
2.9300e+00   2.2303e-05   1.3137e+05
2.9400e+00   2.2318e-05   1.3173e+05
2.9500e+00   2.2332e-05   1.3210e+05
2.9600e+00   2.2345e-05   1.3247e+05
2.9700e+00   2.2359e-05   1.3283e+05
2.9800e+00   2.2372e-05   1.3320e+05
2.9900e+00   2.2386e-05   1.3357e+05
3.0000e+00   2.2400e-05   1.3393e+05
3.0100e+00   2.2414e-05   1.3429e+05
3.0200e+00   2.2428e-05   1.3466e+05
3.0300e+00   2.2441e-05   1.3502e+05
3.0400e+00   2.2455e-05   1.3538e+05
3.0500e+00   2.2468e-05   1.3575e+05
3.0600e+00   2.2481e-05   1.3612e+05
3.0700e+00   2.2495e-05   1.3647e+05
3.0800e+00   2.2508e-05   1.3684e+05
3.0900e+00   2.2521e-05   1.3720e+05
3.1000e+00   2.2536e-05   1.3756e+05
3.1100e+00   2.2548e-05   1.3793e+05
3.1200e+00   2.2561e-05   1.3829e+05
3.1300e+00   2.2574e-05   1.3865e+05
3.1400e+00   2.2588e-05   1.3901e+05
3.1500e+00   2.2602e-05   1.3937e+05
3.1600e+00   2.2615e-05   1.3973e+05
3.1700e+00   2.2628e-05   1.4009e+05
3.1800e+00   2.2641e-05   1.4045e+05
3.1900e+00   2.2653e-05   1.4082e+05
3.2000e+00   2.2667e-05   1.4117e+05
3.2100e+00   2.2680e-05   1.4153e+05
3.2200e+00   2.2693e-05   1.4189e+05
3.2300e+00   2.2706e-05   1.4225e+05
3.2400e+00   2.2719e-05   1.4261e+05
3.2500e+00   2.2732e-05   1.4297e+05
3.2600e+00   2.2745e-05   1.4333e+05
3.2700e+00   2.2758e-05   1.4369e+05
3.2800e+00   2.2771e-05   1.4404e+05
3.2900e+00   2.2783e-05   1.4440e+05
3.3000e+00   2.2797e-05   1.4476e+05
3.3100e+00   2.2810e-05   1.4511e+05
3.3200e+00   2.2822e-05   1.4547e+05
3.3300e+00   2.2836e-05   1.4582e+05
3.3400e+00   2.2849e-05   1.4618e+05
3.3500e+00   2.2862e-05   1.4653e+05
3.3600e+00   2.2875e-05   1.4689e+05
3.3700e+00   2.2888e-05   1.4724e+05
3.3800e+00   2.2900e-05   1.4760e+05
3.3900e+00   2.2913e-05   1.4795e+05
3.4000e+00   2.2925e-05   1.4831e+05
3.4100e+00   2.2938e-05   1.4866e+05
3.4200e+00   2.2950e-05   1.4902e+05
3.4300e+00   2.2962e-05   1.4938e+05
3.4400e+00   2.2975e-05   1.4973e+05
3.4500e+00   2.2987e-05   1.5009e+05
3.4600e+00   2.3000e-05   1.5043e+05
3.4700e+00   2.3012e-05   1.5079e+05
3.4800e+00   2.3024e-05   1.5114e+05
3.4900e+00   2.3037e-05   1.5150e+05
3.5000e+00   2.3050e-05   1.5185e+05
3.5100e+00   2.3062e-05   1.5220e+05
3.5200e+00   2.3075e-05   1.5255e+05
3.5300e+00   2.3088e-05   1.5289e+05
3.5400e+00   2.3099e-05   1.5325e+05
3.5500e+00   2.3112e-05   1.5360e+05
3.5600e+00   2.3124e-05   1.5395e+05
3.5700e+00   2.3136e-05   1.5430e+05
3.5800e+00   2.3149e-05   1.5465e+05
3.5900e+00   2.3161e-05   1.5500e+05
3.6000e+00   2.3173e-05   1.5535e+05
3.6100e+00   2.3186e-05   1.5570e+05
3.6200e+00   2.3198e-05   1.5605e+05
3.6300e+00   2.3210e-05   1.5640e+05
3.6400e+00   2.3223e-05   1.5674e+05
3.6500e+00   2.3235e-05   1.5709e+05
3.6600e+00   2.3246e-05   1.5745e+05
3.6700e+00   2.3258e-05   1.5779e+05
3.6800e+00   2.3271e-05   1.5814e+05
3.6900e+00   2.3284e-05   1.5848e+05
3.7000e+00   2.3295e-05   1.5883e+05
3.7100e+00   2.3307e-05   1.5918e+05
3.7200e+00   2.3319e-05   1.5953e+05
3.7300e+00   2.3332e-05   1.5987e+05
3.7400e+00   2.3344e-05   1.6022e+05
3.7500e+00   2.3355e-05   1.6056e+05
3.7600e+00   2.3367e-05   1.6091e+05
3.7700e+00   2.3379e-05   1.6126e+05
3.7800e+00   2.3390e-05   1.6161e+05
3.7900e+00   2.3402e-05   1.6195e+05
3.8000e+00   2.3414e-05   1.6230e+05
3.8100e+00   2.3426e-05   1.6264e+05
3.8200e+00   2.3438e-05   1.6298e+05
3.8300e+00   2.3449e-05   1.6333e+05
3.8400e+00   2.3462e-05   1.6367e+05
3.8500e+00   2.3474e-05   1.6401e+05
3.8600e+00   2.3486e-05   1.6435e+05
3.8700e+00   2.3499e-05   1.6469e+05
3.8800e+00   2.3511e-05   1.6503e+05
3.8900e+00   2.3522e-05   1.6538e+05
3.9000e+00   2.3535e-05   1.6571e+05
3.9100e+00   2.3546e-05   1.6606e+05
3.9200e+00   2.3558e-05   1.6640e+05
3.9300e+00   2.3570e-05   1.6674e+05
3.9400e+00   2.3582e-05   1.6708e+05
3.9500e+00   2.3594e-05   1.6742e+05
3.9600e+00   2.3606e-05   1.6776e+05
3.9700e+00   2.3616e-05   1.6810e+05
3.9800e+00   2.3628e-05   1.6844e+05
3.9900e+00   2.3640e-05   1.6878e+05
4.0000e+00   2.3651e-05   1.6912e+05
4.0100e+00   2.3662e-05   1.6947e+05
4.0200e+00   2.3675e-05   1.6980e+05
4.0300e+00   2.3686e-05   1.7014e+05
4.0400e+00   2.3699e-05   1.7047e+05
4.0500e+00   2.3712e-05   1.7080e+05
4.0600e+00   2.3723e-05   1.7114e+05
4.0700e+00   2.3735e-05   1.7148e+05
4.0800e+00   2.3746e-05   1.7182e+05
4.0900e+00   2.3758e-05   1.7215e+05
4.1000e+00   2.3770e-05   1.7249e+05
4.1100e+00   2.3781e-05   1.7282e+05
4.1200e+00   2.3793e-05   1.7316e+05
4.1300e+00   2.3805e-05   1.7349e+05
4.1400e+00   2.3817e-05   1.7383e+05
4.1500e+00   2.3829e-05   1.7416e+05
4.1600e+00   2.3839e-05   1.7450e+05
4.1700e+00   2.3850e-05   1.7484e+05
4.1800e+00   2.3862e-05   1.7517e+05
4.1900e+00   2.3874e-05   1.7551e+05
4.2000e+00   2.3886e-05   1.7584e+05
4.2100e+00   2.3898e-05   1.7617e+05
4.2200e+00   2.3909e-05   1.7650e+05
4.2300e+00   2.3921e-05   1.7684e+05
4.2400e+00   2.3932e-05   1.7717e+05
4.2500e+00   2.3943e-05   1.7750e+05
4.2600e+00   2.3956e-05   1.7783e+05
4.2700e+00   2.3967e-05   1.7816e+05
4.2800e+00   2.3979e-05   1.7849e+05
4.2900e+00   2.3990e-05   1.7882e+05
4.3000e+00   2.4002e-05   1.7915e+05
4.3100e+00   2.4013e-05   1.7948e+05
4.3200e+00   2.4025e-05   1.7981e+05
4.3300e+00   2.4036e-05   1.8015e+05
4.3400e+00   2.4047e-05   1.8048e+05
4.3500e+00   2.4060e-05   1.8080e+05
4.3600e+00   2.4071e-05   1.8113e+05
4.3700e+00   2.4083e-05   1.8146e+05
4.3800e+00   2.4094e-05   1.8179e+05
4.3900e+00   2.4107e-05   1.8211e+05
4.4000e+00   2.4117e-05   1.8244e+05
4.4100e+00   2.4130e-05   1.8276e+05
4.4200e+00   2.4141e-05   1.8309e+05
4.4300e+00   2.4152e-05   1.8342e+05
4.4400e+00   2.4164e-05   1.8374e+05
4.4500e+00   2.4175e-05   1.8407e+05
4.4600e+00   2.4186e-05   1.8441e+05
4.4700e+00   2.4198e-05   1.8473e+05
4.4800e+00   2.4209e-05   1.8506e+05
4.4900e+00   2.4221e-05   1.8538e+05
4.5000e+00   2.4232e-05   1.8571e+05
4.5100e+00   2.4244e-05   1.8603e+05
4.5200e+00   2.4255e-05   1.8635e+05
4.5300e+00   2.4267e-05   1.8668e+05
4.5400e+00   2.4278e-05   1.8700e+05
4.5500e+00   2.4289e-05   1.8733e+05
4.5600e+00   2.4300e-05   1.8765e+05
4.5700e+00   2.4312e-05   1.8797e+05
4.5800e+00   2.4323e-05   1.8830e+05
4.5900e+00   2.4335e-05   1.8862e+05
4.6000e+00   2.4347e-05   1.8894e+05
4.6100e+00   2.4358e-05   1.8926e+05
4.6200e+00   2.4369e-05   1.8959e+05
4.6300e+00   2.4380e-05   1.8991e+05
4.6400e+00   2.4392e-05   1.9023e+05
4.6500e+00   2.4402e-05   1.9056e+05
4.6600e+00   2.4415e-05   1.9087e+05
4.6700e+00   2.4426e-05   1.9119e+05
4.6800e+00   2.4437e-05   1.9151e+05
4.6900e+00   2.4448e-05   1.9184e+05
4.7000e+00   2.4460e-05   1.9215e+05
4.7100e+00   2.4471e-05   1.9247e+05
4.7200e+00   2.4483e-05   1.9279e+05
4.7300e+00   2.4495e-05   1.9310e+05
4.7400e+00   2.4507e-05   1.9342e+05
4.7500e+00   2.4518e-05   1.9373e+05
4.7600e+00   2.4529e-05   1.9405e+05
4.7700e+00   2.4541e-05   1.9437e+05
4.7800e+00   2.4553e-05   1.9468e+05
4.7900e+00   2.4564e-05   1.9500e+05
4.8000e+00   2.4575e-05   1.9532e+05
4.8100e+00   2.4587e-05   1.9564e+05
4.8200e+00   2.4598e-05   1.9595e+05
4.8300e+00   2.4610e-05   1.9627e+05
4.8400e+00   2.4621e-05   1.9658e+05
4.8500e+00   2.4631e-05   1.9690e+05
4.8600e+00   2.4643e-05   1.9722e+05
4.8700e+00   2.4654e-05   1.9753e+05
4.8800e+00   2.4664e-05   1.9786e+05
4.8900e+00   2.4676e-05   1.9817e+05
4.9000e+00   2.4688e-05   1.9848e+05
4.9100e+00   2.4699e-05   1.9880e+05
4.9200e+00   2.4710e-05   1.9911e+05
4.9300e+00   2.4721e-05   1.9943e+05
4.9400e+00   2.4733e-05   1.9974e+05
4.9500e+00   2.4744e-05   2.0005e+05
4.9600e+00   2.4756e-05   2.0036e+05
4.9700e+00   2.4767e-05   2.0067e+05
4.9800e+00   2.4778e-05   2.0098e+05
4.9900e+00   2.4790e-05   2.0129e+05
5.0000e+00   2.4800e-05   2.0161e+05
5.0100e+00   2.4812e-05   2.0192e+05
5.0200e+00   2.4822e-05   2.0224e+05
5.0300e+00   2.4833e-05   2.0255e+05
5.0400e+00   2.4845e-05   2.0286e+05
5.0500e+00   2.4855e-05   2.0317e+05
5.0600e+00   2.4867e-05   2.0348e+05
5.0700e+00   2.4879e-05   2.0379e+05
5.0800e+00   2.4889e-05   2.0410e+05
5.0900e+00   2.4902e-05   2.0440e+05
5.1000e+00   2.4914e-05   2.0471e+05
5.1100e+00   2.4927e-05   2.0500e+05
5.1200e+00   2.4937e-05   2.0531e+05
5.1300e+00   2.4949e-05   2.0562e+05
5.1400e+00   2.4962e-05   2.0591e+05
5.1500e+00   2.4974e-05   2.0621e+05
5.1600e+00   2.4986e-05   2.0651e+05
5.1700e+00   2.4999e-05   2.0681e+05
5.1800e+00   2.5011e-05   2.0711e+05
5.1900e+00   2.5023e-05   2.0741e+05
5.2000e+00   2.5035e-05   2.0771e+05
5.2100e+00   2.5047e-05   2.0801e+05
5.2200e+00   2.5059e-05   2.0831e+05
5.2300e+00   2.5071e-05   2.0861e+05
5.2400e+00   2.5084e-05   2.0890e+05
5.2500e+00   2.5096e-05   2.0920e+05
5.2600e+00   2.5108e-05   2.0950e+05
5.2700e+00   2.5120e-05   2.0979e+05
5.2800e+00   2.5134e-05   2.1008e+05
5.2900e+00   2.5147e-05   2.1036e+05
5.3000e+00   2.5158e-05   2.1067e+05
5.3100e+00   2.5172e-05   2.1095e+05
5.3200e+00   2.5183e-05   2.1125e+05
5.3300e+00   2.5196e-05   2.1154e+05
5.3400e+00   2.5208e-05   2.1184e+05
5.3500e+00   2.5221e-05   2.1213e+05
5.3600e+00   2.5233e-05   2.1242e+05
5.3700e+00   2.5246e-05   2.1271e+05
5.3800e+00   2.5258e-05   2.1300e+05
5.3900e+00   2.5270e-05   2.1330e+05
5.4000e+00   2.5283e-05   2.1358e+05
5.4100e+00   2.5296e-05   2.1387e+05
5.4200e+00   2.5309e-05   2.1416e+05
5.4300e+00   2.5320e-05   2.1445e+05
5.4400e+00   2.5333e-05   2.1474e+05
5.4500e+00   2.5346e-05   2.1502e+05
5.4600e+00   2.5358e-05   2.1532e+05
5.4700e+00   2.5371e-05   2.1560e+05
5.4800e+00   2.5383e-05   2.1589e+05
5.4900e+00   2.5395e-05   2.1618e+05
5.5000e+00   2.5408e-05   2.1647e+05
5.5100e+00   2.5420e-05   2.1676e+05
5.5200e+00   2.5432e-05   2.1705e+05
5.5300e+00   2.5444e-05   2.1734e+05
5.5400e+00   2.5456e-05   2.1763e+05
5.5500e+00   2.5469e-05   2.1791e+05
5.5600e+00   2.5481e-05   2.1820e+05
5.5700e+00   2.5493e-05   2.1849e+05
5.5800e+00   2.5505e-05   2.1878e+05
5.5900e+00   2.5518e-05   2.1907e+05
5.6000e+00   2.5530e-05   2.1935e+05
5.6100e+00   2.5542e-05   2.1964e+05
5.6200e+00   2.5554e-05   2.1993e+05
5.6300e+00   2.5566e-05   2.2022e+05
5.6400e+00   2.5578e-05   2.2050e+05
5.6500e+00   2.5590e-05   2.2079e+05
5.6600e+00   2.5602e-05   2.2108e+05
5.6700e+00   2.5614e-05   2.2136e+05
5.6800e+00   2.5627e-05   2.2164e+05
5.6900e+00   2.5638e-05   2.2193e+05
5.7000e+00   2.5651e-05   2.2222e+05
5.7100e+00   2.5664e-05   2.2249e+05
5.7200e+00   2.5676e-05   2.2278e+05
5.7300e+00   2.5688e-05   2.2306e+05
5.7400e+00   2.5701e-05   2.2333e+05
5.7500e+00   2.5713e-05   2.2362e+05
5.7600e+00   2.5725e-05   2.2390e+05
5.7700e+00   2.5737e-05   2.2419e+05
5.7800e+00   2.5749e-05   2.2448e+05
5.7900e+00   2.5761e-05   2.2476e+05
5.8000e+00   2.5773e-05   2.2504e+05
5.8100e+00   2.5785e-05   2.2532e+05
5.8200e+00   2.5797e-05   2.2561e+05
5.8300e+00   2.5810e-05   2.2588e+05
5.8400e+00   2.5822e-05   2.2617e+05
5.8500e+00   2.5833e-05   2.2645e+05
5.8600e+00   2.5846e-05   2.2673e+05
5.8700e+00   2.5858e-05   2.2701e+05
5.8800e+00   2.5870e-05   2.2729e+05
5.8900e+00   2.5881e-05   2.2758e+05
5.9000e+00   2.5894e-05   2.2785e+05
5.9100e+00   2.5905e-05   2.2814e+05
5.9200e+00   2.5916e-05   2.2843e+05
5.9300e+00   2.5929e-05   2.2870e+05
5.9400e+00   2.5940e-05   2.2899e+05
5.9500e+00   2.5952e-05   2.2927e+05
5.9600e+00   2.5963e-05   2.2955e+05
5.9700e+00   2.5975e-05   2.2984e+05
5.9800e+00   2.5987e-05   2.3011e+05
5.9900e+00   2.5999e-05   2.3040e+05
6.0000e+00   2.6011e-05   2.3067e+05
6.0100e+00   2.6023e-05   2.3095e+05
6.0200e+00   2.6034e-05   2.3123e+05
6.0300e+00   2.6047e-05   2.3151e+05
6.0400e+00   2.6058e-05   2.3179e+05
6.0500e+00   2.6070e-05   2.3207e+05
6.0600e+00   2.6081e-05   2.3236e+05
6.0700e+00   2.6092e-05   2.3264e+05
6.0800e+00   2.6103e-05   2.3292e+05
6.0900e+00   2.6115e-05   2.3320e+05
6.1000e+00   2.6127e-05   2.3348e+05
6.1100e+00   2.6138e-05   2.3376e+05
6.1200e+00   2.6150e-05   2.3404e+05
6.1300e+00   2.6161e-05   2.3432e+05
6.1400e+00   2.6173e-05   2.3459e+05
6.1500e+00   2.6185e-05   2.3487e+05
6.1600e+00   2.6196e-05   2.3515e+05
6.1700e+00   2.6207e-05   2.3543e+05
6.1800e+00   2.6219e-05   2.3571e+05
6.1900e+00   2.6230e-05   2.3599e+05
6.2000e+00   2.6241e-05   2.3627e+05
6.2100e+00   2.6253e-05   2.3655e+05
6.2200e+00   2.6265e-05   2.3682e+05
6.2300e+00   2.6277e-05   2.3709e+05
6.2400e+00   2.6288e-05   2.3737e+05
6.2500e+00   2.6299e-05   2.3765e+05
6.2600e+00   2.6311e-05   2.3793e+05
6.2700e+00   2.6322e-05   2.3820e+05
6.2800e+00   2.6334e-05   2.3847e+05
6.2900e+00   2.6346e-05   2.3875e+05
6.3000e+00   2.6357e-05   2.3902e+05
6.3100e+00   2.6368e-05   2.3931e+05
6.3200e+00   2.6379e-05   2.3959e+05
6.3300e+00   2.6391e-05   2.3986e+05
6.3400e+00   2.6402e-05   2.4013e+05
6.3500e+00   2.6413e-05   2.4041e+05
6.3600e+00   2.6425e-05   2.4068e+05
6.3700e+00   2.6436e-05   2.4096e+05
6.3800e+00   2.6447e-05   2.4124e+05
6.3900e+00   2.6459e-05   2.4151e+05
6.4000e+00   2.6470e-05   2.4178e+05
6.4100e+00   2.6481e-05   2.4206e+05
6.4200e+00   2.6493e-05   2.4233e+05
6.4300e+00   2.6504e-05   2.4260e+05
6.4400e+00   2.6516e-05   2.4287e+05
6.4500e+00   2.6527e-05   2.4314e+05
6.4600e+00   2.6539e-05   2.4342e+05
6.4700e+00   2.6550e-05   2.4369e+05
6.4800e+00   2.6562e-05   2.4396e+05
6.4900e+00   2.6574e-05   2.4423e+05
6.5000e+00   2.6585e-05   2.4450e+05
6.5100e+00   2.6596e-05   2.4477e+05
6.5200e+00   2.6608e-05   2.4504e+05
6.5300e+00   2.6619e-05   2.4532e+05
6.5400e+00   2.6631e-05   2.4558e+05
6.5500e+00   2.6642e-05   2.4586e+05
6.5600e+00   2.6652e-05   2.4613e+05
6.5700e+00   2.6663e-05   2.4640e+05
6.5800e+00   2.6676e-05   2.4666e+05
6.5900e+00   2.6688e-05   2.4693e+05
6.6000e+00   2.6698e-05   2.4721e+05
6.6100e+00   2.6709e-05   2.4748e+05
6.6200e+00   2.6721e-05   2.4774e+05
6.6300e+00   2.6733e-05   2.4801e+05
6.6400e+00   2.6744e-05   2.4828e+05
6.6500e+00   2.6755e-05   2.4855e+05
6.6600e+00   2.6766e-05   2.4882e+05
6.6700e+00   2.6777e-05   2.4909e+05
6.6800e+00   2.6789e-05   2.4935e+05
6.6900e+00   2.6800e-05   2.4963e+05
6.7000e+00   2.6811e-05   2.4990e+05
6.7100e+00   2.6823e-05   2.5016e+05
6.7200e+00   2.6834e-05   2.5043e+05
6.7300e+00   2.6845e-05   2.5070e+05
6.7400e+00   2.6857e-05   2.5096e+05
6.7500e+00   2.6869e-05   2.5122e+05
6.7600e+00   2.6880e-05   2.5149e+05
6.7700e+00   2.6890e-05   2.5176e+05
6.7800e+00   2.6902e-05   2.5203e+05
6.7900e+00   2.6914e-05   2.5228e+05
6.8000e+00   2.6925e-05   2.5255e+05
6.8100e+00   2.6937e-05   2.5281e+05
6.8200e+00   2.6949e-05   2.5308e+05
6.8300e+00   2.6959e-05   2.5335e+05
6.8400e+00   2.6971e-05   2.5361e+05
6.8500e+00   2.6981e-05   2.5388e+05
6.8600e+00   2.6993e-05   2.5414e+05
6.8700e+00   2.7005e-05   2.5440e+05
6.8800e+00   2.7016e-05   2.5466e+05
6.8900e+00   2.7028e-05   2.5492e+05
6.9000e+00   2.7040e-05   2.5518e+05
6.9100e+00   2.7050e-05   2.5545e+05
6.9200e+00   2.7062e-05   2.5571e+05
6.9300e+00   2.7073e-05   2.5598e+05
6.9400e+00   2.7085e-05   2.5623e+05
6.9500e+00   2.7097e-05   2.5649e+05
6.9600e+00   2.7108e-05   2.5676e+05
6.9700e+00   2.7119e-05   2.5701e+05
6.9800e+00   2.7131e-05   2.5727e+05
6.9900e+00   2.7142e-05   2.5753e+05
7.0000e+00   2.7154e-05   2.5779e+05
7.0100e+00   2.7166e-05   2.5805e+05
7.0200e+00   2.7177e-05   2.5830e+05
7.0300e+00   2.7188e-05   2.5857e+05
7.0400e+00   2.7200e-05   2.5883e+05
7.0500e+00   2.7211e-05   2.5908e+05
7.0600e+00   2.7223e-05   2.5934e+05
7.0700e+00   2.7234e-05   2.5961e+05
7.0800e+00   2.7246e-05   2.5985e+05
7.0900e+00   2.7257e-05   2.6012e+05
7.1000e+00   2.7269e-05   2.6037e+05
7.1100e+00   2.7280e-05   2.6063e+05
7.1200e+00   2.7291e-05   2.6089e+05
7.1300e+00   2.7302e-05   2.6115e+05
7.1400e+00   2.7314e-05   2.6140e+05
7.1500e+00   2.7326e-05   2.6165e+05
7.1600e+00   2.7337e-05   2.6191e+05
7.1700e+00   2.7349e-05   2.6216e+05
7.1800e+00   2.7360e-05   2.6242e+05
7.1900e+00   2.7372e-05   2.6268e+05
7.2000e+00   2.7383e-05   2.6293e+05
7.2100e+00   2.7395e-05   2.6318e+05
7.2200e+00   2.7407e-05   2.6344e+05
7.2300e+00   2.7417e-05   2.6370e+05
7.2400e+00   2.7429e-05   2.6395e+05
7.2500e+00   2.7440e-05   2.6422e+05
7.2600e+00   2.7451e-05   2.6447e+05
7.2700e+00   2.7463e-05   2.6472e+05
7.2800e+00   2.7475e-05   2.6497e+05
7.2900e+00   2.7487e-05   2.6522e+05
7.3000e+00   2.7498e-05   2.6548e+05
7.3100e+00   2.7508e-05   2.6574e+05
7.3200e+00   2.7520e-05   2.6599e+05
7.3300e+00   2.7531e-05   2.6624e+05
7.3400e+00   2.7543e-05   2.6649e+05
7.3500e+00   2.7554e-05   2.6675e+05
7.3600e+00   2.7566e-05   2.6700e+05
7.3700e+00   2.7578e-05   2.6724e+05
7.3800e+00   2.7589e-05   2.6750e+05
7.3900e+00   2.7601e-05   2.6775e+05
7.4000e+00   2.7612e-05   2.6800e+05
7.4100e+00   2.7624e-05   2.6825e+05
7.4200e+00   2.7636e-05   2.6849e+05
7.4300e+00   2.7647e-05   2.6875e+05
7.4400e+00   2.7658e-05   2.6900e+05
7.4500e+00   2.7670e-05   2.6925e+05
7.4600e+00   2.7682e-05   2.6949e+05
7.4700e+00   2.7692e-05   2.6975e+05
7.4800e+00   2.7704e-05   2.7000e+05
7.4900e+00   2.7716e-05   2.7024e+05
7.5000e+00   2.7728e-05   2.7048e+05
7.5100e+00   2.7739e-05   2.7074e+05
7.5200e+00   2.7750e-05   2.7099e+05
7.5300e+00   2.7761e-05   2.7124e+05
7.5400e+00   2.7773e-05   2.7149e+05
7.5500e+00   2.7785e-05   2.7173e+05
7.5600e+00   2.7796e-05   2.7198e+05
7.5700e+00   2.7808e-05   2.7222e+05
7.5800e+00   2.7820e-05   2.7246e+05
7.5900e+00   2.7831e-05   2.7272e+05
7.6000e+00   2.7843e-05   2.7296e+05
7.6100e+00   2.7854e-05   2.7321e+05
7.6200e+00   2.7866e-05   2.7345e+05
7.6300e+00   2.7876e-05   2.7371e+05
7.6400e+00   2.7888e-05   2.7395e+05
7.6500e+00   2.7899e-05   2.7420e+05
7.6600e+00   2.7911e-05   2.7444e+05
7.6700e+00   2.7922e-05   2.7469e+05
7.6800e+00   2.7934e-05   2.7493e+05
7.6900e+00   2.7946e-05   2.7518e+05
7.7000e+00   2.7957e-05   2.7542e+05
7.7100e+00   2.7969e-05   2.7567e+05
7.7200e+00   2.7981e-05   2.7590e+05
7.7300e+00   2.7991e-05   2.7616e+05
7.7400e+00   2.8004e-05   2.7639e+05
7.7500e+00   2.8014e-05   2.7665e+05
7.7600e+00   2.8027e-05   2.7688e+05
7.7700e+00   2.8038e-05   2.7712e+05
7.7800e+00   2.8049e-05   2.7737e+05
7.7900e+00   2.8061e-05   2.7761e+05
7.8000e+00   2.8072e-05   2.7785e+05
7.8100e+00   2.8085e-05   2.7808e+05
7.8200e+00   2.8097e-05   2.7833e+05
7.8300e+00   2.8108e-05   2.7857e+05
7.8400e+00   2.8120e-05   2.7880e+05
7.8500e+00   2.8132e-05   2.7905e+05
7.8600e+00   2.8143e-05   2.7928e+05
7.8700e+00   2.8155e-05   2.7953e+05
7.8800e+00   2.8165e-05   2.7978e+05
7.8900e+00   2.8178e-05   2.8001e+05
7.9000e+00   2.8188e-05   2.8026e+05
7.9100e+00   2.8200e-05   2.8050e+05
7.9200e+00   2.8211e-05   2.8074e+05
7.9300e+00   2.8222e-05   2.8098e+05
7.9400e+00   2.8234e-05   2.8122e+05
7.9500e+00   2.8245e-05   2.8146e+05
7.9600e+00   2.8258e-05   2.8169e+05
7.9700e+00   2.8269e-05   2.8193e+05
7.9800e+00   2.8281e-05   2.8217e+05
7.9900e+00   2.8293e-05   2.8241e+05
8.0000e+00   2.8304e-05   2.8265e+05
8.0100e+00   2.8315e-05   2.8289e+05
8.0200e+00   2.8327e-05   2.8313e+05
8.0300e+00   2.8338e-05   2.8336e+05
8.0400e+00   2.8350e-05   2.8360e+05
8.0500e+00   2.8363e-05   2.8382e+05
8.0600e+00   2.8374e-05   2.8406e+05
8.0700e+00   2.8385e-05   2.8430e+05
8.0800e+00   2.8397e-05   2.8454e+05
8.0900e+00   2.8409e-05   2.8477e+05
8.1000e+00   2.8421e-05   2.8500e+05
8.1100e+00   2.8432e-05   2.8524e+05
8.1200e+00   2.8444e-05   2.8547e+05
8.1300e+00   2.8455e-05   2.8571e+05
8.1400e+00   2.8466e-05   2.8596e+05
8.1500e+00   2.8479e-05   2.8618e+05
8.1600e+00   2.8490e-05   2.8642e+05
8.1700e+00   2.8502e-05   2.8665e+05
8.1800e+00   2.8513e-05   2.8689e+05
8.1900e+00   2.8525e-05   2.8712e+05
8.2000e+00   2.8536e-05   2.8736e+05
8.2100e+00   2.8548e-05   2.8758e+05
8.2200e+00   2.8560e-05   2.8782e+05
8.2300e+00   2.8572e-05   2.8804e+05
8.2400e+00   2.8583e-05   2.8829e+05
8.2500e+00   2.8593e-05   2.8853e+05
8.2600e+00   2.8605e-05   2.8876e+05
8.2700e+00   2.8616e-05   2.8900e+05
8.2800e+00   2.8629e-05   2.8922e+05
8.2900e+00   2.8640e-05   2.8946e+05
8.3000e+00   2.8651e-05   2.8970e+05
8.3100e+00   2.8663e-05   2.8992e+05
8.3200e+00   2.8675e-05   2.9015e+05
8.3300e+00   2.8686e-05   2.9039e+05
8.3400e+00   2.8698e-05   2.9061e+05
8.3500e+00   2.8709e-05   2.9085e+05
8.3600e+00   2.8722e-05   2.9107e+05
8.3700e+00   2.8733e-05   2.9130e+05
8.3800e+00   2.8744e-05   2.9154e+05
8.3900e+00   2.8755e-05   2.9178e+05
8.4000e+00   2.8767e-05   2.9200e+05
8.4100e+00   2.8778e-05   2.9223e+05
8.4200e+00   2.8789e-05   2.9247e+05
8.4300e+00   2.8802e-05   2.9269e+05
8.4400e+00   2.8813e-05   2.9292e+05
8.4500e+00   2.8825e-05   2.9315e+05
8.4600e+00   2.8835e-05   2.9339e+05
8.4700e+00   2.8847e-05   2.9362e+05
8.4800e+00   2.8858e-05   2.9385e+05
8.4900e+00   2.8869e-05   2.9408e+05
8.5000e+00   2.8881e-05   2.9432e+05
8.5100e+00   2.8893e-05   2.9454e+05
8.5200e+00   2.8904e-05   2.9477e+05
8.5300e+00   2.8916e-05   2.9499e+05
8.5400e+00   2.8927e-05   2.9523e+05
8.5500e+00   2.8937e-05   2.9547e+05
8.5600e+00   2.8950e-05   2.9568e+05
8.5700e+00   2.8961e-05   2.9591e+05
8.5800e+00   2.8973e-05   2.9614e+05
8.5900e+00   2.8984e-05   2.9637e+05
8.6000e+00   2.8995e-05   2.9660e+05
8.6100e+00   2.9006e-05   2.9683e+05
8.6200e+00   2.9019e-05   2.9705e+05
8.6300e+00   2.9029e-05   2.9729e+05
8.6400e+00   2.9040e-05   2.9752e+05
8.6500e+00   2.9051e-05   2.9775e+05
8.6600e+00   2.9063e-05   2.9797e+05
8.6700e+00   2.9074e-05   2.9821e+05
8.6800e+00   2.9085e-05   2.9843e+05
8.6900e+00   2.9096e-05   2.9866e+05
8.7000e+00   2.9107e-05   2.9890e+05
8.7100e+00   2.9119e-05   2.9912e+05
8.7200e+00   2.9131e-05   2.9934e+05
8.7300e+00   2.9143e-05   2.9956e+05
8.7400e+00   2.9154e-05   2.9979e+05
8.7500e+00   2.9164e-05   3.0002e+05
8.7600e+00   2.9176e-05   3.0025e+05
8.7700e+00   2.9188e-05   3.0047e+05
8.7800e+00   2.9199e-05   3.0069e+05
8.7900e+00   2.9210e-05   3.0092e+05
8.8000e+00   2.9222e-05   3.0115e+05
8.8100e+00   2.9233e-05   3.0137e+05
8.8200e+00   2.9245e-05   3.0159e+05
8.8300e+00   2.9256e-05   3.0182e+05
8.8400e+00   2.9267e-05   3.0204e+05
8.8500e+00   2.9279e-05   3.0227e+05
8.8600e+00   2.9290e-05   3.0250e+05
8.8700e+00   2.9302e-05   3.0271e+05
8.8800e+00   2.9313e-05   3.0294e+05
8.8900e+00   2.9323e-05   3.0317e+05
8.9000e+00   2.9335e-05   3.0340e+05
8.9100e+00   2.9345e-05   3.0363e+05
8.9200e+00   2.9356e-05   3.0386e+05
8.9300e+00   2.9368e-05   3.0407e+05
8.9400e+00   2.9379e-05   3.0430e+05
8.9500e+00   2.9388e-05   3.0454e+05
8.9600e+00   2.9400e-05   3.0476e+05
8.9700e+00   2.9412e-05   3.0498e+05
8.9800e+00   2.9423e-05   3.0520e+05
8.9900e+00   2.9434e-05   3.0543e+05
9.0000e+00   2.9446e-05   3.0564e+05
9.0100e+00   2.9457e-05   3.0587e+05
9.0200e+00   2.9469e-05   3.0609e+05
9.0300e+00   2.9480e-05   3.0631e+05
9.0400e+00   2.9491e-05   3.0653e+05
9.0500e+00   2.9502e-05   3.0676e+05
9.0600e+00   2.9514e-05   3.0697e+05
9.0700e+00   2.9525e-05   3.0720e+05
9.0800e+00   2.9536e-05   3.0742e+05
9.0900e+00   2.9547e-05   3.0765e+05
9.1000e+00   2.9558e-05   3.0787e+05
9.1100e+00   2.9569e-05   3.0809e+05
9.1200e+00   2.9580e-05   3.0831e+05
9.1300e+00   2.9592e-05   3.0853e+05
9.1400e+00   2.9603e-05   3.0875e+05
9.1500e+00   2.9614e-05   3.0898e+05
9.1600e+00   2.9625e-05   3.0920e+05
9.1700e+00   2.9636e-05   3.0942e+05
9.1800e+00   2.9647e-05   3.0965e+05
9.1900e+00   2.9659e-05   3.0986e+05
9.2000e+00   2.9670e-05   3.1008e+05
9.2100e+00   2.9681e-05   3.1030e+05
9.2200e+00   2.9693e-05   3.1051e+05
9.2300e+00   2.9704e-05   3.1073e+05
9.2400e+00   2.9716e-05   3.1095e+05
9.2500e+00   2.9726e-05   3.1117e+05
9.2600e+00   2.9738e-05   3.1139e+05
9.2700e+00   2.9748e-05   3.1162e+05
9.2800e+00   2.9759e-05   3.1184e+05
9.2900e+00   2.9770e-05   3.1206e+05
9.3000e+00   2.9781e-05   3.1228e+05
9.3100e+00   2.9792e-05   3.1250e+05
9.3200e+00   2.9804e-05   3.1271e+05
9.3300e+00   2.9815e-05   3.1293e+05
9.3400e+00   2.9826e-05   3.1315e+05
9.3500e+00   2.9837e-05   3.1337e+05
9.3600e+00   2.9847e-05   3.1360e+05
9.3700e+00   2.9858e-05   3.1382e+05
9.3800e+00   2.9869e-05   3.1403e+05
9.3900e+00   2.9880e-05   3.1425e+05
9.4000e+00   2.9892e-05   3.1447e+05
9.4100e+00   2.9903e-05   3.1469e+05
9.4200e+00   2.9914e-05   3.1490e+05
9.4300e+00   2.9925e-05   3.1512e+05
9.4400e+00   2.9937e-05   3.1533e+05
9.4500e+00   2.9948e-05   3.1555e+05
9.4600e+00   2.9958e-05   3.1577e+05
9.4700e+00   2.9970e-05   3.1598e+05
9.4800e+00   2.9981e-05   3.1620e+05
9.4900e+00   2.9991e-05   3.1643e+05
9.5000e+00   3.0002e-05   3.1664e+05
9.5100e+00   3.0013e-05   3.1686e+05
9.5200e+00   3.0025e-05   3.1707e+05
9.5300e+00   3.0036e-05   3.1728e+05
9.5400e+00   3.0047e-05   3.1750e+05
9.5500e+00   3.0057e-05   3.1773e+05
9.5600e+00   3.0069e-05   3.1794e+05
9.5700e+00   3.0080e-05   3.1815e+05
9.5800e+00   3.0090e-05   3.1837e+05
9.5900e+00   3.0102e-05   3.1858e+05
9.6000e+00   3.0114e-05   3.1879e+05
9.6100e+00   3.0124e-05   3.1902e+05
9.6200e+00   3.0135e-05   3.1924e+05
9.6300e+00   3.0147e-05   3.1944e+05
9.6400e+00   3.0157e-05   3.1966e+05
9.6500e+00   3.0169e-05   3.1987e+05
9.6600e+00   3.0180e-05   3.2008e+05
9.6700e+00   3.0191e-05   3.2030e+05
9.6800e+00   3.0202e-05   3.2051e+05
9.6900e+00   3.0213e-05   3.2073e+05
9.7000e+00   3.0224e-05   3.2094e+05
9.7100e+00   3.0234e-05   3.2116e+05
9.7200e+00   3.0246e-05   3.2136e+05
9.7300e+00   3.0256e-05   3.2159e+05
9.7400e+00   3.0268e-05   3.2180e+05
9.7500e+00   3.0278e-05   3.2201e+05
9.7600e+00   3.0289e-05   3.2222e+05
9.7700e+00   3.0300e-05   3.2244e+05
9.7800e+00   3.0312e-05   3.2264e+05
9.7900e+00   3.0322e-05   3.2286e+05
9.8000e+00   3.0333e-05   3.2308e+05
9.8100e+00   3.0345e-05   3.2328e+05
9.8200e+00   3.0356e-05   3.2350e+05
9.8300e+00   3.0367e-05   3.2371e+05
9.8400e+00   3.0378e-05   3.2391e+05
9.8500e+00   3.0389e-05   3.2413e+05
9.8600e+00   3.0401e-05   3.2434e+05
9.8700e+00   3.0412e-05   3.2455e+05
9.8800e+00   3.0423e-05   3.2476e+05
9.8900e+00   3.0433e-05   3.2498e+05
9.9000e+00   3.0444e-05   3.2519e+05
9.9100e+00   3.0455e-05   3.2540e+05
9.9200e+00   3.0465e-05   3.2562e+05
9.9300e+00   3.0476e-05   3.2583e+05
9.9400e+00   3.0486e-05   3.2605e+05
9.9500e+00   3.0498e-05   3.2625e+05
9.9600e+00   3.0508e-05   3.2647e+05
9.9700e+00   3.0519e-05   3.2669e+05
9.9800e+00   3.0529e-05   3.2690e+05
9.9900e+00   3.0540e-05   3.2711e+05
1.0000e+01   3.0552e-05   3.2732e+05
1.0000e+01   3.0559e-05   3.2724e+05
9.9900e+00   3.0564e-05   3.2685e+05
9.9800e+00   3.0570e-05   3.2647e+05
9.9700e+00   3.0574e-05   3.2609e+05
9.9600e+00   3.0579e-05   3.2571e+05
9.9500e+00   3.0584e-05   3.2534e+05
9.9400e+00   3.0588e-05   3.2496e+05
9.9300e+00   3.0594e-05   3.2457e+05
9.9200e+00   3.0599e-05   3.2420e+05
9.9100e+00   3.0603e-05   3.2382e+05
9.9000e+00   3.0609e-05   3.2343e+05
9.8900e+00   3.0614e-05   3.2306e+05
9.8800e+00   3.0619e-05   3.2268e+05
9.8700e+00   3.0623e-05   3.2231e+05
9.8600e+00   3.0628e-05   3.2193e+05
9.8500e+00   3.0632e-05   3.2156e+05
9.8400e+00   3.0637e-05   3.2118e+05
9.8300e+00   3.0643e-05   3.2080e+05
9.8200e+00   3.0646e-05   3.2043e+05
9.8100e+00   3.0651e-05   3.2006e+05
9.8000e+00   3.0655e-05   3.1969e+05
9.7900e+00   3.0659e-05   3.1932e+05
9.7800e+00   3.0664e-05   3.1894e+05
9.7700e+00   3.0668e-05   3.1858e+05
9.7600e+00   3.0673e-05   3.1820e+05
9.7500e+00   3.0677e-05   3.1782e+05
9.7400e+00   3.0680e-05   3.1747e+05
9.7300e+00   3.0685e-05   3.1709e+05
9.7200e+00   3.0689e-05   3.1673e+05
9.7100e+00   3.0693e-05   3.1636e+05
9.7000e+00   3.0698e-05   3.1598e+05
9.6900e+00   3.0702e-05   3.1562e+05
9.6800e+00   3.0705e-05   3.1525e+05
9.6700e+00   3.0710e-05   3.1488e+05
9.6600e+00   3.0714e-05   3.1452e+05
9.6500e+00   3.0718e-05   3.1415e+05
9.6400e+00   3.0722e-05   3.1378e+05
9.6300e+00   3.0726e-05   3.1342e+05
9.6200e+00   3.0729e-05   3.1306e+05
9.6100e+00   3.0734e-05   3.1269e+05
9.6000e+00   3.0738e-05   3.1232e+05
9.5900e+00   3.0741e-05   3.1197e+05
9.5800e+00   3.0744e-05   3.1160e+05
9.5700e+00   3.0749e-05   3.1123e+05
9.5600e+00   3.0752e-05   3.1087e+05
9.5500e+00   3.0756e-05   3.1051e+05
9.5400e+00   3.0761e-05   3.1013e+05
9.5300e+00   3.0764e-05   3.0978e+05
9.5200e+00   3.0768e-05   3.0941e+05
9.5100e+00   3.0772e-05   3.0905e+05
9.5000e+00   3.0775e-05   3.0869e+05
9.4900e+00   3.0779e-05   3.0832e+05
9.4800e+00   3.0783e-05   3.0796e+05
9.4700e+00   3.0787e-05   3.0760e+05
9.4600e+00   3.0791e-05   3.0724e+05
9.4500e+00   3.0794e-05   3.0687e+05
9.4400e+00   3.0798e-05   3.0652e+05
9.4300e+00   3.0801e-05   3.0616e+05
9.4200e+00   3.0804e-05   3.0580e+05
9.4100e+00   3.0809e-05   3.0544e+05
9.4000e+00   3.0811e-05   3.0508e+05
9.3900e+00   3.0815e-05   3.0473e+05
9.3800e+00   3.0818e-05   3.0437e+05
9.3700e+00   3.0821e-05   3.0401e+05
9.3600e+00   3.0824e-05   3.0366e+05
9.3500e+00   3.0828e-05   3.0330e+05
9.3400e+00   3.0831e-05   3.0295e+05
9.3300e+00   3.0834e-05   3.0259e+05
9.3200e+00   3.0837e-05   3.0223e+05
9.3100e+00   3.0841e-05   3.0187e+05
9.3000e+00   3.0844e-05   3.0151e+05
9.2900e+00   3.0846e-05   3.0117e+05
9.2800e+00   3.0850e-05   3.0081e+05
9.2700e+00   3.0853e-05   3.0045e+05
9.2600e+00   3.0856e-05   3.0011e+05
9.2500e+00   3.0859e-05   2.9975e+05
9.2400e+00   3.0863e-05   2.9939e+05
9.2300e+00   3.0865e-05   2.9905e+05
9.2200e+00   3.0868e-05   2.9869e+05
9.2100e+00   3.0870e-05   2.9835e+05
9.2000e+00   3.0874e-05   2.9799e+05
9.1900e+00   3.0876e-05   2.9764e+05
9.1800e+00   3.0879e-05   2.9729e+05
9.1700e+00   3.0883e-05   2.9693e+05
9.1600e+00   3.0885e-05   2.9659e+05
9.1500e+00   3.0887e-05   2.9624e+05
9.1400e+00   3.0890e-05   2.9589e+05
9.1300e+00   3.0893e-05   2.9553e+05
9.1200e+00   3.0897e-05   2.9518e+05
9.1100e+00   3.0898e-05   2.9484e+05
9.1000e+00   3.0902e-05   2.9448e+05
9.0900e+00   3.0904e-05   2.9414e+05
9.0800e+00   3.0906e-05   2.9379e+05
9.0700e+00   3.0907e-05   2.9346e+05
9.0600e+00   3.0911e-05   2.9310e+05
9.0500e+00   3.0913e-05   2.9276e+05
9.0400e+00   3.0916e-05   2.9241e+05
9.0300e+00   3.0918e-05   2.9206e+05
9.0200e+00   3.0921e-05   2.9171e+05
9.0100e+00   3.0922e-05   2.9138e+05
9.0000e+00   3.0925e-05   2.9103e+05
8.9900e+00   3.0927e-05   2.9068e+05
8.9800e+00   3.0930e-05   2.9033e+05
8.9700e+00   3.0933e-05   2.8999e+05
8.9600e+00   3.0934e-05   2.8965e+05
8.9500e+00   3.0937e-05   2.8930e+05
8.9400e+00   3.0939e-05   2.8895e+05
8.9300e+00   3.0941e-05   2.8862e+05
8.9200e+00   3.0943e-05   2.8828e+05
8.9100e+00   3.0945e-05   2.8793e+05
8.9000e+00   3.0948e-05   2.8758e+05
8.8900e+00   3.0949e-05   2.8724e+05
8.8800e+00   3.0951e-05   2.8690e+05
8.8700e+00   3.0954e-05   2.8655e+05
8.8600e+00   3.0956e-05   2.8621e+05
8.8500e+00   3.0958e-05   2.8587e+05
8.8400e+00   3.0960e-05   2.8553e+05
8.8300e+00   3.0961e-05   2.8520e+05
8.8200e+00   3.0964e-05   2.8485e+05
8.8100e+00   3.0965e-05   2.8451e+05
8.8000e+00   3.0967e-05   2.8418e+05
8.7900e+00   3.0969e-05   2.8383e+05
8.7800e+00   3.0970e-05   2.8350e+05
8.7700e+00   3.0971e-05   2.8317e+05
8.7600e+00   3.0973e-05   2.8283e+05
8.7500e+00   3.0975e-05   2.8249e+05
8.7400e+00   3.0977e-05   2.8214e+05
8.7300e+00   3.0979e-05   2.8180e+05
8.7200e+00   3.0981e-05   2.8146e+05
8.7100e+00   3.0982e-05   2.8113e+05
8.7000e+00   3.0984e-05   2.8079e+05
8.6900e+00   3.0985e-05   2.8046e+05
8.6800e+00   3.0986e-05   2.8013e+05
8.6700e+00   3.0988e-05   2.7978e+05
8.6600e+00   3.0989e-05   2.7945e+05
8.6500e+00   3.0991e-05   2.7912e+05
8.6400e+00   3.0993e-05   2.7877e+05
8.6300e+00   3.0994e-05   2.7844e+05
8.6200e+00   3.0996e-05   2.7810e+05
8.6100e+00   3.0997e-05   2.7777e+05
8.6000e+00   3.0998e-05   2.7743e+05
8.5900e+00   3.0999e-05   2.7710e+05
8.5800e+00   3.1001e-05   2.7677e+05
8.5700e+00   3.1002e-05   2.7643e+05
8.5600e+00   3.1004e-05   2.7610e+05
8.5500e+00   3.1005e-05   2.7577e+05
8.5400e+00   3.1006e-05   2.7543e+05
8.5300e+00   3.1008e-05   2.7509e+05
8.5200e+00   3.1009e-05   2.7476e+05
8.5100e+00   3.1010e-05   2.7443e+05
8.5000e+00   3.1011e-05   2.7410e+05
8.4900e+00   3.1012e-05   2.7377e+05
8.4800e+00   3.1013e-05   2.7343e+05
8.4700e+00   3.1014e-05   2.7310e+05
8.4600e+00   3.1016e-05   2.7276e+05
8.4500e+00   3.1017e-05   2.7243e+05
8.4400e+00   3.1018e-05   2.7210e+05
8.4300e+00   3.1019e-05   2.7177e+05
8.4200e+00   3.1020e-05   2.7144e+05
8.4100e+00   3.1021e-05   2.7111e+05
8.4000e+00   3.1021e-05   2.7079e+05
8.3900e+00   3.1022e-05   2.7045e+05
8.3800e+00   3.1023e-05   2.7012e+05
8.3700e+00   3.1024e-05   2.6979e+05
8.3600e+00   3.1025e-05   2.6946e+05
8.3500e+00   3.1025e-05   2.6914e+05
8.3400e+00   3.1026e-05   2.6881e+05
8.3300e+00   3.1027e-05   2.6847e+05
8.3200e+00   3.1028e-05   2.6815e+05
8.3100e+00   3.1029e-05   2.6782e+05
8.3000e+00   3.1030e-05   2.6749e+05
8.2900e+00   3.1030e-05   2.6716e+05
8.2800e+00   3.1031e-05   2.6683e+05
8.2700e+00   3.1032e-05   2.6650e+05
8.2600e+00   3.1032e-05   2.6617e+05
8.2500e+00   3.1033e-05   2.6585e+05
8.2400e+00   3.1034e-05   2.6552e+05
8.2300e+00   3.1034e-05   2.6519e+05
8.2200e+00   3.1035e-05   2.6486e+05
8.2100e+00   3.1036e-05   2.6453e+05
8.2000e+00   3.1036e-05   2.6421e+05
8.1900e+00   3.1036e-05   2.6389e+05
8.1800e+00   3.1037e-05   2.6355e+05
8.1700e+00   3.1037e-05   2.6324e+05
8.1600e+00   3.1037e-05   2.6291e+05
8.1500e+00   3.1037e-05   2.6259e+05
8.1400e+00   3.1038e-05   2.6226e+05
8.1300e+00   3.1039e-05   2.6193e+05
8.1200e+00   3.1039e-05   2.6160e+05
8.1100e+00   3.1039e-05   2.6128e+05
8.1000e+00   3.1039e-05   2.6096e+05
8.0900e+00   3.1040e-05   2.6063e+05
8.0800e+00   3.1039e-05   2.6032e+05
8.0700e+00   3.1040e-05   2.5999e+05
8.0600e+00   3.1040e-05   2.5967e+05
8.0500e+00   3.1040e-05   2.5934e+05
8.0400e+00   3.1040e-05   2.5902e+05
8.0300e+00   3.1039e-05   2.5870e+05
8.0200e+00   3.1040e-05   2.5837e+05
8.0100e+00   3.1040e-05   2.5805e+05
8.0000e+00   3.1040e-05   2.5773e+05
7.9900e+00   3.1040e-05   2.5741e+05
7.9800e+00   3.1040e-05   2.5709e+05
7.9700e+00   3.1040e-05   2.5677e+05
7.9600e+00   3.1040e-05   2.5644e+05
7.9500e+00   3.1039e-05   2.5613e+05
7.9400e+00   3.1039e-05   2.5581e+05
7.9300e+00   3.1039e-05   2.5549e+05
7.9200e+00   3.1039e-05   2.5516e+05
7.9100e+00   3.1038e-05   2.5485e+05
7.9000e+00   3.1038e-05   2.5453e+05
7.8900e+00   3.1038e-05   2.5421e+05
7.8800e+00   3.1038e-05   2.5388e+05
7.8700e+00   3.1037e-05   2.5357e+05
7.8600e+00   3.1038e-05   2.5324e+05
7.8500e+00   3.1037e-05   2.5293e+05
7.8400e+00   3.1036e-05   2.5261e+05
7.8300e+00   3.1036e-05   2.5229e+05
7.8200e+00   3.1035e-05   2.5197e+05
7.8100e+00   3.1035e-05   2.5165e+05
7.8000e+00   3.1035e-05   2.5133e+05
7.7900e+00   3.1034e-05   2.5101e+05
7.7800e+00   3.1033e-05   2.5070e+05
7.7700e+00   3.1032e-05   2.5039e+05
7.7600e+00   3.1032e-05   2.5006e+05
7.7500e+00   3.1033e-05   2.4974e+05
7.7400e+00   3.1032e-05   2.4942e+05
7.7300e+00   3.1031e-05   2.4910e+05
7.7200e+00   3.1031e-05   2.4878e+05
7.7100e+00   3.1030e-05   2.4847e+05
7.7000e+00   3.1030e-05   2.4815e+05
7.6900e+00   3.1029e-05   2.4783e+05
7.6800e+00   3.1027e-05   2.4752e+05
7.6700e+00   3.1027e-05   2.4720e+05
7.6600e+00   3.1027e-05   2.4688e+05
7.6500e+00   3.1026e-05   2.4657e+05
7.6400e+00   3.1026e-05   2.4625e+05
7.6300e+00   3.1024e-05   2.4594e+05
7.6200e+00   3.1024e-05   2.4561e+05
7.6100e+00   3.1024e-05   2.4530e+05
7.6000e+00   3.1023e-05   2.4498e+05
7.5900e+00   3.1020e-05   2.4468e+05
7.5800e+00   3.1020e-05   2.4436e+05
7.5700e+00   3.1019e-05   2.4404e+05
7.5600e+00   3.1018e-05   2.4373e+05
7.5500e+00   3.1016e-05   2.4342e+05
7.5400e+00   3.1016e-05   2.4310e+05
7.5300e+00   3.1014e-05   2.4279e+05
7.5200e+00   3.1014e-05   2.4247e+05
7.5100e+00   3.1012e-05   2.4216e+05
7.5000e+00   3.1011e-05   2.4185e+05
7.4900e+00   3.1010e-05   2.4154e+05
7.4800e+00   3.1008e-05   2.4123e+05
7.4700e+00   3.1007e-05   2.4091e+05
7.4600e+00   3.1007e-05   2.4059e+05
7.4500e+00   3.1005e-05   2.4028e+05
7.4400e+00   3.1004e-05   2.3997e+05
7.4300e+00   3.1003e-05   2.3966e+05
7.4200e+00   3.1002e-05   2.3934e+05
7.4100e+00   3.1001e-05   2.3903e+05
7.4000e+00   3.1000e-05   2.3871e+05
7.3900e+00   3.0998e-05   2.3841e+05
7.3800e+00   3.0996e-05   2.3810e+05
7.3700e+00   3.0995e-05   2.3778e+05
7.3600e+00   3.0993e-05   2.3747e+05
7.3500e+00   3.0991e-05   2.3717e+05
7.3400e+00   3.0989e-05   2.3686e+05
7.3300e+00   3.0987e-05   2.3655e+05
7.3200e+00   3.0986e-05   2.3623e+05
7.3100e+00   3.0985e-05   2.3592e+05
7.3000e+00   3.0983e-05   2.3561e+05
7.2900e+00   3.0981e-05   2.3531e+05
7.2800e+00   3.0980e-05   2.3499e+05
7.2700e+00   3.0978e-05   2.3468e+05
7.2600e+00   3.0976e-05   2.3437e+05
7.2500e+00   3.0974e-05   2.3407e+05
7.2400e+00   3.0973e-05   2.3375e+05
7.2300e+00   3.0971e-05   2.3344e+05
7.2200e+00   3.0970e-05   2.3313e+05
7.2100e+00   3.0969e-05   2.3281e+05
7.2000e+00   3.0967e-05   2.3251e+05
7.1900e+00   3.0965e-05   2.3220e+05
7.1800e+00   3.0963e-05   2.3189e+05
7.1700e+00   3.0960e-05   2.3159e+05
7.1600e+00   3.0959e-05   2.3127e+05
7.1500e+00   3.0957e-05   2.3097e+05
7.1400e+00   3.0956e-05   2.3065e+05
7.1300e+00   3.0954e-05   2.3034e+05
7.1200e+00   3.0951e-05   2.3004e+05
7.1100e+00   3.0949e-05   2.2973e+05
7.1000e+00   3.0947e-05   2.2942e+05
7.0900e+00   3.0945e-05   2.2911e+05
7.0800e+00   3.0943e-05   2.2880e+05
7.0700e+00   3.0942e-05   2.2849e+05
7.0600e+00   3.0939e-05   2.2819e+05
7.0500e+00   3.0936e-05   2.2789e+05
7.0400e+00   3.0933e-05   2.2759e+05
7.0300e+00   3.0931e-05   2.2728e+05
7.0200e+00   3.0929e-05   2.2697e+05
7.0100e+00   3.0927e-05   2.2666e+05
7.0000e+00   3.0925e-05   2.2635e+05
6.9900e+00   3.0924e-05   2.2604e+05
6.9800e+00   3.0921e-05   2.2574e+05
6.9700e+00   3.0918e-05   2.2544e+05
6.9600e+00   3.0917e-05   2.2512e+05
6.9500e+00   3.0914e-05   2.2482e+05
6.9400e+00   3.0911e-05   2.2451e+05
6.9300e+00   3.0908e-05   2.2421e+05
6.9200e+00   3.0906e-05   2.2391e+05
6.9100e+00   3.0904e-05   2.2359e+05
6.9000e+00   3.0901e-05   2.2329e+05
6.8900e+00   3.0899e-05   2.2299e+05
6.8800e+00   3.0896e-05   2.2268e+05
6.8700e+00   3.0894e-05   2.2238e+05
6.8600e+00   3.0891e-05   2.2207e+05
6.8500e+00   3.0889e-05   2.2176e+05
6.8400e+00   3.0886e-05   2.2146e+05
6.8300e+00   3.0884e-05   2.2115e+05
6.8200e+00   3.0879e-05   2.2086e+05
6.8100e+00   3.0877e-05   2.2055e+05
6.8000e+00   3.0874e-05   2.2025e+05
6.7900e+00   3.0872e-05   2.1994e+05
6.7800e+00   3.0868e-05   2.1965e+05
6.7700e+00   3.0866e-05   2.1934e+05
6.7600e+00   3.0863e-05   2.1903e+05
6.7500e+00   3.0860e-05   2.1873e+05
6.7400e+00   3.0857e-05   2.1843e+05
6.7300e+00   3.0854e-05   2.1812e+05
6.7200e+00   3.0851e-05   2.1782e+05
6.7100e+00   3.0849e-05   2.1751e+05
6.7000e+00   3.0845e-05   2.1722e+05
6.6900e+00   3.0842e-05   2.1691e+05
6.6800e+00   3.0839e-05   2.1661e+05
6.6700e+00   3.0836e-05   2.1630e+05
6.6600e+00   3.0833e-05   2.1600e+05
6.6500e+00   3.0830e-05   2.1570e+05
6.6400e+00   3.0827e-05   2.1540e+05
6.6300e+00   3.0823e-05   2.1510e+05
6.6200e+00   3.0821e-05   2.1479e+05
6.6100e+00   3.0818e-05   2.1449e+05
6.6000e+00   3.0814e-05   2.1419e+05
6.5900e+00   3.0812e-05   2.1388e+05
6.5800e+00   3.0808e-05   2.1358e+05
6.5700e+00   3.0805e-05   2.1328e+05
6.5600e+00   3.0801e-05   2.1298e+05
6.5500e+00   3.0798e-05   2.1268e+05
6.5400e+00   3.0796e-05   2.1237e+05
6.5300e+00   3.0791e-05   2.1207e+05
6.5200e+00   3.0788e-05   2.1177e+05
6.5100e+00   3.0785e-05   2.1147e+05
6.5000e+00   3.0781e-05   2.1117e+05
6.4900e+00   3.0778e-05   2.1087e+05
6.4800e+00   3.0773e-05   2.1057e+05
6.4700e+00   3.0770e-05   2.1027e+05
6.4600e+00   3.0766e-05   2.0997e+05
6.4500e+00   3.0763e-05   2.0967e+05
6.4400e+00   3.0759e-05   2.0937e+05
6.4300e+00   3.0755e-05   2.0907e+05
6.4200e+00   3.0751e-05   2.0877e+05
6.4100e+00   3.0748e-05   2.0847e+05
6.4000e+00   3.0745e-05   2.0816e+05
6.3900e+00   3.0741e-05   2.0787e+05
6.3800e+00   3.0737e-05   2.0756e+05
6.3700e+00   3.0731e-05   2.0728e+05
6.3600e+00   3.0728e-05   2.0697e+05
6.3500e+00   3.0724e-05   2.0668e+05
6.3400e+00   3.0721e-05   2.0638e+05
6.3300e+00   3.0717e-05   2.0608e+05
6.3200e+00   3.0713e-05   2.0578e+05
6.3100e+00   3.0710e-05   2.0547e+05
6.3000e+00   3.0705e-05   2.0518e+05
6.2900e+00   3.0701e-05   2.0488e+05
6.2800e+00   3.0697e-05   2.0458e+05
6.2700e+00   3.0693e-05   2.0428e+05
6.2600e+00   3.0689e-05   2.0398e+05
6.2500e+00   3.0685e-05   2.0368e+05
6.2400e+00   3.0681e-05   2.0338e+05
6.2300e+00   3.0677e-05   2.0309e+05
6.2200e+00   3.0673e-05   2.0278e+05
6.2100e+00   3.0669e-05   2.0249e+05
6.2000e+00   3.0665e-05   2.0218e+05
6.1900e+00   3.0661e-05   2.0189e+05
6.1800e+00   3.0655e-05   2.0160e+05
6.1700e+00   3.0651e-05   2.0130e+05
6.1600e+00   3.0646e-05   2.0101e+05
6.1500e+00   3.0642e-05   2.0070e+05
6.1400e+00   3.0638e-05   2.0041e+05
6.1300e+00   3.0634e-05   2.0011e+05
6.1200e+00   3.0629e-05   1.9981e+05
6.1100e+00   3.0624e-05   1.9952e+05
6.1000e+00   3.0620e-05   1.9922e+05
6.0900e+00   3.0615e-05   1.9892e+05
6.0800e+00   3.0611e-05   1.9862e+05
6.0700e+00   3.0606e-05   1.9832e+05
6.0600e+00   3.0601e-05   1.9803e+05
6.0500e+00   3.0597e-05   1.9773e+05
6.0400e+00   3.0593e-05   1.9743e+05
6.0300e+00   3.0588e-05   1.9714e+05
6.0200e+00   3.0583e-05   1.9684e+05
6.0100e+00   3.0578e-05   1.9655e+05
6.0000e+00   3.0574e-05   1.9625e+05
5.9900e+00   3.0568e-05   1.9595e+05
5.9800e+00   3.0563e-05   1.9566e+05
5.9700e+00   3.0559e-05   1.9536e+05
5.9600e+00   3.0554e-05   1.9507e+05
5.9500e+00   3.0550e-05   1.9477e+05
5.9400e+00   3.0544e-05   1.9447e+05
5.9300e+00   3.0539e-05   1.9418e+05
5.9200e+00   3.0534e-05   1.9388e+05
5.9100e+00   3.0529e-05   1.9358e+05
5.9000e+00   3.0525e-05   1.9329e+05
5.8900e+00   3.0519e-05   1.9299e+05
5.8800e+00   3.0514e-05   1.9270e+05
5.8700e+00   3.0509e-05   1.9240e+05
5.8600e+00   3.0504e-05   1.9211e+05
5.8500e+00   3.0499e-05   1.9181e+05
5.8400e+00   3.0494e-05   1.9151e+05
5.8300e+00   3.0488e-05   1.9122e+05
5.8200e+00   3.0481e-05   1.9094e+05
5.8100e+00   3.0476e-05   1.9064e+05
5.8000e+00   3.0472e-05   1.9034e+05
5.7900e+00   3.0466e-05   1.9005e+05
5.7800e+00   3.0461e-05   1.8975e+05
5.7700e+00   3.0456e-05   1.8946e+05
5.7600e+00   3.0450e-05   1.8916e+05
5.7500e+00   3.0445e-05   1.8887e+05
5.7400e+00   3.0440e-05   1.8857e+05
5.7300e+00   3.0434e-05   1.8828e+05
5.7200e+00   3.0428e-05   1.8798e+05
5.7100e+00   3.0423e-05   1.8769e+05
5.7000e+00   3.0417e-05   1.8739e+05
5.6900e+00   3.0410e-05   1.8711e+05
5.6800e+00   3.0405e-05   1.8681e+05
5.6700e+00   3.0399e-05   1.8652e+05
5.6600e+00   3.0393e-05   1.8623e+05
5.6500e+00   3.0388e-05   1.8593e+05
5.6400e+00   3.0381e-05   1.8564e+05
5.6300e+00   3.0375e-05   1.8535e+05
5.6200e+00   3.0370e-05   1.8505e+05
5.6100e+00   3.0364e-05   1.8476e+05
5.6000e+00   3.0358e-05   1.8447e+05
5.5900e+00   3.0352e-05   1.8417e+05
5.5800e+00   3.0346e-05   1.8388e+05
5.5700e+00   3.0340e-05   1.8358e+05
5.5600e+00   3.0334e-05   1.8329e+05
5.5500e+00   3.0328e-05   1.8300e+05
5.5400e+00   3.0322e-05   1.8270e+05
5.5300e+00   3.0316e-05   1.8241e+05
5.5200e+00   3.0310e-05   1.8212e+05
5.5100e+00   3.0303e-05   1.8183e+05
5.5000e+00   3.0297e-05   1.8154e+05
5.4900e+00   3.0291e-05   1.8124e+05
5.4800e+00   3.0285e-05   1.8095e+05
5.4700e+00   3.0279e-05   1.8066e+05
5.4600e+00   3.0272e-05   1.8037e+05
5.4500e+00   3.0266e-05   1.8007e+05
5.4400e+00   3.0259e-05   1.7978e+05
5.4300e+00   3.0253e-05   1.7949e+05
5.4200e+00   3.0246e-05   1.7920e+05
5.4100e+00   3.0240e-05   1.7890e+05
5.4000e+00   3.0233e-05   1.7861e+05
5.3900e+00   3.0227e-05   1.7832e+05
5.3800e+00   3.0220e-05   1.7803e+05
5.3700e+00   3.0214e-05   1.7773e+05
5.3600e+00   3.0207e-05   1.7744e+05
5.3500e+00   3.0200e-05   1.7715e+05
5.3400e+00   3.0193e-05   1.7686e+05
5.3300e+00   3.0188e-05   1.7656e+05
5.3200e+00   3.0181e-05   1.7627e+05
5.3100e+00   3.0174e-05   1.7598e+05
5.3000e+00   3.0168e-05   1.7569e+05
5.2900e+00   3.0160e-05   1.7540e+05
5.2800e+00   3.0153e-05   1.7511e+05
5.2700e+00   3.0145e-05   1.7482e+05
5.2600e+00   3.0139e-05   1.7452e+05
5.2500e+00   3.0132e-05   1.7423e+05
5.2400e+00   3.0125e-05   1.7394e+05
5.2300e+00   3.0117e-05   1.7366e+05
5.2200e+00   3.0110e-05   1.7336e+05
5.2100e+00   3.0103e-05   1.7307e+05
5.2000e+00   3.0095e-05   1.7278e+05
5.1900e+00   3.0089e-05   1.7249e+05
5.1800e+00   3.0081e-05   1.7220e+05
5.1700e+00   3.0074e-05   1.7191e+05
5.1600e+00   3.0067e-05   1.7162e+05
5.1500e+00   3.0060e-05   1.7133e+05
5.1400e+00   3.0052e-05   1.7104e+05
5.1300e+00   3.0045e-05   1.7074e+05
5.1200e+00   3.0038e-05   1.7045e+05
5.1100e+00   3.0030e-05   1.7016e+05
5.1000e+00   3.0022e-05   1.6987e+05
5.0900e+00   3.0014e-05   1.6959e+05
5.0800e+00   3.0007e-05   1.6929e+05
5.0700e+00   2.9999e-05   1.6900e+05
5.0600e+00   2.9991e-05   1.6872e+05
5.0500e+00   2.9984e-05   1.6842e+05
5.0400e+00   2.9976e-05   1.6813e+05
5.0300e+00   2.9968e-05   1.6785e+05
5.0200e+00   2.9960e-05   1.6756e+05
5.0100e+00   2.9952e-05   1.6727e+05
5.0000e+00   2.9944e-05   1.6698e+05
4.9900e+00   2.9936e-05   1.6669e+05
4.9800e+00   2.9928e-05   1.6640e+05
4.9700e+00   2.9920e-05   1.6611e+05
4.9600e+00   2.9913e-05   1.6581e+05
4.9500e+00   2.9905e-05   1.6552e+05
4.9400e+00   2.9897e-05   1.6524e+05
4.9300e+00   2.9889e-05   1.6494e+05
4.9200e+00   2.9880e-05   1.6466e+05
4.9100e+00   2.9871e-05   1.6437e+05
4.9000e+00   2.9863e-05   1.6408e+05
4.8900e+00   2.9856e-05   1.6379e+05
4.8800e+00   2.9847e-05   1.6350e+05
4.8700e+00   2.9839e-05   1.6321e+05
4.8600e+00   2.9829e-05   1.6293e+05
4.8500e+00   2.9821e-05   1.6264e+05
4.8400e+00   2.9812e-05   1.6235e+05
4.8300e+00   2.9803e-05   1.6206e+05
4.8200e+00   2.9795e-05   1.6177e+05
4.8100e+00   2.9786e-05   1.6148e+05
4.8000e+00   2.9778e-05   1.6119e+05
4.7900e+00   2.9770e-05   1.6090e+05
4.7800e+00   2.9761e-05   1.6061e+05
4.7700e+00   2.9752e-05   1.6033e+05
4.7600e+00   2.9743e-05   1.6004e+05
4.7500e+00   2.9735e-05   1.5974e+05
4.7400e+00   2.9725e-05   1.5946e+05
4.7300e+00   2.9715e-05   1.5918e+05
4.7200e+00   2.9707e-05   1.5888e+05
4.7100e+00   2.9698e-05   1.5860e+05
4.7000e+00   2.9689e-05   1.5831e+05
4.6900e+00   2.9681e-05   1.5802e+05
4.6800e+00   2.9671e-05   1.5773e+05
4.6700e+00   2.9662e-05   1.5744e+05
4.6600e+00   2.9653e-05   1.5715e+05
4.6500e+00   2.9644e-05   1.5686e+05
4.6400e+00   2.9634e-05   1.5658e+05
4.6300e+00   2.9625e-05   1.5628e+05
4.6200e+00   2.9616e-05   1.5600e+05
4.6100e+00   2.9606e-05   1.5571e+05
4.6000e+00   2.9597e-05   1.5542e+05
4.5900e+00   2.9587e-05   1.5514e+05
4.5800e+00   2.9578e-05   1.5485e+05
4.5700e+00   2.9568e-05   1.5456e+05
4.5600e+00   2.9557e-05   1.5428e+05
4.5500e+00   2.9547e-05   1.5399e+05
4.5400e+00   2.9538e-05   1.5370e+05
4.5300e+00   2.9528e-05   1.5341e+05
4.5200e+00   2.9518e-05   1.5313e+05
4.5100e+00   2.9509e-05   1.5283e+05
4.5000e+00   2.9500e-05   1.5254e+05
4.4900e+00   2.9489e-05   1.5226e+05
4.4800e+00   2.9479e-05   1.5197e+05
4.4700e+00   2.9469e-05   1.5168e+05
4.4600e+00   2.9458e-05   1.5140e+05
4.4500e+00   2.9448e-05   1.5111e+05
4.4400e+00   2.9439e-05   1.5082e+05
4.4300e+00   2.9429e-05   1.5053e+05
4.4200e+00   2.9418e-05   1.5025e+05
4.4100e+00   2.9409e-05   1.4995e+05
4.4000e+00   2.9399e-05   1.4966e+05
4.3900e+00   2.9388e-05   1.4938e+05
4.3800e+00   2.9377e-05   1.4910e+05
4.3700e+00   2.9366e-05   1.4881e+05
4.3600e+00   2.9355e-05   1.4853e+05
4.3500e+00   2.9345e-05   1.4824e+05
4.3400e+00   2.9335e-05   1.4795e+05
4.3300e+00   2.9325e-05   1.4766e+05
4.3200e+00   2.9314e-05   1.4737e+05
4.3100e+00   2.9304e-05   1.4708e+05
4.3000e+00   2.9293e-05   1.4679e+05
4.2900e+00   2.9282e-05   1.4650e+05
4.2800e+00   2.9272e-05   1.4622e+05
4.2700e+00   2.9260e-05   1.4593e+05
4.2600e+00   2.9250e-05   1.4564e+05
4.2500e+00   2.9239e-05   1.4535e+05
4.2400e+00   2.9228e-05   1.4506e+05
4.2300e+00   2.9217e-05   1.4478e+05
4.2200e+00   2.9205e-05   1.4449e+05
4.2100e+00   2.9195e-05   1.4420e+05
4.2000e+00   2.9183e-05   1.4392e+05
4.1900e+00   2.9171e-05   1.4364e+05
4.1800e+00   2.9159e-05   1.4335e+05
4.1700e+00   2.9148e-05   1.4306e+05
4.1600e+00   2.9137e-05   1.4277e+05
4.1500e+00   2.9126e-05   1.4249e+05
4.1400e+00   2.9114e-05   1.4220e+05
4.1300e+00   2.9103e-05   1.4191e+05
4.1200e+00   2.9091e-05   1.4163e+05
4.1100e+00   2.9079e-05   1.4134e+05
4.1000e+00   2.9068e-05   1.4105e+05
4.0900e+00   2.9055e-05   1.4077e+05
4.0800e+00   2.9043e-05   1.4048e+05
4.0700e+00   2.9031e-05   1.4019e+05
4.0600e+00   2.9021e-05   1.3990e+05
4.0500e+00   2.9009e-05   1.3961e+05
4.0400e+00   2.8996e-05   1.3933e+05
4.0300e+00   2.8983e-05   1.3905e+05
4.0200e+00   2.8971e-05   1.3876e+05
4.0100e+00   2.8959e-05   1.3847e+05
4.0000e+00   2.8946e-05   1.3819e+05
3.9900e+00   2.8934e-05   1.3790e+05
3.9800e+00   2.8921e-05   1.3762e+05
3.9700e+00   2.8909e-05   1.3733e+05
3.9600e+00   2.8896e-05   1.3704e+05
3.9500e+00   2.8883e-05   1.3676e+05
3.9400e+00   2.8871e-05   1.3647e+05
3.9300e+00   2.8858e-05   1.3618e+05
3.9200e+00   2.8845e-05   1.3590e+05
3.9100e+00   2.8832e-05   1.3561e+05
3.9000e+00   2.8820e-05   1.3532e+05
3.8900e+00   2.8807e-05   1.3503e+05
3.8800e+00   2.8793e-05   1.3475e+05
3.8700e+00   2.8780e-05   1.3447e+05
3.8600e+00   2.8768e-05   1.3418e+05
3.8500e+00   2.8753e-05   1.3390e+05
3.8400e+00   2.8740e-05   1.3361e+05
3.8300e+00   2.8727e-05   1.3333e+05
3.8200e+00   2.8713e-05   1.3304e+05
3.8100e+00   2.8700e-05   1.3275e+05
3.8000e+00   2.8687e-05   1.3247e+05
3.7900e+00   2.8674e-05   1.3218e+05
3.7800e+00   2.8659e-05   1.3190e+05
3.7700e+00   2.8646e-05   1.3161e+05
3.7600e+00   2.8632e-05   1.3132e+05
3.7500e+00   2.8618e-05   1.3104e+05
3.7400e+00   2.8605e-05   1.3075e+05
3.7300e+00   2.8590e-05   1.3046e+05
3.7200e+00   2.8576e-05   1.3018e+05
3.7100e+00   2.8562e-05   1.2989e+05
3.7000e+00   2.8548e-05   1.2961e+05
3.6900e+00   2.8534e-05   1.2932e+05
3.6800e+00   2.8519e-05   1.2903e+05
3.6700e+00   2.8504e-05   1.2875e+05
3.6600e+00   2.8490e-05   1.2847e+05
3.6500e+00   2.8476e-05   1.2818e+05
3.6400e+00   2.8461e-05   1.2790e+05
3.6300e+00   2.8446e-05   1.2761e+05
3.6200e+00   2.8431e-05   1.2732e+05
3.6100e+00   2.8417e-05   1.2704e+05
3.6000e+00   2.8402e-05   1.2675e+05
3.5900e+00   2.8388e-05   1.2646e+05
3.5800e+00   2.8372e-05   1.2618e+05
3.5700e+00   2.8358e-05   1.2589e+05
3.5600e+00   2.8342e-05   1.2561e+05
3.5500e+00   2.8327e-05   1.2532e+05
3.5400e+00   2.8311e-05   1.2504e+05
3.5300e+00   2.8297e-05   1.2475e+05
3.5200e+00   2.8281e-05   1.2447e+05
3.5100e+00   2.8266e-05   1.2418e+05
3.5000e+00   2.8251e-05   1.2389e+05
3.4900e+00   2.8233e-05   1.2361e+05
3.4800e+00   2.8218e-05   1.2333e+05
3.4700e+00   2.8203e-05   1.2304e+05
3.4600e+00   2.8186e-05   1.2275e+05
3.4500e+00   2.8170e-05   1.2247e+05
3.4400e+00   2.8154e-05   1.2218e+05
3.4300e+00   2.8138e-05   1.2190e+05
3.4200e+00   2.8123e-05   1.2161e+05
3.4100e+00   2.8107e-05   1.2132e+05
3.4000e+00   2.8090e-05   1.2104e+05
3.3900e+00   2.8073e-05   1.2075e+05
3.3800e+00   2.8056e-05   1.2047e+05
3.3700e+00   2.8040e-05   1.2019e+05
3.3600e+00   2.8024e-05   1.1990e+05
3.3500e+00   2.8007e-05   1.1961e+05
3.3400e+00   2.7990e-05   1.1933e+05
3.3300e+00   2.7973e-05   1.1905e+05
3.3200e+00   2.7955e-05   1.1876e+05
3.3100e+00   2.7938e-05   1.1848e+05
3.3000e+00   2.7920e-05   1.1819e+05
3.2900e+00   2.7904e-05   1.1791e+05
3.2800e+00   2.7887e-05   1.1762e+05
3.2700e+00   2.7870e-05   1.1733e+05
3.2600e+00   2.7851e-05   1.1705e+05
3.2500e+00   2.7834e-05   1.1677e+05
3.2400e+00   2.7818e-05   1.1647e+05
3.2300e+00   2.7800e-05   1.1619e+05
3.2200e+00   2.7782e-05   1.1590e+05
3.2100e+00   2.7764e-05   1.1562e+05
3.2000e+00   2.7746e-05   1.1533e+05
3.1900e+00   2.7728e-05   1.1505e+05
3.1800e+00   2.7709e-05   1.1476e+05
3.1700e+00   2.7691e-05   1.1448e+05
3.1600e+00   2.7672e-05   1.1419e+05
3.1500e+00   2.7654e-05   1.1391e+05
3.1400e+00   2.7635e-05   1.1362e+05
3.1300e+00   2.7616e-05   1.1334e+05
3.1200e+00   2.7597e-05   1.1305e+05
3.1100e+00   2.7578e-05   1.1277e+05
3.1000e+00   2.7559e-05   1.1249e+05
3.0900e+00   2.7541e-05   1.1220e+05
3.0800e+00   2.7521e-05   1.1191e+05
3.0700e+00   2.7502e-05   1.1163e+05
3.0600e+00   2.7482e-05   1.1135e+05
3.0500e+00   2.7464e-05   1.1106e+05
3.0400e+00   2.7443e-05   1.1078e+05
3.0300e+00   2.7425e-05   1.1049e+05
3.0200e+00   2.7404e-05   1.1020e+05
3.0100e+00   2.7384e-05   1.0992e+05
3.0000e+00   2.7365e-05   1.0963e+05
2.9900e+00   2.7345e-05   1.0934e+05
2.9800e+00   2.7324e-05   1.0906e+05
2.9700e+00   2.7304e-05   1.0878e+05
2.9600e+00   2.7283e-05   1.0849e+05
2.9500e+00   2.7263e-05   1.0820e+05
2.9400e+00   2.7242e-05   1.0792e+05
2.9300e+00   2.7220e-05   1.0764e+05
2.9200e+00   2.7198e-05   1.0736e+05
2.9100e+00   2.7178e-05   1.0707e+05
2.9000e+00   2.7157e-05   1.0679e+05
2.8900e+00   2.7135e-05   1.0650e+05
2.8800e+00   2.7114e-05   1.0622e+05
2.8700e+00   2.7092e-05   1.0593e+05
2.8600e+00   2.7070e-05   1.0565e+05
2.8500e+00   2.7049e-05   1.0536e+05
2.8400e+00   2.7028e-05   1.0507e+05
2.8300e+00   2.7006e-05   1.0479e+05
2.8200e+00   2.6984e-05   1.0451e+05
2.8100e+00   2.6962e-05   1.0422e+05
2.8000e+00   2.6941e-05   1.0393e+05
2.7900e+00   2.6918e-05   1.0365e+05
2.7800e+00   2.6895e-05   1.0336e+05
2.7700e+00   2.6873e-05   1.0308e+05
2.7600e+00   2.6850e-05   1.0279e+05
2.7500e+00   2.6827e-05   1.0251e+05
2.7400e+00   2.6804e-05   1.0222e+05
2.7300e+00   2.6781e-05   1.0194e+05
2.7200e+00   2.6757e-05   1.0166e+05
2.7100e+00   2.6734e-05   1.0137e+05
2.7000e+00   2.6709e-05   1.0109e+05
2.6900e+00   2.6686e-05   1.0080e+05
2.6800e+00   2.6662e-05   1.0052e+05
2.6700e+00   2.6639e-05   1.0023e+05
2.6600e+00   2.6615e-05   9.9945e+04
2.6500e+00   2.6590e-05   9.9660e+04
2.6400e+00   2.6566e-05   9.9374e+04
2.6300e+00   2.6541e-05   9.9091e+04
2.6200e+00   2.6516e-05   9.8806e+04
2.6100e+00   2.6492e-05   9.8520e+04
2.6000e+00   2.6468e-05   9.8231e+04
2.5900e+00   2.6443e-05   9.7948e+04
2.5800e+00   2.6418e-05   9.7662e+04
2.5700e+00   2.6394e-05   9.7372e+04
2.5600e+00   2.6368e-05   9.7088e+04
2.5500e+00   2.6342e-05   9.6803e+04
2.5400e+00   2.6316e-05   9.6519e+04
2.5300e+00   2.6289e-05   9.6236e+04
2.5200e+00   2.6262e-05   9.5957e+04
2.5100e+00   2.6236e-05   9.5670e+04
2.5000e+00   2.6210e-05   9.5385e+04
2.4900e+00   2.6184e-05   9.5095e+04
2.4800e+00   2.6158e-05   9.4809e+04
2.4700e+00   2.6131e-05   9.4525e+04
2.4600e+00   2.6104e-05   9.4237e+04
2.4500e+00   2.6077e-05   9.3954e+04
2.4400e+00   2.6050e-05   9.3665e+04
2.4300e+00   2.6023e-05   9.3379e+04
2.4200e+00   2.5995e-05   9.3096e+04
2.4100e+00   2.5968e-05   9.2808e+04
2.4000e+00   2.5939e-05   9.2526e+04
2.3900e+00   2.5911e-05   9.2238e+04
2.3800e+00   2.5883e-05   9.1953e+04
2.3700e+00   2.5855e-05   9.1665e+04
2.3600e+00   2.5826e-05   9.1382e+04
2.3500e+00   2.5797e-05   9.1096e+04
2.3400e+00   2.5769e-05   9.0807e+04
2.3300e+00   2.5739e-05   9.0522e+04
2.3200e+00   2.5711e-05   9.0235e+04
2.3100e+00   2.5679e-05   8.9958e+04
2.3000e+00   2.5649e-05   8.9672e+04
2.2900e+00   2.5619e-05   8.9387e+04
2.2800e+00   2.5589e-05   8.9100e+04
2.2700e+00   2.5560e-05   8.8812e+04
2.2600e+00   2.5528e-05   8.8529e+04
2.2500e+00   2.5498e-05   8.8242e+04
2.2400e+00   2.5467e-05   8.7955e+04
2.2300e+00   2.5436e-05   8.7671e+04
2.2200e+00   2.5405e-05   8.7386e+04
2.2100e+00   2.5373e-05   8.7099e+04
2.2000e+00   2.5343e-05   8.6811e+04
2.1900e+00   2.5310e-05   8.6527e+04
2.1800e+00   2.5279e-05   8.6239e+04
2.1700e+00   2.5247e-05   8.5951e+04
2.1600e+00   2.5214e-05   8.5666e+04
2.1500e+00   2.5182e-05   8.5380e+04
2.1400e+00   2.5150e-05   8.5091e+04
2.1300e+00   2.5117e-05   8.4803e+04
2.1200e+00   2.5084e-05   8.4517e+04
2.1100e+00   2.5047e-05   8.4242e+04
2.1000e+00   2.5013e-05   8.3955e+04
2.0900e+00   2.4979e-05   8.3669e+04
2.0800e+00   2.4945e-05   8.3382e+04
2.0700e+00   2.4911e-05   8.3097e+04
2.0600e+00   2.4876e-05   8.2809e+04
2.0500e+00   2.4842e-05   8.2523e+04
2.0400e+00   2.4806e-05   8.2237e+04
2.0300e+00   2.4771e-05   8.1951e+04
2.0200e+00   2.4735e-05   8.1666e+04
2.0100e+00   2.4699e-05   8.1379e+04
2.0000e+00   2.4662e-05   8.1097e+04
1.9900e+00   2.4625e-05   8.0812e+04
1.9800e+00   2.4589e-05   8.0524e+04
1.9700e+00   2.4552e-05   8.0239e+04
1.9600e+00   2.4514e-05   7.9955e+04
1.9500e+00   2.4477e-05   7.9665e+04
1.9400e+00   2.4440e-05   7.9379e+04
1.9300e+00   2.4402e-05   7.9092e+04
1.9200e+00   2.4364e-05   7.8806e+04
1.9100e+00   2.4325e-05   7.8520e+04
1.9000e+00   2.4283e-05   7.8245e+04
1.8900e+00   2.4244e-05   7.7958e+04
1.8800e+00   2.4203e-05   7.7675e+04
1.8700e+00   2.4164e-05   7.7389e+04
1.8600e+00   2.4123e-05   7.7104e+04
1.8500e+00   2.4084e-05   7.6815e+04
1.8400e+00   2.4044e-05   7.6528e+04
1.8300e+00   2.4002e-05   7.6242e+04
1.8200e+00   2.3961e-05   7.5956e+04
1.8100e+00   2.3919e-05   7.5673e+04
1.8000e+00   2.3877e-05   7.5387e+04
1.7900e+00   2.3835e-05   7.5101e+04
1.7800e+00   2.3792e-05   7.4815e+04
1.7700e+00   2.3749e-05   7.4531e+04
1.7600e+00   2.3705e-05   7.4245e+04
1.7500e+00   2.3662e-05   7.3959e+04
1.7400e+00   2.3617e-05   7.3676e+04
1.7300e+00   2.3574e-05   7.3385e+04
1.7200e+00   2.3528e-05   7.3103e+04
1.7100e+00   2.3483e-05   7.2818e+04
1.7000e+00   2.3435e-05   7.2543e+04
1.6900e+00   2.3389e-05   7.2258e+04
1.6800e+00   2.3341e-05   7.1975e+04
1.6700e+00   2.3295e-05   7.1688e+04
1.6600e+00   2.3248e-05   7.1405e+04
1.6500e+00   2.3201e-05   7.1119e+04
1.6400e+00   2.3153e-05   7.0834e+04
1.6300e+00   2.3103e-05   7.0553e+04
1.6200e+00   2.3055e-05   7.0268e+04
1.6100e+00   2.3005e-05   6.9984e+04
1.6000e+00   2.2955e-05   6.9702e+04
1.5900e+00   2.2905e-05   6.9417e+04
1.5800e+00   2.2855e-05   6.9130e+04
1.5700e+00   2.2805e-05   6.8846e+04
1.5600e+00   2.2753e-05   6.8562e+04
1.5500e+00   2.2701e-05   6.8279e+04
1.5400e+00   2.2650e-05   6.7991e+04
1.5300e+00   2.2597e-05   6.7708e+04
1.5200e+00   2.2543e-05   6.7426e+04
1.5100e+00   2.2490e-05   6.7142e+04
1.5000e+00   2.2436e-05   6.6858e+04
1.4900e+00   2.2376e-05   6.6588e+04
1.4800e+00   2.2320e-05   6.6307e+04
1.4700e+00   2.2265e-05   6.6024e+04
1.4600e+00   2.2208e-05   6.5742e+04
1.4500e+00   2.2151e-05   6.5459e+04
1.4400e+00   2.2093e-05   6.5179e+04
1.4300e+00   2.2035e-05   6.4898e+04
1.4200e+00   2.1976e-05   6.4617e+04
1.4100e+00   2.1917e-05   6.4334e+04
1.4000e+00   2.1857e-05   6.4053e+04
1.3900e+00   2.1796e-05   6.3774e+04
1.3800e+00   2.1735e-05   6.3493e+04
1.3700e+00   2.1673e-05   6.3213e+04
1.3600e+00   2.1610e-05   6.2933e+04
1.3500e+00   2.1547e-05   6.2653e+04
1.3400e+00   2.1484e-05   6.2373e+04
1.3300e+00   2.1419e-05   6.2095e+04
1.3200e+00   2.1355e-05   6.1814e+04
1.3100e+00   2.1288e-05   6.1538e+04
1.3000e+00   2.1221e-05   6.1261e+04
1.2900e+00   2.1149e-05   6.0996e+04
1.2800e+00   2.1080e-05   6.0720e+04
1.2700e+00   2.1013e-05   6.0439e+04
1.2600e+00   2.0942e-05   6.0166e+04
1.2500e+00   2.0873e-05   5.9886e+04
1.2400e+00   2.0801e-05   5.9612e+04
1.2300e+00   2.0729e-05   5.9336e+04
1.2200e+00   2.0657e-05   5.9060e+04
1.2100e+00   2.0583e-05   5.8786e+04
1.2000e+00   2.0508e-05   5.8514e+04
1.1900e+00   2.0433e-05   5.8238e+04
1.1800e+00   2.0357e-05   5.7964e+04
1.1700e+00   2.0281e-05   5.7690e+04
1.1600e+00   2.0203e-05   5.7417e+04
1.1500e+00   2.0125e-05   5.7143e+04
1.1400e+00   2.0045e-05   5.6873e+04
1.1300e+00   1.9965e-05   5.6600e+04
1.1200e+00   1.9883e-05   5.6328e+04
1.1100e+00   1.9801e-05   5.6058e+04
1.1000e+00   1.9717e-05   5.5789e+04
1.0900e+00   1.9634e-05   5.5517e+04
1.0800e+00   1.9541e-05   5.5268e+04
1.0700e+00   1.9455e-05   5.4999e+04
1.0600e+00   1.9367e-05   5.4731e+04
1.0500e+00   1.9278e-05   5.4466e+04
1.0400e+00   1.9189e-05   5.4197e+04
1.0300e+00   1.9099e-05   5.3930e+04
1.0200e+00   1.9007e-05   5.3665e+04
1.0100e+00   1.8914e-05   5.3400e+04
1.0000e+00   1.8820e-05   5.3135e+04
9.9000e-01   1.8725e-05   5.2871e+04
9.8000e-01   1.8629e-05   5.2606e+04
9.7000e-01   1.8531e-05   5.2346e+04
9.6000e-01   1.8432e-05   5.2084e+04
9.5000e-01   1.8332e-05   5.1821e+04
9.4000e-01   1.8231e-05   5.1561e+04
9.3000e-01   1.8128e-05   5.1302e+04
9.2000e-01   1.8024e-05   5.1043e+04
9.1000e-01   1.7919e-05   5.0784e+04
9.0000e-01   1.7812e-05   5.0528e+04
8.9000e-01   1.7704e-05   5.0271e+04
8.8000e-01   1.7587e-05   5.0038e+04
8.7000e-01   1.7476e-05   4.9783e+04
8.6000e-01   1.7363e-05   4.9530e+04
8.5000e-01   1.7249e-05   4.9277e+04
8.4000e-01   1.7135e-05   4.9024e+04
8.3000e-01   1.7018e-05   4.8773e+04
8.2000e-01   1.6899e-05   4.8524e+04
8.1000e-01   1.6779e-05   4.8274e+04
8.0000e-01   1.6658e-05   4.8025e+04
7.9000e-01   1.6536e-05   4.7775e+04
7.8000e-01   1.6411e-05   4.7528e+04
7.7000e-01   1.6285e-05   4.7283e+04
7.6000e-01   1.6158e-05   4.7035e+04
7.5000e-01   1.6029e-05   4.6790e+04
7.4000e-01   1.5897e-05   4.6550e+04
7.3000e-01   1.5765e-05   4.6306e+04
7.2000e-01   1.5630e-05   4.6065e+04
7.1000e-01   1.5494e-05   4.5825e+04
7.0000e-01   1.5356e-05   4.5585e+04
6.9000e-01   1.5216e-05   4.5347e+04
6.8000e-01   1.5074e-05   4.5110e+04
6.7000e-01   1.4920e-05   4.4905e+04
6.6000e-01   1.4774e-05   4.4672e+04
6.5000e-01   1.4626e-05   4.4441e+04
6.4000e-01   1.4477e-05   4.4208e+04
6.3000e-01   1.4325e-05   4.3978e+04
6.2000e-01   1.4172e-05   4.3747e+04
6.1000e-01   1.4018e-05   4.3516e+04
6.0000e-01   1.3861e-05   4.3287e+04
5.9000e-01   1.3702e-05   4.3058e+04
5.8000e-01   1.3542e-05   4.2831e+04
5.7000e-01   1.3379e-05   4.2605e+04
5.6000e-01   1.3213e-05   4.2381e+04
5.5000e-01   1.3046e-05   4.2160e+04
5.4000e-01   1.2877e-05   4.1936e+04
5.3000e-01   1.2705e-05   4.1716e+04
5.2000e-01   1.2531e-05   4.1497e+04
5.1000e-01   1.2356e-05   4.1277e+04
5.0000e-01   1.2177e-05   4.1060e+04
4.9000e-01   1.1997e-05   4.0843e+04
4.8000e-01   1.1815e-05   4.0625e+04
4.7000e-01   1.1616e-05   4.0461e+04
4.6000e-01   1.1428e-05   4.0251e+04
4.5000e-01   1.1239e-05   4.0040e+04
4.4000e-01   1.1046e-05   3.9832e+04
4.3000e-01   1.0852e-05   3.9623e+04
4.2000e-01   1.0655e-05   3.9417e+04
4.1000e-01   1.0457e-05   3.9208e+04
4.0000e-01   1.0256e-05   3.9001e+04
3.9000e-01   1.0052e-05   3.8798e+04
3.8000e-01   9.8451e-06   3.8598e+04
3.7000e-01   9.6383e-06   3.8389e+04
3.6000e-01   9.4268e-06   3.8189e+04
3.5000e-01   9.2139e-06   3.7986e+04
3.4000e-01   8.9986e-06   3.7784e+04
3.3000e-01   8.7814e-06   3.7579e+04
3.2000e-01   8.5621e-06   3.7374e+04
3.1000e-01   8.3397e-06   3.7172e+04
3.0000e-01   8.1167e-06   3.6961e+04
2.9000e-01   7.8890e-06   3.6760e+04
2.8000e-01   7.6604e-06   3.6552e+04
2.7000e-01   7.4304e-06   3.6337e+04
2.6000e-01   7.1786e-06   3.6219e+04
2.5000e-01   6.9444e-06   3.6000e+04
2.4000e-01   6.7076e-06   3.5780e+04
2.3000e-01   6.4690e-06   3.5554e+04
2.2000e-01   6.2294e-06   3.5316e+04
2.1000e-01   5.9872e-06   3.5075e+04
2.0000e-01   5.7423e-06   3.4829e+04
1.9000e-01   5.4956e-06   3.4573e+04
1.8000e-01   5.2469e-06   3.4306e+04
1.7000e-01   4.9952e-06   3.4033e+04
1.6000e-01   4.7399e-06   3.3756e+04
1.5000e-01   4.4807e-06   3.3477e+04
1.4000e-01   4.2177e-06   3.3194e+04
1.3000e-01   3.9485e-06   3.2924e+04
1.2000e-01   3.6739e-06   3.2662e+04
1.1000e-01   3.3901e-06   3.2448e+04
1.0000e-01   3.0979e-06   3.2280e+04
9.0000e-02   2.7962e-06   3.2187e+04
8.0000e-02   2.4806e-06   3.2250e+04
7.0000e-02   2.1496e-06   3.2564e+04
6.0000e-02   1.7791e-06   3.3724e+04
5.0000e-02   1.4203e-06   3.5205e+04
4.0000e-02   1.0469e-06   3.8209e+04
3.0000e-02   6.6537e-07   4.5088e+04
2.0000e-02   2.7330e-07   7.3180e+04
1.0000e-02   -1.2362e-07   -8.0893e+04
0.0000e+00   -5.2050e-07   -0.0000e+00
