  Measurement Number     Measurement type
                   3                DC IV

      Measurement ID             SeriesID
       739662.683951                    0

         MeasureMode                Bias1                Bias2
                   2                   10                  -10

                Step  Positive compliance  Negative compliance
                0.01                  0.1                  0.1

  RealMeasuredPoints
                4004

        Bias        Current     Resistance
0.0000e+00   -4.6994e-07   -0.0000e+00
1.0000e-02   -6.9966e-08   -1.4293e+05
2.0000e-02   3.3006e-07   6.0595e+04
3.0000e-02   7.2487e-07   4.1387e+04
4.0000e-02   1.1128e-06   3.5944e+04
5.0000e-02   1.4873e-06   3.3619e+04
6.0000e-02   1.8499e-06   3.2433e+04
7.0000e-02   2.2270e-06   3.1433e+04
8.0000e-02   2.5623e-06   3.1222e+04
9.0000e-02   2.8851e-06   3.1194e+04
1.0000e-01   3.1924e-06   3.1324e+04
1.1000e-01   3.4902e-06   3.1517e+04
1.2000e-01   3.7803e-06   3.1744e+04
1.3000e-01   4.0625e-06   3.2000e+04
1.4000e-01   4.3388e-06   3.2267e+04
1.5000e-01   4.6102e-06   3.2537e+04
1.6000e-01   4.8770e-06   3.2807e+04
1.7000e-01   5.1443e-06   3.3046e+04
1.8000e-01   5.4006e-06   3.3329e+04
1.9000e-01   5.6558e-06   3.3594e+04
2.0000e-01   5.9093e-06   3.3845e+04
2.1000e-01   6.1603e-06   3.4090e+04
2.2000e-01   6.4095e-06   3.4324e+04
2.3000e-01   6.6561e-06   3.4555e+04
2.4000e-01   6.9009e-06   3.4778e+04
2.5000e-01   7.1433e-06   3.4998e+04
2.6000e-01   7.3857e-06   3.5203e+04
2.7000e-01   7.6445e-06   3.5319e+04
2.8000e-01   7.8770e-06   3.5546e+04
2.9000e-01   8.1100e-06   3.5758e+04
3.0000e-01   8.3394e-06   3.5974e+04
3.1000e-01   8.5683e-06   3.6180e+04
3.2000e-01   8.7941e-06   3.6388e+04
3.3000e-01   9.0173e-06   3.6596e+04
3.4000e-01   9.2365e-06   3.6811e+04
3.5000e-01   9.4584e-06   3.7004e+04
3.6000e-01   9.6711e-06   3.7224e+04
3.7000e-01   9.8846e-06   3.7432e+04
3.8000e-01   1.0095e-05   3.7642e+04
3.9000e-01   1.0304e-05   3.7850e+04
4.0000e-01   1.0508e-05   3.8066e+04
4.1000e-01   1.0711e-05   3.8279e+04
4.2000e-01   1.0911e-05   3.8493e+04
4.3000e-01   1.1109e-05   3.8706e+04
4.4000e-01   1.1306e-05   3.8918e+04
4.5000e-01   1.1497e-05   3.9140e+04
4.6000e-01   1.1685e-05   3.9366e+04
4.7000e-01   1.1876e-05   3.9576e+04
4.8000e-01   1.2074e-05   3.9756e+04
4.9000e-01   1.2258e-05   3.9973e+04
5.0000e-01   1.2440e-05   4.0193e+04
5.1000e-01   1.2618e-05   4.0418e+04
5.2000e-01   1.2793e-05   4.0648e+04
5.3000e-01   1.2966e-05   4.0875e+04
5.4000e-01   1.3138e-05   4.1101e+04
5.5000e-01   1.3308e-05   4.1328e+04
5.6000e-01   1.3475e-05   4.1557e+04
5.7000e-01   1.3640e-05   4.1788e+04
5.8000e-01   1.3803e-05   4.2019e+04
5.9000e-01   1.3964e-05   4.2252e+04
6.0000e-01   1.4123e-05   4.2484e+04
6.1000e-01   1.4279e-05   4.2719e+04
6.2000e-01   1.4434e-05   4.2955e+04
6.3000e-01   1.4585e-05   4.3194e+04
6.4000e-01   1.4736e-05   4.3431e+04
6.5000e-01   1.4884e-05   4.3671e+04
6.6000e-01   1.5031e-05   4.3911e+04
6.7000e-01   1.5176e-05   4.4150e+04
6.8000e-01   1.5329e-05   4.4361e+04
6.9000e-01   1.5469e-05   4.4606e+04
7.0000e-01   1.5607e-05   4.4853e+04
7.1000e-01   1.5745e-05   4.5095e+04
7.2000e-01   1.5878e-05   4.5346e+04
7.3000e-01   1.6012e-05   4.5591e+04
7.4000e-01   1.6143e-05   4.5842e+04
7.5000e-01   1.6272e-05   4.6091e+04
7.6000e-01   1.6400e-05   4.6342e+04
7.7000e-01   1.6525e-05   4.6597e+04
7.8000e-01   1.6649e-05   4.6850e+04
7.9000e-01   1.6771e-05   4.7105e+04
8.0000e-01   1.6892e-05   4.7359e+04
8.1000e-01   1.7011e-05   4.7616e+04
8.2000e-01   1.7128e-05   4.7875e+04
8.3000e-01   1.7245e-05   4.8130e+04
8.4000e-01   1.7357e-05   4.8394e+04
8.5000e-01   1.7471e-05   4.8653e+04
8.6000e-01   1.7581e-05   4.8917e+04
8.7000e-01   1.7690e-05   4.9179e+04
8.8000e-01   1.7798e-05   4.9442e+04
8.9000e-01   1.7913e-05   4.9684e+04
9.0000e-01   1.8019e-05   4.9948e+04
9.1000e-01   1.8122e-05   5.0215e+04
9.2000e-01   1.8223e-05   5.0486e+04
9.3000e-01   1.8324e-05   5.0753e+04
9.4000e-01   1.8423e-05   5.1022e+04
9.5000e-01   1.8521e-05   5.1292e+04
9.6000e-01   1.8618e-05   5.1563e+04
9.7000e-01   1.8713e-05   5.1834e+04
9.8000e-01   1.8807e-05   5.2109e+04
9.9000e-01   1.8900e-05   5.2382e+04
1.0000e+00   1.8992e-05   5.2655e+04
1.0100e+00   1.9082e-05   5.2929e+04
1.0200e+00   1.9171e-05   5.3207e+04
1.0300e+00   1.9259e-05   5.3481e+04
1.0400e+00   1.9345e-05   5.3760e+04
1.0500e+00   1.9431e-05   5.4038e+04
1.0600e+00   1.9516e-05   5.4313e+04
1.0700e+00   1.9599e-05   5.4594e+04
1.0800e+00   1.9681e-05   5.4874e+04
1.0900e+00   1.9769e-05   5.5137e+04
1.1000e+00   1.9849e-05   5.5418e+04
1.1100e+00   1.9928e-05   5.5701e+04
1.1200e+00   2.0006e-05   5.5984e+04
1.1300e+00   2.0083e-05   5.6268e+04
1.1400e+00   2.0158e-05   5.6553e+04
1.1500e+00   2.0233e-05   5.6838e+04
1.1600e+00   2.0307e-05   5.7123e+04
1.1700e+00   2.0380e-05   5.7411e+04
1.1800e+00   2.0452e-05   5.7697e+04
1.1900e+00   2.0522e-05   5.7987e+04
1.2000e+00   2.0592e-05   5.8275e+04
1.2100e+00   2.0661e-05   5.8565e+04
1.2200e+00   2.0729e-05   5.8854e+04
1.2300e+00   2.0796e-05   5.9145e+04
1.2400e+00   2.0863e-05   5.9436e+04
1.2500e+00   2.0928e-05   5.9727e+04
1.2600e+00   2.0993e-05   6.0019e+04
1.2700e+00   2.1057e-05   6.0312e+04
1.2800e+00   2.1120e-05   6.0605e+04
1.2900e+00   2.1183e-05   6.0898e+04
1.3000e+00   2.1249e-05   6.1180e+04
1.3100e+00   2.1310e-05   6.1473e+04
1.3200e+00   2.1370e-05   6.1770e+04
1.3300e+00   2.1429e-05   6.2066e+04
1.3400e+00   2.1488e-05   6.2362e+04
1.3500e+00   2.1545e-05   6.2659e+04
1.3600e+00   2.1602e-05   6.2957e+04
1.3700e+00   2.1658e-05   6.3255e+04
1.3800e+00   2.1714e-05   6.3553e+04
1.3900e+00   2.1768e-05   6.3854e+04
1.4000e+00   2.1823e-05   6.4153e+04
1.4100e+00   2.1877e-05   6.4452e+04
1.4200e+00   2.1930e-05   6.4752e+04
1.4300e+00   2.1982e-05   6.5053e+04
1.4400e+00   2.2034e-05   6.5353e+04
1.4500e+00   2.2085e-05   6.5657e+04
1.4600e+00   2.2135e-05   6.5959e+04
1.4700e+00   2.2185e-05   6.6259e+04
1.4800e+00   2.2235e-05   6.6562e+04
1.4900e+00   2.2283e-05   6.6866e+04
1.5000e+00   2.2336e-05   6.7157e+04
1.5100e+00   2.2383e-05   6.7462e+04
1.5200e+00   2.2431e-05   6.7764e+04
1.5300e+00   2.2477e-05   6.8071e+04
1.5400e+00   2.2523e-05   6.8374e+04
1.5500e+00   2.2567e-05   6.8684e+04
1.5600e+00   2.2612e-05   6.8989e+04
1.5700e+00   2.2657e-05   6.9294e+04
1.5800e+00   2.2701e-05   6.9602e+04
1.5900e+00   2.2745e-05   6.9906e+04
1.6000e+00   2.2787e-05   7.0215e+04
1.6100e+00   2.2829e-05   7.0524e+04
1.6200e+00   2.2872e-05   7.0829e+04
1.6300e+00   2.2914e-05   7.1136e+04
1.6400e+00   2.2955e-05   7.1445e+04
1.6500e+00   2.2996e-05   7.1751e+04
1.6600e+00   2.3036e-05   7.2060e+04
1.6700e+00   2.3077e-05   7.2367e+04
1.6800e+00   2.3115e-05   7.2679e+04
1.6900e+00   2.3155e-05   7.2985e+04
1.7000e+00   2.3195e-05   7.3293e+04
1.7100e+00   2.3237e-05   7.3591e+04
1.7200e+00   2.3274e-05   7.3902e+04
1.7300e+00   2.3311e-05   7.4214e+04
1.7400e+00   2.3349e-05   7.4522e+04
1.7500e+00   2.3386e-05   7.4831e+04
1.7600e+00   2.3422e-05   7.5142e+04
1.7700e+00   2.3458e-05   7.5454e+04
1.7800e+00   2.3494e-05   7.5765e+04
1.7900e+00   2.3530e-05   7.6074e+04
1.8000e+00   2.3564e-05   7.6389e+04
1.8100e+00   2.3600e-05   7.6696e+04
1.8200e+00   2.3634e-05   7.7007e+04
1.8300e+00   2.3668e-05   7.7321e+04
1.8400e+00   2.3701e-05   7.7633e+04
1.8500e+00   2.3735e-05   7.7943e+04
1.8600e+00   2.3768e-05   7.8258e+04
1.8700e+00   2.3801e-05   7.8568e+04
1.8800e+00   2.3834e-05   7.8879e+04
1.8900e+00   2.3866e-05   7.9192e+04
1.9000e+00   2.3898e-05   7.9506e+04
1.9100e+00   2.3931e-05   7.9812e+04
1.9200e+00   2.3964e-05   8.0122e+04
1.9300e+00   2.3994e-05   8.0435e+04
1.9400e+00   2.4026e-05   8.0747e+04
1.9500e+00   2.4056e-05   8.1061e+04
1.9600e+00   2.4087e-05   8.1371e+04
1.9700e+00   2.4117e-05   8.1684e+04
1.9800e+00   2.4148e-05   8.1995e+04
1.9900e+00   2.4177e-05   8.2308e+04
2.0000e+00   2.4207e-05   8.2621e+04
2.0100e+00   2.4236e-05   8.2933e+04
2.0200e+00   2.4265e-05   8.3247e+04
2.0300e+00   2.4295e-05   8.3557e+04
2.0400e+00   2.4323e-05   8.3872e+04
2.0500e+00   2.4351e-05   8.4184e+04
2.0600e+00   2.4380e-05   8.4497e+04
2.0700e+00   2.4407e-05   8.4811e+04
2.0800e+00   2.4435e-05   8.5123e+04
2.0900e+00   2.4462e-05   8.5438e+04
2.1000e+00   2.4490e-05   8.5750e+04
2.1100e+00   2.4518e-05   8.6060e+04
2.1200e+00   2.4546e-05   8.6367e+04
2.1300e+00   2.4573e-05   8.6682e+04
2.1400e+00   2.4600e-05   8.6992e+04
2.1500e+00   2.4626e-05   8.7305e+04
2.1600e+00   2.4653e-05   8.7618e+04
2.1700e+00   2.4679e-05   8.7929e+04
2.1800e+00   2.4704e-05   8.8245e+04
2.1900e+00   2.4730e-05   8.8556e+04
2.2000e+00   2.4755e-05   8.8872e+04
2.2100e+00   2.4781e-05   8.9181e+04
2.2200e+00   2.4806e-05   8.9493e+04
2.2300e+00   2.4831e-05   8.9806e+04
2.2400e+00   2.4856e-05   9.0119e+04
2.2500e+00   2.4881e-05   9.0431e+04
2.2600e+00   2.4905e-05   9.0744e+04
2.2700e+00   2.4930e-05   9.1056e+04
2.2800e+00   2.4953e-05   9.1373e+04
2.2900e+00   2.4976e-05   9.1687e+04
2.3000e+00   2.5000e-05   9.1999e+04
2.3100e+00   2.5024e-05   9.2310e+04
2.3200e+00   2.5050e-05   9.2613e+04
2.3300e+00   2.5073e-05   9.2928e+04
2.3400e+00   2.5096e-05   9.3241e+04
2.3500e+00   2.5119e-05   9.3554e+04
2.3600e+00   2.5143e-05   9.3865e+04
2.3700e+00   2.5166e-05   9.4175e+04
2.3800e+00   2.5189e-05   9.4488e+04
2.3900e+00   2.5210e-05   9.4803e+04
2.4000e+00   2.5232e-05   9.5118e+04
2.4100e+00   2.5255e-05   9.5427e+04
2.4200e+00   2.5277e-05   9.5738e+04
2.4300e+00   2.5299e-05   9.6050e+04
2.4400e+00   2.5321e-05   9.6362e+04
2.4500e+00   2.5344e-05   9.6671e+04
2.4600e+00   2.5364e-05   9.6986e+04
2.4700e+00   2.5387e-05   9.7295e+04
2.4800e+00   2.5408e-05   9.7607e+04
2.4900e+00   2.5429e-05   9.7919e+04
2.5000e+00   2.5451e-05   9.8228e+04
2.5100e+00   2.5471e-05   9.8543e+04
2.5200e+00   2.5492e-05   9.8855e+04
2.5300e+00   2.5515e-05   9.9157e+04
2.5400e+00   2.5536e-05   9.9468e+04
2.5500e+00   2.5557e-05   9.9778e+04
2.5600e+00   2.5577e-05   1.0009e+05
2.5700e+00   2.5597e-05   1.0040e+05
2.5800e+00   2.5618e-05   1.0071e+05
2.5900e+00   2.5638e-05   1.0102e+05
2.6000e+00   2.5660e-05   1.0133e+05
2.6100e+00   2.5679e-05   1.0164e+05
2.6200e+00   2.5698e-05   1.0195e+05
2.6300e+00   2.5718e-05   1.0226e+05
2.6400e+00   2.5738e-05   1.0257e+05
2.6500e+00   2.5758e-05   1.0288e+05
2.6600e+00   2.5779e-05   1.0318e+05
2.6700e+00   2.5798e-05   1.0350e+05
2.6800e+00   2.5816e-05   1.0381e+05
2.6900e+00   2.5835e-05   1.0412e+05
2.7000e+00   2.5856e-05   1.0442e+05
2.7100e+00   2.5875e-05   1.0474e+05
2.7200e+00   2.5894e-05   1.0504e+05
2.7300e+00   2.5915e-05   1.0534e+05
2.7400e+00   2.5933e-05   1.0566e+05
2.7500e+00   2.5952e-05   1.0597e+05
2.7600e+00   2.5970e-05   1.0628e+05
2.7700e+00   2.5989e-05   1.0658e+05
2.7800e+00   2.6007e-05   1.0689e+05
2.7900e+00   2.6026e-05   1.0720e+05
2.8000e+00   2.6045e-05   1.0751e+05
2.8100e+00   2.6063e-05   1.0782e+05
2.8200e+00   2.6082e-05   1.0812e+05
2.8300e+00   2.6100e-05   1.0843e+05
2.8400e+00   2.6118e-05   1.0874e+05
2.8500e+00   2.6136e-05   1.0904e+05
2.8600e+00   2.6154e-05   1.0935e+05
2.8700e+00   2.6172e-05   1.0966e+05
2.8800e+00   2.6190e-05   1.0997e+05
2.8900e+00   2.6208e-05   1.1027e+05
2.9000e+00   2.6227e-05   1.1057e+05
2.9100e+00   2.6245e-05   1.1088e+05
2.9200e+00   2.6262e-05   1.1119e+05
2.9300e+00   2.6279e-05   1.1150e+05
2.9400e+00   2.6298e-05   1.1179e+05
2.9500e+00   2.6315e-05   1.1210e+05
2.9600e+00   2.6332e-05   1.1241e+05
2.9700e+00   2.6351e-05   1.1271e+05
2.9800e+00   2.6367e-05   1.1302e+05
2.9900e+00   2.6384e-05   1.1333e+05
3.0000e+00   2.6402e-05   1.1363e+05
3.0100e+00   2.6418e-05   1.1394e+05
3.0200e+00   2.6436e-05   1.1424e+05
3.0300e+00   2.6453e-05   1.1454e+05
3.0400e+00   2.6470e-05   1.1485e+05
3.0500e+00   2.6486e-05   1.1515e+05
3.0600e+00   2.6503e-05   1.1546e+05
3.0700e+00   2.6520e-05   1.1576e+05
3.0800e+00   2.6536e-05   1.1607e+05
3.0900e+00   2.6553e-05   1.1637e+05
3.1000e+00   2.6570e-05   1.1667e+05
3.1100e+00   2.6587e-05   1.1698e+05
3.1200e+00   2.6602e-05   1.1728e+05
3.1300e+00   2.6619e-05   1.1759e+05
3.1400e+00   2.6636e-05   1.1789e+05
3.1500e+00   2.6652e-05   1.1819e+05
3.1600e+00   2.6669e-05   1.1849e+05
3.1700e+00   2.6685e-05   1.1879e+05
3.1800e+00   2.6701e-05   1.1909e+05
3.1900e+00   2.6716e-05   1.1940e+05
3.2000e+00   2.6732e-05   1.1971e+05
3.2100e+00   2.6749e-05   1.2001e+05
3.2200e+00   2.6765e-05   1.2031e+05
3.2300e+00   2.6780e-05   1.2061e+05
3.2400e+00   2.6796e-05   1.2091e+05
3.2500e+00   2.6812e-05   1.2121e+05
3.2600e+00   2.6827e-05   1.2152e+05
3.2700e+00   2.6844e-05   1.2182e+05
3.2800e+00   2.6860e-05   1.2211e+05
3.2900e+00   2.6875e-05   1.2242e+05
3.3000e+00   2.6891e-05   1.2272e+05
3.3100e+00   2.6907e-05   1.2302e+05
3.3200e+00   2.6924e-05   1.2331e+05
3.3300e+00   2.6939e-05   1.2361e+05
3.3400e+00   2.6954e-05   1.2392e+05
3.3500e+00   2.6969e-05   1.2422e+05
3.3600e+00   2.6985e-05   1.2452e+05
3.3700e+00   2.6999e-05   1.2482e+05
3.3800e+00   2.7015e-05   1.2512e+05
3.3900e+00   2.7030e-05   1.2541e+05
3.4000e+00   2.7046e-05   1.2571e+05
3.4100e+00   2.7060e-05   1.2602e+05
3.4200e+00   2.7077e-05   1.2631e+05
3.4300e+00   2.7091e-05   1.2661e+05
3.4400e+00   2.7107e-05   1.2690e+05
3.4500e+00   2.7122e-05   1.2720e+05
3.4600e+00   2.7137e-05   1.2750e+05
3.4700e+00   2.7152e-05   1.2780e+05
3.4800e+00   2.7167e-05   1.2810e+05
3.4900e+00   2.7182e-05   1.2840e+05
3.5000e+00   2.7199e-05   1.2868e+05
3.5100e+00   2.7212e-05   1.2899e+05
3.5200e+00   2.7227e-05   1.2929e+05
3.5300e+00   2.7241e-05   1.2958e+05
3.5400e+00   2.7257e-05   1.2988e+05
3.5500e+00   2.7270e-05   1.3018e+05
3.5600e+00   2.7286e-05   1.3047e+05
3.5700e+00   2.7300e-05   1.3077e+05
3.5800e+00   2.7314e-05   1.3107e+05
3.5900e+00   2.7329e-05   1.3136e+05
3.6000e+00   2.7344e-05   1.3166e+05
3.6100e+00   2.7358e-05   1.3195e+05
3.6200e+00   2.7372e-05   1.3225e+05
3.6300e+00   2.7387e-05   1.3254e+05
3.6400e+00   2.7401e-05   1.3284e+05
3.6500e+00   2.7415e-05   1.3314e+05
3.6600e+00   2.7430e-05   1.3343e+05
3.6700e+00   2.7444e-05   1.3373e+05
3.6800e+00   2.7460e-05   1.3402e+05
3.6900e+00   2.7475e-05   1.3431e+05
3.7000e+00   2.7488e-05   1.3460e+05
3.7100e+00   2.7503e-05   1.3489e+05
3.7200e+00   2.7517e-05   1.3519e+05
3.7300e+00   2.7531e-05   1.3548e+05
3.7400e+00   2.7545e-05   1.3578e+05
3.7500e+00   2.7559e-05   1.3607e+05
3.7600e+00   2.7573e-05   1.3636e+05
3.7700e+00   2.7587e-05   1.3666e+05
3.7800e+00   2.7600e-05   1.3695e+05
3.7900e+00   2.7615e-05   1.3724e+05
3.8000e+00   2.7628e-05   1.3754e+05
3.8100e+00   2.7642e-05   1.3783e+05
3.8200e+00   2.7657e-05   1.3812e+05
3.8300e+00   2.7670e-05   1.3842e+05
3.8400e+00   2.7684e-05   1.3871e+05
3.8500e+00   2.7698e-05   1.3900e+05
3.8600e+00   2.7713e-05   1.3929e+05
3.8700e+00   2.7726e-05   1.3958e+05
3.8800e+00   2.7739e-05   1.3987e+05
3.8900e+00   2.7753e-05   1.4017e+05
3.9000e+00   2.7766e-05   1.4046e+05
3.9100e+00   2.7780e-05   1.4075e+05
3.9200e+00   2.7793e-05   1.4104e+05
3.9300e+00   2.7807e-05   1.4133e+05
3.9400e+00   2.7821e-05   1.4162e+05
3.9500e+00   2.7835e-05   1.4191e+05
3.9600e+00   2.7848e-05   1.4220e+05
3.9700e+00   2.7862e-05   1.4249e+05
3.9800e+00   2.7875e-05   1.4278e+05
3.9900e+00   2.7888e-05   1.4307e+05
4.0000e+00   2.7902e-05   1.4336e+05
4.0100e+00   2.7915e-05   1.4365e+05
4.0200e+00   2.7928e-05   1.4394e+05
4.0300e+00   2.7942e-05   1.4423e+05
4.0400e+00   2.7956e-05   1.4451e+05
4.0500e+00   2.7969e-05   1.4480e+05
4.0600e+00   2.7982e-05   1.4509e+05
4.0700e+00   2.7995e-05   1.4538e+05
4.0800e+00   2.8009e-05   1.4567e+05
4.0900e+00   2.8022e-05   1.4596e+05
4.1000e+00   2.8035e-05   1.4625e+05
4.1100e+00   2.8048e-05   1.4654e+05
4.1200e+00   2.8061e-05   1.4682e+05
4.1300e+00   2.8074e-05   1.4711e+05
4.1400e+00   2.8086e-05   1.4740e+05
4.1500e+00   2.8100e-05   1.4769e+05
4.1600e+00   2.8113e-05   1.4797e+05
4.1700e+00   2.8127e-05   1.4826e+05
4.1800e+00   2.8139e-05   1.4855e+05
4.1900e+00   2.8152e-05   1.4884e+05
4.2000e+00   2.8164e-05   1.4912e+05
4.2100e+00   2.8179e-05   1.4940e+05
4.2200e+00   2.8191e-05   1.4969e+05
4.2300e+00   2.8205e-05   1.4998e+05
4.2400e+00   2.8218e-05   1.5026e+05
4.2500e+00   2.8230e-05   1.5055e+05
4.2600e+00   2.8243e-05   1.5083e+05
4.2700e+00   2.8256e-05   1.5112e+05
4.2800e+00   2.8268e-05   1.5141e+05
4.2900e+00   2.8281e-05   1.5169e+05
4.3000e+00   2.8293e-05   1.5198e+05
4.3100e+00   2.8306e-05   1.5226e+05
4.3200e+00   2.8319e-05   1.5255e+05
4.3300e+00   2.8331e-05   1.5284e+05
4.3400e+00   2.8343e-05   1.5312e+05
4.3500e+00   2.8356e-05   1.5341e+05
4.3600e+00   2.8369e-05   1.5369e+05
4.3700e+00   2.8380e-05   1.5398e+05
4.3800e+00   2.8393e-05   1.5426e+05
4.3900e+00   2.8406e-05   1.5455e+05
4.4000e+00   2.8419e-05   1.5483e+05
4.4100e+00   2.8431e-05   1.5511e+05
4.4200e+00   2.8444e-05   1.5539e+05
4.4300e+00   2.8456e-05   1.5568e+05
4.4400e+00   2.8468e-05   1.5596e+05
4.4500e+00   2.8481e-05   1.5624e+05
4.4600e+00   2.8493e-05   1.5653e+05
4.4700e+00   2.8505e-05   1.5681e+05
4.4800e+00   2.8518e-05   1.5709e+05
4.4900e+00   2.8531e-05   1.5737e+05
4.5000e+00   2.8543e-05   1.5766e+05
4.5100e+00   2.8555e-05   1.5794e+05
4.5200e+00   2.8567e-05   1.5822e+05
4.5300e+00   2.8579e-05   1.5851e+05
4.5400e+00   2.8592e-05   1.5878e+05
4.5500e+00   2.8604e-05   1.5907e+05
4.5600e+00   2.8616e-05   1.5935e+05
4.5700e+00   2.8629e-05   1.5963e+05
4.5800e+00   2.8642e-05   1.5991e+05
4.5900e+00   2.8654e-05   1.6019e+05
4.6000e+00   2.8666e-05   1.6047e+05
4.6100e+00   2.8678e-05   1.6075e+05
4.6200e+00   2.8690e-05   1.6103e+05
4.6300e+00   2.8702e-05   1.6131e+05
4.6400e+00   2.8714e-05   1.6159e+05
4.6500e+00   2.8726e-05   1.6187e+05
4.6600e+00   2.8738e-05   1.6215e+05
4.6700e+00   2.8751e-05   1.6243e+05
4.6800e+00   2.8763e-05   1.6271e+05
4.6900e+00   2.8775e-05   1.6299e+05
4.7000e+00   2.8786e-05   1.6327e+05
4.7100e+00   2.8798e-05   1.6355e+05
4.7200e+00   2.8811e-05   1.6383e+05
4.7300e+00   2.8823e-05   1.6410e+05
4.7400e+00   2.8834e-05   1.6439e+05
4.7500e+00   2.8847e-05   1.6466e+05
4.7600e+00   2.8857e-05   1.6495e+05
4.7700e+00   2.8870e-05   1.6523e+05
4.7800e+00   2.8883e-05   1.6550e+05
4.7900e+00   2.8894e-05   1.6578e+05
4.8000e+00   2.8906e-05   1.6606e+05
4.8100e+00   2.8917e-05   1.6634e+05
4.8200e+00   2.8929e-05   1.6662e+05
4.8300e+00   2.8940e-05   1.6690e+05
4.8400e+00   2.8953e-05   1.6717e+05
4.8500e+00   2.8964e-05   1.6745e+05
4.8600e+00   2.8976e-05   1.6773e+05
4.8700e+00   2.8987e-05   1.6800e+05
4.8800e+00   2.8998e-05   1.6829e+05
4.8900e+00   2.9010e-05   1.6856e+05
4.9000e+00   2.9021e-05   1.6884e+05
4.9100e+00   2.9033e-05   1.6912e+05
4.9200e+00   2.9044e-05   1.6940e+05
4.9300e+00   2.9057e-05   1.6967e+05
4.9400e+00   2.9068e-05   1.6995e+05
4.9500e+00   2.9080e-05   1.7022e+05
4.9600e+00   2.9091e-05   1.7050e+05
4.9700e+00   2.9102e-05   1.7078e+05
4.9800e+00   2.9115e-05   1.7105e+05
4.9900e+00   2.9126e-05   1.7133e+05
5.0000e+00   2.9137e-05   1.7160e+05
5.0100e+00   2.9149e-05   1.7188e+05
5.0200e+00   2.9160e-05   1.7215e+05
5.0300e+00   2.9172e-05   1.7243e+05
5.0400e+00   2.9184e-05   1.7270e+05
5.0500e+00   2.9195e-05   1.7298e+05
5.0600e+00   2.9207e-05   1.7325e+05
5.0700e+00   2.9217e-05   1.7353e+05
5.0800e+00   2.9229e-05   1.7380e+05
5.0900e+00   2.9241e-05   1.7407e+05
5.1000e+00   2.9252e-05   1.7435e+05
5.1100e+00   2.9265e-05   1.7461e+05
5.1200e+00   2.9275e-05   1.7489e+05
5.1300e+00   2.9286e-05   1.7517e+05
5.1400e+00   2.9299e-05   1.7543e+05
5.1500e+00   2.9310e-05   1.7571e+05
5.1600e+00   2.9321e-05   1.7598e+05
5.1700e+00   2.9333e-05   1.7625e+05
5.1800e+00   2.9344e-05   1.7653e+05
5.1900e+00   2.9356e-05   1.7680e+05
5.2000e+00   2.9366e-05   1.7708e+05
5.2100e+00   2.9378e-05   1.7734e+05
5.2200e+00   2.9388e-05   1.7762e+05
5.2300e+00   2.9399e-05   1.7790e+05
5.2400e+00   2.9410e-05   1.7817e+05
5.2500e+00   2.9422e-05   1.7844e+05
5.2600e+00   2.9433e-05   1.7871e+05
5.2700e+00   2.9445e-05   1.7898e+05
5.2800e+00   2.9455e-05   1.7926e+05
5.2900e+00   2.9466e-05   1.7953e+05
5.3000e+00   2.9478e-05   1.7980e+05
5.3100e+00   2.9489e-05   1.8007e+05
5.3200e+00   2.9499e-05   1.8034e+05
5.3300e+00   2.9511e-05   1.8061e+05
5.3400e+00   2.9523e-05   1.8088e+05
5.3500e+00   2.9534e-05   1.8115e+05
5.3600e+00   2.9545e-05   1.8142e+05
5.3700e+00   2.9556e-05   1.8169e+05
5.3800e+00   2.9567e-05   1.8196e+05
5.3900e+00   2.9578e-05   1.8223e+05
5.4000e+00   2.9590e-05   1.8250e+05
5.4100e+00   2.9601e-05   1.8276e+05
5.4200e+00   2.9612e-05   1.8303e+05
5.4300e+00   2.9623e-05   1.8331e+05
5.4400e+00   2.9633e-05   1.8358e+05
5.4500e+00   2.9644e-05   1.8385e+05
5.4600e+00   2.9656e-05   1.8411e+05
5.4700e+00   2.9667e-05   1.8438e+05
5.4800e+00   2.9678e-05   1.8465e+05
5.4900e+00   2.9689e-05   1.8492e+05
5.5000e+00   2.9700e-05   1.8518e+05
5.5100e+00   2.9711e-05   1.8545e+05
5.5200e+00   2.9722e-05   1.8572e+05
5.5300e+00   2.9733e-05   1.8599e+05
5.5400e+00   2.9743e-05   1.8626e+05
5.5500e+00   2.9754e-05   1.8653e+05
5.5600e+00   2.9765e-05   1.8680e+05
5.5700e+00   2.9775e-05   1.8707e+05
5.5800e+00   2.9786e-05   1.8734e+05
5.5900e+00   2.9797e-05   1.8760e+05
5.6000e+00   2.9807e-05   1.8787e+05
5.6100e+00   2.9818e-05   1.8814e+05
5.6200e+00   2.9829e-05   1.8840e+05
5.6300e+00   2.9840e-05   1.8867e+05
5.6400e+00   2.9851e-05   1.8894e+05
5.6500e+00   2.9862e-05   1.8920e+05
5.6600e+00   2.9873e-05   1.8947e+05
5.6700e+00   2.9883e-05   1.8974e+05
5.6800e+00   2.9894e-05   1.9001e+05
5.6900e+00   2.9906e-05   1.9027e+05
5.7000e+00   2.9915e-05   1.9054e+05
5.7100e+00   2.9926e-05   1.9081e+05
5.7200e+00   2.9936e-05   1.9107e+05
5.7300e+00   2.9947e-05   1.9134e+05
5.7400e+00   2.9958e-05   1.9160e+05
5.7500e+00   2.9968e-05   1.9187e+05
5.7600e+00   2.9978e-05   1.9214e+05
5.7700e+00   2.9989e-05   1.9240e+05
5.7800e+00   3.0001e-05   1.9266e+05
5.7900e+00   3.0010e-05   1.9293e+05
5.8000e+00   3.0022e-05   1.9319e+05
5.8100e+00   3.0032e-05   1.9346e+05
5.8200e+00   3.0043e-05   1.9373e+05
5.8300e+00   3.0053e-05   1.9399e+05
5.8400e+00   3.0064e-05   1.9425e+05
5.8500e+00   3.0075e-05   1.9451e+05
5.8600e+00   3.0084e-05   1.9479e+05
5.8700e+00   3.0095e-05   1.9505e+05
5.8800e+00   3.0105e-05   1.9532e+05
5.8900e+00   3.0115e-05   1.9558e+05
5.9000e+00   3.0126e-05   1.9585e+05
5.9100e+00   3.0136e-05   1.9611e+05
5.9200e+00   3.0145e-05   1.9638e+05
5.9300e+00   3.0156e-05   1.9664e+05
5.9400e+00   3.0166e-05   1.9691e+05
5.9500e+00   3.0177e-05   1.9717e+05
5.9600e+00   3.0187e-05   1.9744e+05
5.9700e+00   3.0198e-05   1.9770e+05
5.9800e+00   3.0208e-05   1.9796e+05
5.9900e+00   3.0218e-05   1.9822e+05
6.0000e+00   3.0230e-05   1.9848e+05
6.0100e+00   3.0240e-05   1.9874e+05
6.0200e+00   3.0251e-05   1.9900e+05
6.0300e+00   3.0260e-05   1.9927e+05
6.0400e+00   3.0270e-05   1.9954e+05
6.0500e+00   3.0281e-05   1.9979e+05
6.0600e+00   3.0291e-05   2.0006e+05
6.0700e+00   3.0301e-05   2.0032e+05
6.0800e+00   3.0311e-05   2.0059e+05
6.0900e+00   3.0322e-05   2.0084e+05
6.1000e+00   3.0332e-05   2.0111e+05
6.1100e+00   3.0342e-05   2.0137e+05
6.1200e+00   3.0352e-05   2.0163e+05
6.1300e+00   3.0363e-05   2.0189e+05
6.1400e+00   3.0373e-05   2.0215e+05
6.1500e+00   3.0383e-05   2.0241e+05
6.1600e+00   3.0394e-05   2.0267e+05
6.1700e+00   3.0404e-05   2.0293e+05
6.1800e+00   3.0415e-05   2.0319e+05
6.1900e+00   3.0425e-05   2.0345e+05
6.2000e+00   3.0434e-05   2.0372e+05
6.2100e+00   3.0444e-05   2.0398e+05
6.2200e+00   3.0454e-05   2.0424e+05
6.2300e+00   3.0465e-05   2.0450e+05
6.2400e+00   3.0474e-05   2.0476e+05
6.2500e+00   3.0484e-05   2.0502e+05
6.2600e+00   3.0494e-05   2.0528e+05
6.2700e+00   3.0504e-05   2.0555e+05
6.2800e+00   3.0514e-05   2.0581e+05
6.2900e+00   3.0524e-05   2.0607e+05
6.3000e+00   3.0534e-05   2.0633e+05
6.3100e+00   3.0545e-05   2.0658e+05
6.3200e+00   3.0555e-05   2.0684e+05
6.3300e+00   3.0563e-05   2.0711e+05
6.3400e+00   3.0574e-05   2.0737e+05
6.3500e+00   3.0584e-05   2.0762e+05
6.3600e+00   3.0594e-05   2.0789e+05
6.3700e+00   3.0604e-05   2.0814e+05
6.3800e+00   3.0614e-05   2.0840e+05
6.3900e+00   3.0624e-05   2.0866e+05
6.4000e+00   3.0634e-05   2.0892e+05
6.4100e+00   3.0644e-05   2.0918e+05
6.4200e+00   3.0654e-05   2.0943e+05
6.4300e+00   3.0664e-05   2.0969e+05
6.4400e+00   3.0675e-05   2.0994e+05
6.4500e+00   3.0684e-05   2.1021e+05
6.4600e+00   3.0695e-05   2.1046e+05
6.4700e+00   3.0705e-05   2.1072e+05
6.4800e+00   3.0716e-05   2.1097e+05
6.4900e+00   3.0725e-05   2.1123e+05
6.5000e+00   3.0736e-05   2.1148e+05
6.5100e+00   3.0745e-05   2.1174e+05
6.5200e+00   3.0754e-05   2.1200e+05
6.5300e+00   3.0764e-05   2.1226e+05
6.5400e+00   3.0775e-05   2.1251e+05
6.5500e+00   3.0785e-05   2.1277e+05
6.5600e+00   3.0797e-05   2.1301e+05
6.5700e+00   3.0806e-05   2.1327e+05
6.5800e+00   3.0816e-05   2.1352e+05
6.5900e+00   3.0828e-05   2.1377e+05
6.6000e+00   3.0837e-05   2.1403e+05
6.6100e+00   3.0848e-05   2.1428e+05
6.6200e+00   3.0858e-05   2.1453e+05
6.6300e+00   3.0867e-05   2.1479e+05
6.6400e+00   3.0878e-05   2.1504e+05
6.6500e+00   3.0888e-05   2.1530e+05
6.6600e+00   3.0897e-05   2.1556e+05
6.6700e+00   3.0906e-05   2.1581e+05
6.6800e+00   3.0917e-05   2.1606e+05
6.6900e+00   3.0927e-05   2.1631e+05
6.7000e+00   3.0937e-05   2.1657e+05
6.7100e+00   3.0946e-05   2.1683e+05
6.7200e+00   3.0957e-05   2.1708e+05
6.7300e+00   3.0966e-05   2.1734e+05
6.7400e+00   3.0976e-05   2.1759e+05
6.7500e+00   3.0984e-05   2.1785e+05
6.7600e+00   3.0994e-05   2.1810e+05
6.7700e+00   3.1005e-05   2.1836e+05
6.7800e+00   3.1014e-05   2.1861e+05
6.7900e+00   3.1025e-05   2.1886e+05
6.8000e+00   3.1034e-05   2.1911e+05
6.8100e+00   3.1044e-05   2.1937e+05
6.8200e+00   3.1054e-05   2.1962e+05
6.8300e+00   3.1064e-05   2.1987e+05
6.8400e+00   3.1075e-05   2.2011e+05
6.8500e+00   3.1084e-05   2.2037e+05
6.8600e+00   3.1093e-05   2.2063e+05
6.8700e+00   3.1104e-05   2.2087e+05
6.8800e+00   3.1114e-05   2.2113e+05
6.8900e+00   3.1123e-05   2.2138e+05
6.9000e+00   3.1133e-05   2.2163e+05
6.9100e+00   3.1144e-05   2.2187e+05
6.9200e+00   3.1153e-05   2.2213e+05
6.9300e+00   3.1163e-05   2.2238e+05
6.9400e+00   3.1171e-05   2.2264e+05
6.9500e+00   3.1181e-05   2.2289e+05
6.9600e+00   3.1192e-05   2.2314e+05
6.9700e+00   3.1201e-05   2.2339e+05
6.9800e+00   3.1211e-05   2.2364e+05
6.9900e+00   3.1221e-05   2.2389e+05
7.0000e+00   3.1231e-05   2.2414e+05
7.0100e+00   3.1240e-05   2.2439e+05
7.0200e+00   3.1250e-05   2.2464e+05
7.0300e+00   3.1260e-05   2.2489e+05
7.0400e+00   3.1269e-05   2.2514e+05
7.0500e+00   3.1279e-05   2.2539e+05
7.0600e+00   3.1288e-05   2.2564e+05
7.0700e+00   3.1298e-05   2.2589e+05
7.0800e+00   3.1307e-05   2.2615e+05
7.0900e+00   3.1318e-05   2.2639e+05
7.1000e+00   3.1326e-05   2.2665e+05
7.1100e+00   3.1336e-05   2.2689e+05
7.1200e+00   3.1347e-05   2.2714e+05
7.1300e+00   3.1356e-05   2.2739e+05
7.1400e+00   3.1365e-05   2.2764e+05
7.1500e+00   3.1375e-05   2.2789e+05
7.1600e+00   3.1384e-05   2.2814e+05
7.1700e+00   3.1394e-05   2.2839e+05
7.1800e+00   3.1404e-05   2.2864e+05
7.1900e+00   3.1414e-05   2.2888e+05
7.2000e+00   3.1422e-05   2.2914e+05
7.2100e+00   3.1432e-05   2.2939e+05
7.2200e+00   3.1442e-05   2.2963e+05
7.2300e+00   3.1451e-05   2.2988e+05
7.2400e+00   3.1461e-05   2.3012e+05
7.2500e+00   3.1471e-05   2.3037e+05
7.2600e+00   3.1480e-05   2.3062e+05
7.2700e+00   3.1489e-05   2.3087e+05
7.2800e+00   3.1499e-05   2.3112e+05
7.2900e+00   3.1508e-05   2.3137e+05
7.3000e+00   3.1518e-05   2.3161e+05
7.3100e+00   3.1527e-05   2.3186e+05
7.3200e+00   3.1537e-05   2.3211e+05
7.3300e+00   3.1546e-05   2.3236e+05
7.3400e+00   3.1556e-05   2.3260e+05
7.3500e+00   3.1565e-05   2.3285e+05
7.3600e+00   3.1575e-05   2.3310e+05
7.3700e+00   3.1585e-05   2.3334e+05
7.3800e+00   3.1593e-05   2.3359e+05
7.3900e+00   3.1604e-05   2.3383e+05
7.4000e+00   3.1613e-05   2.3408e+05
7.4100e+00   3.1623e-05   2.3433e+05
7.4200e+00   3.1632e-05   2.3458e+05
7.4300e+00   3.1641e-05   2.3482e+05
7.4400e+00   3.1650e-05   2.3507e+05
7.4500e+00   3.1659e-05   2.3532e+05
7.4600e+00   3.1668e-05   2.3557e+05
7.4700e+00   3.1678e-05   2.3581e+05
7.4800e+00   3.1688e-05   2.3605e+05
7.4900e+00   3.1697e-05   2.3630e+05
7.5000e+00   3.1706e-05   2.3654e+05
7.5100e+00   3.1716e-05   2.3679e+05
7.5200e+00   3.1726e-05   2.3703e+05
7.5300e+00   3.1735e-05   2.3728e+05
7.5400e+00   3.1744e-05   2.3753e+05
7.5500e+00   3.1754e-05   2.3777e+05
7.5600e+00   3.1763e-05   2.3801e+05
7.5700e+00   3.1773e-05   2.3825e+05
7.5800e+00   3.1781e-05   2.3850e+05
7.5900e+00   3.1791e-05   2.3875e+05
7.6000e+00   3.1800e-05   2.3900e+05
7.6100e+00   3.1810e-05   2.3923e+05
7.6200e+00   3.1819e-05   2.3948e+05
7.6300e+00   3.1828e-05   2.3973e+05
7.6400e+00   3.1838e-05   2.3997e+05
7.6500e+00   3.1847e-05   2.4021e+05
7.6600e+00   3.1856e-05   2.4046e+05
7.6700e+00   3.1865e-05   2.4070e+05
7.6800e+00   3.1875e-05   2.4094e+05
7.6900e+00   3.1883e-05   2.4119e+05
7.7000e+00   3.1894e-05   2.4143e+05
7.7100e+00   3.1903e-05   2.4167e+05
7.7200e+00   3.1912e-05   2.4192e+05
7.7300e+00   3.1920e-05   2.4216e+05
7.7400e+00   3.1930e-05   2.4241e+05
7.7500e+00   3.1940e-05   2.4264e+05
7.7600e+00   3.1949e-05   2.4289e+05
7.7700e+00   3.1958e-05   2.4313e+05
7.7800e+00   3.1968e-05   2.4337e+05
7.7900e+00   3.1977e-05   2.4361e+05
7.8000e+00   3.1987e-05   2.4385e+05
7.8100e+00   3.1995e-05   2.4410e+05
7.8200e+00   3.2005e-05   2.4434e+05
7.8300e+00   3.2014e-05   2.4458e+05
7.8400e+00   3.2023e-05   2.4482e+05
7.8500e+00   3.2032e-05   2.4507e+05
7.8600e+00   3.2041e-05   2.4531e+05
7.8700e+00   3.2051e-05   2.4555e+05
7.8800e+00   3.2060e-05   2.4579e+05
7.8900e+00   3.2069e-05   2.4603e+05
7.9000e+00   3.2078e-05   2.4627e+05
7.9100e+00   3.2088e-05   2.4651e+05
7.9200e+00   3.2098e-05   2.4675e+05
7.9300e+00   3.2106e-05   2.4699e+05
7.9400e+00   3.2115e-05   2.4724e+05
7.9500e+00   3.2124e-05   2.4748e+05
7.9600e+00   3.2133e-05   2.4772e+05
7.9700e+00   3.2144e-05   2.4795e+05
7.9800e+00   3.2152e-05   2.4820e+05
7.9900e+00   3.2161e-05   2.4843e+05
8.0000e+00   3.2171e-05   2.4867e+05
8.0100e+00   3.2180e-05   2.4891e+05
8.0200e+00   3.2189e-05   2.4915e+05
8.0300e+00   3.2199e-05   2.4939e+05
8.0400e+00   3.2208e-05   2.4963e+05
8.0500e+00   3.2217e-05   2.4987e+05
8.0600e+00   3.2227e-05   2.5010e+05
8.0700e+00   3.2236e-05   2.5034e+05
8.0800e+00   3.2245e-05   2.5058e+05
8.0900e+00   3.2254e-05   2.5082e+05
8.1000e+00   3.2263e-05   2.5106e+05
8.1100e+00   3.2272e-05   2.5130e+05
8.1200e+00   3.2281e-05   2.5154e+05
8.1300e+00   3.2290e-05   2.5178e+05
8.1400e+00   3.2299e-05   2.5202e+05
8.1500e+00   3.2309e-05   2.5225e+05
8.1600e+00   3.2318e-05   2.5249e+05
8.1700e+00   3.2327e-05   2.5273e+05
8.1800e+00   3.2336e-05   2.5297e+05
8.1900e+00   3.2345e-05   2.5321e+05
8.2000e+00   3.2354e-05   2.5344e+05
8.2100e+00   3.2364e-05   2.5368e+05
8.2200e+00   3.2373e-05   2.5392e+05
8.2300e+00   3.2382e-05   2.5415e+05
8.2400e+00   3.2391e-05   2.5439e+05
8.2500e+00   3.2400e-05   2.5463e+05
8.2600e+00   3.2409e-05   2.5487e+05
8.2700e+00   3.2419e-05   2.5510e+05
8.2800e+00   3.2428e-05   2.5533e+05
8.2900e+00   3.2436e-05   2.5558e+05
8.3000e+00   3.2446e-05   2.5581e+05
8.3100e+00   3.2456e-05   2.5604e+05
8.3200e+00   3.2464e-05   2.5628e+05
8.3300e+00   3.2474e-05   2.5651e+05
8.3400e+00   3.2483e-05   2.5675e+05
8.3500e+00   3.2493e-05   2.5698e+05
8.3600e+00   3.2502e-05   2.5722e+05
8.3700e+00   3.2511e-05   2.5745e+05
8.3800e+00   3.2519e-05   2.5769e+05
8.3900e+00   3.2530e-05   2.5792e+05
8.4000e+00   3.2538e-05   2.5816e+05
8.4100e+00   3.2548e-05   2.5839e+05
8.4200e+00   3.2557e-05   2.5863e+05
8.4300e+00   3.2565e-05   2.5887e+05
8.4400e+00   3.2574e-05   2.5910e+05
8.4500e+00   3.2584e-05   2.5933e+05
8.4600e+00   3.2593e-05   2.5956e+05
8.4700e+00   3.2602e-05   2.5980e+05
8.4800e+00   3.2611e-05   2.6004e+05
8.4900e+00   3.2620e-05   2.6027e+05
8.5000e+00   3.2629e-05   2.6051e+05
8.5100e+00   3.2638e-05   2.6074e+05
8.5200e+00   3.2647e-05   2.6097e+05
8.5300e+00   3.2655e-05   2.6121e+05
8.5400e+00   3.2665e-05   2.6144e+05
8.5500e+00   3.2674e-05   2.6168e+05
8.5600e+00   3.2683e-05   2.6191e+05
8.5700e+00   3.2692e-05   2.6214e+05
8.5800e+00   3.2702e-05   2.6237e+05
8.5900e+00   3.2711e-05   2.6260e+05
8.6000e+00   3.2720e-05   2.6284e+05
8.6100e+00   3.2729e-05   2.6307e+05
8.6200e+00   3.2738e-05   2.6330e+05
8.6300e+00   3.2748e-05   2.6353e+05
8.6400e+00   3.2757e-05   2.6376e+05
8.6500e+00   3.2765e-05   2.6400e+05
8.6600e+00   3.2775e-05   2.6423e+05
8.6700e+00   3.2784e-05   2.6446e+05
8.6800e+00   3.2793e-05   2.6469e+05
8.6900e+00   3.2802e-05   2.6493e+05
8.7000e+00   3.2810e-05   2.6516e+05
8.7100e+00   3.2819e-05   2.6539e+05
8.7200e+00   3.2828e-05   2.6563e+05
8.7300e+00   3.2838e-05   2.6585e+05
8.7400e+00   3.2848e-05   2.6608e+05
8.7500e+00   3.2856e-05   2.6631e+05
8.7600e+00   3.2865e-05   2.6655e+05
8.7700e+00   3.2874e-05   2.6678e+05
8.7800e+00   3.2883e-05   2.6701e+05
8.7900e+00   3.2893e-05   2.6723e+05
8.8000e+00   3.2901e-05   2.6747e+05
8.8100e+00   3.2910e-05   2.6770e+05
8.8200e+00   3.2920e-05   2.6792e+05
8.8300e+00   3.2929e-05   2.6816e+05
8.8400e+00   3.2938e-05   2.6838e+05
8.8500e+00   3.2947e-05   2.6862e+05
8.8600e+00   3.2956e-05   2.6884e+05
8.8700e+00   3.2965e-05   2.6907e+05
8.8800e+00   3.2973e-05   2.6931e+05
8.8900e+00   3.2983e-05   2.6954e+05
8.9000e+00   3.2991e-05   2.6977e+05
8.9100e+00   3.3001e-05   2.6999e+05
8.9200e+00   3.3009e-05   2.7023e+05
8.9300e+00   3.3018e-05   2.7046e+05
8.9400e+00   3.3028e-05   2.7068e+05
8.9500e+00   3.3036e-05   2.7091e+05
8.9600e+00   3.3045e-05   2.7115e+05
8.9700e+00   3.3055e-05   2.7137e+05
8.9800e+00   3.3063e-05   2.7160e+05
8.9900e+00   3.3072e-05   2.7183e+05
9.0000e+00   3.3081e-05   2.7206e+05
9.0100e+00   3.3090e-05   2.7229e+05
9.0200e+00   3.3100e-05   2.7251e+05
9.0300e+00   3.3109e-05   2.7274e+05
9.0400e+00   3.3118e-05   2.7297e+05
9.0500e+00   3.3126e-05   2.7320e+05
9.0600e+00   3.3135e-05   2.7343e+05
9.0700e+00   3.3145e-05   2.7365e+05
9.0800e+00   3.3154e-05   2.7387e+05
9.0900e+00   3.3163e-05   2.7410e+05
9.1000e+00   3.3172e-05   2.7433e+05
9.1100e+00   3.3180e-05   2.7456e+05
9.1200e+00   3.3189e-05   2.7479e+05
9.1300e+00   3.3199e-05   2.7501e+05
9.1400e+00   3.3207e-05   2.7525e+05
9.1500e+00   3.3215e-05   2.7548e+05
9.1600e+00   3.3224e-05   2.7570e+05
9.1700e+00   3.3234e-05   2.7593e+05
9.1800e+00   3.3242e-05   2.7616e+05
9.1900e+00   3.3251e-05   2.7638e+05
9.2000e+00   3.3260e-05   2.7661e+05
9.2100e+00   3.3269e-05   2.7684e+05
9.2200e+00   3.3279e-05   2.7705e+05
9.2300e+00   3.3288e-05   2.7728e+05
9.2400e+00   3.3296e-05   2.7751e+05
9.2500e+00   3.3305e-05   2.7774e+05
9.2600e+00   3.3314e-05   2.7796e+05
9.2700e+00   3.3324e-05   2.7818e+05
9.2800e+00   3.3332e-05   2.7841e+05
9.2900e+00   3.3341e-05   2.7864e+05
9.3000e+00   3.3350e-05   2.7886e+05
9.3100e+00   3.3359e-05   2.7909e+05
9.3200e+00   3.3368e-05   2.7931e+05
9.3300e+00   3.3377e-05   2.7953e+05
9.3400e+00   3.3386e-05   2.7976e+05
9.3500e+00   3.3394e-05   2.7999e+05
9.3600e+00   3.3403e-05   2.8021e+05
9.3700e+00   3.3412e-05   2.8044e+05
9.3800e+00   3.3422e-05   2.8066e+05
9.3900e+00   3.3430e-05   2.8089e+05
9.4000e+00   3.3439e-05   2.8111e+05
9.4100e+00   3.3448e-05   2.8133e+05
9.4200e+00   3.3457e-05   2.8156e+05
9.4300e+00   3.3466e-05   2.8178e+05
9.4400e+00   3.3475e-05   2.8200e+05
9.4500e+00   3.3484e-05   2.8223e+05
9.4600e+00   3.3492e-05   2.8245e+05
9.4700e+00   3.3502e-05   2.8267e+05
9.4800e+00   3.3511e-05   2.8289e+05
9.4900e+00   3.3520e-05   2.8312e+05
9.5000e+00   3.3530e-05   2.8333e+05
9.5100e+00   3.3538e-05   2.8356e+05
9.5200e+00   3.3548e-05   2.8378e+05
9.5300e+00   3.3557e-05   2.8400e+05
9.5400e+00   3.3565e-05   2.8422e+05
9.5500e+00   3.3574e-05   2.8445e+05
9.5600e+00   3.3584e-05   2.8466e+05
9.5700e+00   3.3593e-05   2.8488e+05
9.5800e+00   3.3602e-05   2.8510e+05
9.5900e+00   3.3611e-05   2.8532e+05
9.6000e+00   3.3620e-05   2.8555e+05
9.6100e+00   3.3629e-05   2.8577e+05
9.6200e+00   3.3638e-05   2.8599e+05
9.6300e+00   3.3648e-05   2.8620e+05
9.6400e+00   3.3657e-05   2.8642e+05
9.6500e+00   3.3666e-05   2.8664e+05
9.6600e+00   3.3675e-05   2.8686e+05
9.6700e+00   3.3684e-05   2.8708e+05
9.6800e+00   3.3693e-05   2.8730e+05
9.6900e+00   3.3702e-05   2.8752e+05
9.7000e+00   3.3711e-05   2.8774e+05
9.7100e+00   3.3720e-05   2.8796e+05
9.7200e+00   3.3729e-05   2.8818e+05
9.7300e+00   3.3738e-05   2.8840e+05
9.7400e+00   3.3748e-05   2.8861e+05
9.7500e+00   3.3757e-05   2.8883e+05
9.7600e+00   3.3765e-05   2.8905e+05
9.7700e+00   3.3774e-05   2.8928e+05
9.7800e+00   3.3784e-05   2.8949e+05
9.7900e+00   3.3793e-05   2.8970e+05
9.8000e+00   3.3802e-05   2.8993e+05
9.8100e+00   3.3811e-05   2.9014e+05
9.8200e+00   3.3820e-05   2.9036e+05
9.8300e+00   3.3829e-05   2.9058e+05
9.8400e+00   3.3838e-05   2.9080e+05
9.8500e+00   3.3847e-05   2.9101e+05
9.8600e+00   3.3856e-05   2.9124e+05
9.8700e+00   3.3866e-05   2.9145e+05
9.8800e+00   3.3874e-05   2.9167e+05
9.8900e+00   3.3883e-05   2.9189e+05
9.9000e+00   3.3893e-05   2.9210e+05
9.9100e+00   3.3902e-05   2.9231e+05
9.9200e+00   3.3911e-05   2.9253e+05
9.9300e+00   3.3919e-05   2.9276e+05
9.9400e+00   3.3929e-05   2.9297e+05
9.9500e+00   3.3938e-05   2.9318e+05
9.9600e+00   3.3947e-05   2.9340e+05
9.9700e+00   3.3956e-05   2.9362e+05
9.9800e+00   3.3965e-05   2.9383e+05
9.9900e+00   3.3974e-05   2.9405e+05
1.0000e+01   3.3983e-05   2.9426e+05
1.0000e+01   3.3988e-05   2.9422e+05
9.9900e+00   3.3992e-05   2.9390e+05
9.9800e+00   3.3994e-05   2.9358e+05
9.9700e+00   3.3998e-05   2.9325e+05
9.9600e+00   3.4000e-05   2.9294e+05
9.9500e+00   3.4002e-05   2.9263e+05
9.9400e+00   3.4006e-05   2.9230e+05
9.9300e+00   3.4009e-05   2.9198e+05
9.9200e+00   3.4011e-05   2.9167e+05
9.9100e+00   3.4014e-05   2.9135e+05
9.9000e+00   3.4017e-05   2.9103e+05
9.8900e+00   3.4019e-05   2.9072e+05
9.8800e+00   3.4022e-05   2.9040e+05
9.8700e+00   3.4025e-05   2.9008e+05
9.8600e+00   3.4027e-05   2.8977e+05
9.8500e+00   3.4030e-05   2.8945e+05
9.8400e+00   3.4033e-05   2.8913e+05
9.8300e+00   3.4036e-05   2.8882e+05
9.8200e+00   3.4038e-05   2.8850e+05
9.8100e+00   3.4041e-05   2.8818e+05
9.8000e+00   3.4042e-05   2.8788e+05
9.7900e+00   3.4045e-05   2.8756e+05
9.7800e+00   3.4047e-05   2.8725e+05
9.7700e+00   3.4049e-05   2.8694e+05
9.7600e+00   3.4051e-05   2.8663e+05
9.7500e+00   3.4053e-05   2.8632e+05
9.7400e+00   3.4055e-05   2.8601e+05
9.7300e+00   3.4057e-05   2.8570e+05
9.7200e+00   3.4060e-05   2.8538e+05
9.7100e+00   3.4063e-05   2.8506e+05
9.7000e+00   3.4064e-05   2.8476e+05
9.6900e+00   3.4067e-05   2.8444e+05
9.6800e+00   3.4068e-05   2.8414e+05
9.6700e+00   3.4070e-05   2.8383e+05
9.6600e+00   3.4072e-05   2.8352e+05
9.6500e+00   3.4074e-05   2.8320e+05
9.6400e+00   3.4076e-05   2.8289e+05
9.6300e+00   3.4079e-05   2.8258e+05
9.6200e+00   3.4081e-05   2.8227e+05
9.6100e+00   3.4083e-05   2.8196e+05
9.6000e+00   3.4085e-05   2.8165e+05
9.5900e+00   3.4086e-05   2.8134e+05
9.5800e+00   3.4088e-05   2.8104e+05
9.5700e+00   3.4090e-05   2.8073e+05
9.5600e+00   3.4093e-05   2.8041e+05
9.5500e+00   3.4095e-05   2.8010e+05
9.5400e+00   3.4097e-05   2.7979e+05
9.5300e+00   3.4099e-05   2.7948e+05
9.5200e+00   3.4101e-05   2.7917e+05
9.5100e+00   3.4103e-05   2.7886e+05
9.5000e+00   3.4105e-05   2.7855e+05
9.4900e+00   3.4106e-05   2.7825e+05
9.4800e+00   3.4109e-05   2.7793e+05
9.4700e+00   3.4110e-05   2.7763e+05
9.4600e+00   3.4111e-05   2.7733e+05
9.4500e+00   3.4113e-05   2.7702e+05
9.4400e+00   3.4114e-05   2.7672e+05
9.4300e+00   3.4116e-05   2.7641e+05
9.4200e+00   3.4118e-05   2.7610e+05
9.4100e+00   3.4119e-05   2.7580e+05
9.4000e+00   3.4121e-05   2.7549e+05
9.3900e+00   3.4123e-05   2.7518e+05
9.3800e+00   3.4124e-05   2.7488e+05
9.3700e+00   3.4126e-05   2.7457e+05
9.3600e+00   3.4127e-05   2.7427e+05
9.3500e+00   3.4129e-05   2.7396e+05
9.3400e+00   3.4130e-05   2.7366e+05
9.3300e+00   3.4132e-05   2.7335e+05
9.3200e+00   3.4133e-05   2.7305e+05
9.3100e+00   3.4134e-05   2.7275e+05
9.3000e+00   3.4135e-05   2.7245e+05
9.2900e+00   3.4137e-05   2.7214e+05
9.2800e+00   3.4138e-05   2.7184e+05
9.2700e+00   3.4138e-05   2.7154e+05
9.2600e+00   3.4140e-05   2.7124e+05
9.2500e+00   3.4141e-05   2.7093e+05
9.2400e+00   3.4142e-05   2.7064e+05
9.2300e+00   3.4144e-05   2.7033e+05
9.2200e+00   3.4145e-05   2.7002e+05
9.2100e+00   3.4145e-05   2.6973e+05
9.2000e+00   3.4147e-05   2.6943e+05
9.1900e+00   3.4148e-05   2.6912e+05
9.1800e+00   3.4149e-05   2.6882e+05
9.1700e+00   3.4151e-05   2.6851e+05
9.1600e+00   3.4152e-05   2.6821e+05
9.1500e+00   3.4154e-05   2.6790e+05
9.1400e+00   3.4155e-05   2.6760e+05
9.1300e+00   3.4156e-05   2.6730e+05
9.1200e+00   3.4158e-05   2.6700e+05
9.1100e+00   3.4158e-05   2.6670e+05
9.1000e+00   3.4161e-05   2.6639e+05
9.0900e+00   3.4162e-05   2.6609e+05
9.0800e+00   3.4163e-05   2.6578e+05
9.0700e+00   3.4164e-05   2.6549e+05
9.0600e+00   3.4165e-05   2.6518e+05
9.0500e+00   3.4167e-05   2.6488e+05
9.0400e+00   3.4168e-05   2.6458e+05
9.0300e+00   3.4169e-05   2.6427e+05
9.0200e+00   3.4171e-05   2.6397e+05
9.0100e+00   3.4171e-05   2.6368e+05
9.0000e+00   3.4172e-05   2.6337e+05
8.9900e+00   3.4174e-05   2.6306e+05
8.9800e+00   3.4175e-05   2.6277e+05
8.9700e+00   3.4176e-05   2.6247e+05
8.9600e+00   3.4176e-05   2.6217e+05
8.9500e+00   3.4177e-05   2.6187e+05
8.9400e+00   3.4177e-05   2.6158e+05
8.9300e+00   3.4177e-05   2.6128e+05
8.9200e+00   3.4178e-05   2.6098e+05
8.9100e+00   3.4179e-05   2.6068e+05
8.9000e+00   3.4181e-05   2.6038e+05
8.8900e+00   3.4181e-05   2.6009e+05
8.8800e+00   3.4181e-05   2.5979e+05
8.8700e+00   3.4183e-05   2.5949e+05
8.8600e+00   3.4183e-05   2.5919e+05
8.8500e+00   3.4184e-05   2.5890e+05
8.8400e+00   3.4185e-05   2.5859e+05
8.8300e+00   3.4186e-05   2.5830e+05
8.8200e+00   3.4185e-05   2.5800e+05
8.8100e+00   3.4186e-05   2.5771e+05
8.8000e+00   3.4187e-05   2.5741e+05
8.7900e+00   3.4187e-05   2.5712e+05
8.7800e+00   3.4187e-05   2.5682e+05
8.7700e+00   3.4188e-05   2.5653e+05
8.7600e+00   3.4188e-05   2.5623e+05
8.7500e+00   3.4189e-05   2.5593e+05
8.7400e+00   3.4189e-05   2.5564e+05
8.7300e+00   3.4191e-05   2.5533e+05
8.7200e+00   3.4190e-05   2.5505e+05
8.7100e+00   3.4190e-05   2.5475e+05
8.7000e+00   3.4191e-05   2.5446e+05
8.6900e+00   3.4191e-05   2.5416e+05
8.6800e+00   3.4191e-05   2.5387e+05
8.6700e+00   3.4192e-05   2.5357e+05
8.6600e+00   3.4191e-05   2.5328e+05
8.6500e+00   3.4192e-05   2.5298e+05
8.6400e+00   3.4192e-05   2.5269e+05
8.6300e+00   3.4192e-05   2.5240e+05
8.6200e+00   3.4193e-05   2.5210e+05
8.6100e+00   3.4193e-05   2.5181e+05
8.6000e+00   3.4194e-05   2.5151e+05
8.5900e+00   3.4194e-05   2.5122e+05
8.5800e+00   3.4193e-05   2.5093e+05
8.5700e+00   3.4193e-05   2.5063e+05
8.5600e+00   3.4194e-05   2.5034e+05
8.5500e+00   3.4193e-05   2.5005e+05
8.5400e+00   3.4193e-05   2.4976e+05
8.5300e+00   3.4193e-05   2.4947e+05
8.5200e+00   3.4192e-05   2.4918e+05
8.5100e+00   3.4192e-05   2.4889e+05
8.5000e+00   3.4191e-05   2.4860e+05
8.4900e+00   3.4192e-05   2.4831e+05
8.4800e+00   3.4192e-05   2.4801e+05
8.4700e+00   3.4191e-05   2.4773e+05
8.4600e+00   3.4190e-05   2.4744e+05
8.4500e+00   3.4191e-05   2.4714e+05
8.4400e+00   3.4191e-05   2.4685e+05
8.4300e+00   3.4190e-05   2.4656e+05
8.4200e+00   3.4189e-05   2.4628e+05
8.4100e+00   3.4190e-05   2.4598e+05
8.4000e+00   3.4190e-05   2.4569e+05
8.3900e+00   3.4188e-05   2.4541e+05
8.3800e+00   3.4188e-05   2.4512e+05
8.3700e+00   3.4188e-05   2.4482e+05
8.3600e+00   3.4187e-05   2.4454e+05
8.3500e+00   3.4188e-05   2.4424e+05
8.3400e+00   3.4187e-05   2.4395e+05
8.3300e+00   3.4186e-05   2.4367e+05
8.3200e+00   3.4185e-05   2.4338e+05
8.3100e+00   3.4185e-05   2.4309e+05
8.3000e+00   3.4185e-05   2.4280e+05
8.2900e+00   3.4184e-05   2.4251e+05
8.2800e+00   3.4183e-05   2.4222e+05
8.2700e+00   3.4182e-05   2.4194e+05
8.2600e+00   3.4182e-05   2.4165e+05
8.2500e+00   3.4181e-05   2.4136e+05
8.2400e+00   3.4181e-05   2.4107e+05
8.2300e+00   3.4179e-05   2.4079e+05
8.2200e+00   3.4178e-05   2.4051e+05
8.2100e+00   3.4178e-05   2.4021e+05
8.2000e+00   3.4176e-05   2.3994e+05
8.1900e+00   3.4176e-05   2.3964e+05
8.1800e+00   3.4175e-05   2.3936e+05
8.1700e+00   3.4173e-05   2.3908e+05
8.1600e+00   3.4173e-05   2.3879e+05
8.1500e+00   3.4172e-05   2.3850e+05
8.1400e+00   3.4172e-05   2.3821e+05
8.1300e+00   3.4171e-05   2.3792e+05
8.1200e+00   3.4169e-05   2.3764e+05
8.1100e+00   3.4169e-05   2.3735e+05
8.1000e+00   3.4168e-05   2.3706e+05
8.0900e+00   3.4166e-05   2.3679e+05
8.0800e+00   3.4166e-05   2.3649e+05
8.0700e+00   3.4164e-05   2.3621e+05
8.0600e+00   3.4164e-05   2.3592e+05
8.0500e+00   3.4162e-05   2.3564e+05
8.0400e+00   3.4161e-05   2.3536e+05
8.0300e+00   3.4160e-05   2.3507e+05
8.0200e+00   3.4159e-05   2.3479e+05
8.0100e+00   3.4157e-05   2.3450e+05
8.0000e+00   3.4157e-05   2.3421e+05
7.9900e+00   3.4156e-05   2.3393e+05
7.9800e+00   3.4154e-05   2.3365e+05
7.9700e+00   3.4153e-05   2.3336e+05
7.9600e+00   3.4151e-05   2.3308e+05
7.9500e+00   3.4150e-05   2.3280e+05
7.9400e+00   3.4149e-05   2.3251e+05
7.9300e+00   3.4147e-05   2.3223e+05
7.9200e+00   3.4146e-05   2.3194e+05
7.9100e+00   3.4146e-05   2.3166e+05
7.9000e+00   3.4143e-05   2.3138e+05
7.8900e+00   3.4141e-05   2.3110e+05
7.8800e+00   3.4140e-05   2.3081e+05
7.8700e+00   3.4137e-05   2.3054e+05
7.8600e+00   3.4137e-05   2.3025e+05
7.8500e+00   3.4135e-05   2.2997e+05
7.8400e+00   3.4134e-05   2.2969e+05
7.8300e+00   3.4132e-05   2.2941e+05
7.8200e+00   3.4131e-05   2.2912e+05
7.8100e+00   3.4129e-05   2.2884e+05
7.8000e+00   3.4127e-05   2.2856e+05
7.7900e+00   3.4125e-05   2.2828e+05
7.7800e+00   3.4124e-05   2.2799e+05
7.7700e+00   3.4121e-05   2.2772e+05
7.7600e+00   3.4120e-05   2.2743e+05
7.7500e+00   3.4118e-05   2.2715e+05
7.7400e+00   3.4115e-05   2.2688e+05
7.7300e+00   3.4113e-05   2.2660e+05
7.7200e+00   3.4112e-05   2.2631e+05
7.7100e+00   3.4110e-05   2.2603e+05
7.7000e+00   3.4108e-05   2.2575e+05
7.6900e+00   3.4107e-05   2.2547e+05
7.6800e+00   3.4104e-05   2.2519e+05
7.6700e+00   3.4102e-05   2.2491e+05
7.6600e+00   3.4101e-05   2.2463e+05
7.6500e+00   3.4099e-05   2.2435e+05
7.6400e+00   3.4098e-05   2.2406e+05
7.6300e+00   3.4094e-05   2.2379e+05
7.6200e+00   3.4093e-05   2.2351e+05
7.6100e+00   3.4091e-05   2.2323e+05
7.6000e+00   3.4089e-05   2.2295e+05
7.5900e+00   3.4085e-05   2.2268e+05
7.5800e+00   3.4083e-05   2.2240e+05
7.5700e+00   3.4082e-05   2.2211e+05
7.5600e+00   3.4079e-05   2.2184e+05
7.5500e+00   3.4077e-05   2.2155e+05
7.5400e+00   3.4075e-05   2.2128e+05
7.5300e+00   3.4073e-05   2.2100e+05
7.5200e+00   3.4070e-05   2.2072e+05
7.5100e+00   3.4069e-05   2.2044e+05
7.5000e+00   3.4066e-05   2.2016e+05
7.4900e+00   3.4064e-05   2.1988e+05
7.4800e+00   3.4061e-05   2.1961e+05
7.4700e+00   3.4060e-05   2.1932e+05
7.4600e+00   3.4057e-05   2.1905e+05
7.4500e+00   3.4054e-05   2.1877e+05
7.4400e+00   3.4052e-05   2.1849e+05
7.4300e+00   3.4049e-05   2.1822e+05
7.4200e+00   3.4047e-05   2.1793e+05
7.4100e+00   3.4043e-05   2.1766e+05
7.4000e+00   3.4042e-05   2.1738e+05
7.3900e+00   3.4038e-05   2.1711e+05
7.3800e+00   3.4036e-05   2.1683e+05
7.3700e+00   3.4033e-05   2.1655e+05
7.3600e+00   3.4031e-05   2.1627e+05
7.3500e+00   3.4029e-05   2.1600e+05
7.3400e+00   3.4025e-05   2.1572e+05
7.3300e+00   3.4023e-05   2.1545e+05
7.3200e+00   3.4019e-05   2.1517e+05
7.3100e+00   3.4016e-05   2.1490e+05
7.3000e+00   3.4013e-05   2.1462e+05
7.2900e+00   3.4011e-05   2.1434e+05
7.2800e+00   3.4008e-05   2.1407e+05
7.2700e+00   3.4006e-05   2.1379e+05
7.2600e+00   3.4003e-05   2.1351e+05
7.2500e+00   3.4000e-05   2.1324e+05
7.2400e+00   3.3997e-05   2.1296e+05
7.2300e+00   3.3994e-05   2.1268e+05
7.2200e+00   3.3991e-05   2.1241e+05
7.2100e+00   3.3988e-05   2.1214e+05
7.2000e+00   3.3985e-05   2.1186e+05
7.1900e+00   3.3983e-05   2.1158e+05
7.1800e+00   3.3978e-05   2.1131e+05
7.1700e+00   3.3975e-05   2.1104e+05
7.1600e+00   3.3973e-05   2.1076e+05
7.1500e+00   3.3968e-05   2.1049e+05
7.1400e+00   3.3966e-05   2.1021e+05
7.1300e+00   3.3962e-05   2.0994e+05
7.1200e+00   3.3960e-05   2.0966e+05
7.1100e+00   3.3957e-05   2.0938e+05
7.1000e+00   3.3954e-05   2.0910e+05
7.0900e+00   3.3951e-05   2.0883e+05
7.0800e+00   3.3947e-05   2.0856e+05
7.0700e+00   3.3943e-05   2.0829e+05
7.0600e+00   3.3940e-05   2.0802e+05
7.0500e+00   3.3937e-05   2.0774e+05
7.0400e+00   3.3934e-05   2.0746e+05
7.0300e+00   3.3930e-05   2.0719e+05
7.0200e+00   3.3927e-05   2.0692e+05
7.0100e+00   3.3924e-05   2.0664e+05
7.0000e+00   3.3920e-05   2.0637e+05
6.9900e+00   3.3917e-05   2.0609e+05
6.9800e+00   3.3913e-05   2.0582e+05
6.9700e+00   3.3909e-05   2.0555e+05
6.9600e+00   3.3905e-05   2.0528e+05
6.9500e+00   3.3902e-05   2.0500e+05
6.9400e+00   3.3899e-05   2.0473e+05
6.9300e+00   3.3895e-05   2.0445e+05
6.9200e+00   3.3891e-05   2.0418e+05
6.9100e+00   3.3887e-05   2.0391e+05
6.9000e+00   3.3883e-05   2.0364e+05
6.8900e+00   3.3880e-05   2.0336e+05
6.8800e+00   3.3876e-05   2.0310e+05
6.8700e+00   3.3871e-05   2.0283e+05
6.8600e+00   3.3867e-05   2.0256e+05
6.8500e+00   3.3864e-05   2.0228e+05
6.8400e+00   3.3861e-05   2.0200e+05
6.8300e+00   3.3857e-05   2.0173e+05
6.8200e+00   3.3853e-05   2.0146e+05
6.8100e+00   3.3849e-05   2.0119e+05
6.8000e+00   3.3845e-05   2.0092e+05
6.7900e+00   3.3841e-05   2.0065e+05
6.7800e+00   3.3836e-05   2.0038e+05
6.7700e+00   3.3832e-05   2.0010e+05
6.7600e+00   3.3830e-05   1.9982e+05
6.7500e+00   3.3825e-05   1.9956e+05
6.7400e+00   3.3822e-05   1.9928e+05
6.7300e+00   3.3817e-05   1.9901e+05
6.7200e+00   3.3814e-05   1.9874e+05
6.7100e+00   3.3810e-05   1.9846e+05
6.7000e+00   3.3805e-05   1.9820e+05
6.6900e+00   3.3801e-05   1.9792e+05
6.6800e+00   3.3797e-05   1.9765e+05
6.6700e+00   3.3792e-05   1.9738e+05
6.6600e+00   3.3788e-05   1.9711e+05
6.6500e+00   3.3784e-05   1.9684e+05
6.6400e+00   3.3780e-05   1.9657e+05
6.6300e+00   3.3775e-05   1.9630e+05
6.6200e+00   3.3771e-05   1.9603e+05
6.6100e+00   3.3767e-05   1.9575e+05
6.6000e+00   3.3764e-05   1.9548e+05
6.5900e+00   3.3759e-05   1.9521e+05
6.5800e+00   3.3755e-05   1.9493e+05
6.5700e+00   3.3749e-05   1.9467e+05
6.5600e+00   3.3745e-05   1.9440e+05
6.5500e+00   3.3740e-05   1.9413e+05
6.5400e+00   3.3735e-05   1.9386e+05
6.5300e+00   3.3732e-05   1.9359e+05
6.5200e+00   3.3726e-05   1.9332e+05
6.5100e+00   3.3723e-05   1.9305e+05
6.5000e+00   3.3718e-05   1.9277e+05
6.4900e+00   3.3713e-05   1.9251e+05
6.4800e+00   3.3708e-05   1.9224e+05
6.4700e+00   3.3704e-05   1.9196e+05
6.4600e+00   3.3699e-05   1.9170e+05
6.4500e+00   3.3695e-05   1.9142e+05
6.4400e+00   3.3690e-05   1.9116e+05
6.4300e+00   3.3685e-05   1.9089e+05
6.4200e+00   3.3681e-05   1.9061e+05
6.4100e+00   3.3675e-05   1.9035e+05
6.4000e+00   3.3671e-05   1.9008e+05
6.3900e+00   3.3665e-05   1.8981e+05
6.3800e+00   3.3660e-05   1.8954e+05
6.3700e+00   3.3654e-05   1.8928e+05
6.3600e+00   3.3650e-05   1.8901e+05
6.3500e+00   3.3644e-05   1.8874e+05
6.3400e+00   3.3640e-05   1.8847e+05
6.3300e+00   3.3635e-05   1.8820e+05
6.3200e+00   3.3629e-05   1.8793e+05
6.3100e+00   3.3624e-05   1.8766e+05
6.3000e+00   3.3619e-05   1.8740e+05
6.2900e+00   3.3613e-05   1.8713e+05
6.2800e+00   3.3608e-05   1.8686e+05
6.2700e+00   3.3603e-05   1.8659e+05
6.2600e+00   3.3598e-05   1.8632e+05
6.2500e+00   3.3592e-05   1.8605e+05
6.2400e+00   3.3587e-05   1.8578e+05
6.2300e+00   3.3582e-05   1.8552e+05
6.2200e+00   3.3576e-05   1.8525e+05
6.2100e+00   3.3570e-05   1.8498e+05
6.2000e+00   3.3565e-05   1.8472e+05
6.1900e+00   3.3560e-05   1.8445e+05
6.1800e+00   3.3554e-05   1.8418e+05
6.1700e+00   3.3548e-05   1.8391e+05
6.1600e+00   3.3543e-05   1.8365e+05
6.1500e+00   3.3537e-05   1.8338e+05
6.1400e+00   3.3531e-05   1.8312e+05
6.1300e+00   3.3525e-05   1.8285e+05
6.1200e+00   3.3520e-05   1.8258e+05
6.1100e+00   3.3514e-05   1.8231e+05
6.1000e+00   3.3508e-05   1.8205e+05
6.0900e+00   3.3502e-05   1.8178e+05
6.0800e+00   3.3496e-05   1.8151e+05
6.0700e+00   3.3490e-05   1.8125e+05
6.0600e+00   3.3485e-05   1.8098e+05
6.0500e+00   3.3479e-05   1.8071e+05
6.0400e+00   3.3473e-05   1.8044e+05
6.0300e+00   3.3467e-05   1.8018e+05
6.0200e+00   3.3461e-05   1.7991e+05
6.0100e+00   3.3455e-05   1.7964e+05
6.0000e+00   3.3448e-05   1.7938e+05
5.9900e+00   3.3443e-05   1.7911e+05
5.9800e+00   3.3437e-05   1.7885e+05
5.9700e+00   3.3431e-05   1.7858e+05
5.9600e+00   3.3424e-05   1.7832e+05
5.9500e+00   3.3418e-05   1.7805e+05
5.9400e+00   3.3411e-05   1.7778e+05
5.9300e+00   3.3405e-05   1.7752e+05
5.9200e+00   3.3398e-05   1.7725e+05
5.9100e+00   3.3392e-05   1.7699e+05
5.9000e+00   3.3385e-05   1.7672e+05
5.8900e+00   3.3380e-05   1.7646e+05
5.8800e+00   3.3374e-05   1.7619e+05
5.8700e+00   3.3367e-05   1.7592e+05
5.8600e+00   3.3360e-05   1.7566e+05
5.8500e+00   3.3355e-05   1.7539e+05
5.8400e+00   3.3348e-05   1.7512e+05
5.8300e+00   3.3342e-05   1.7485e+05
5.8200e+00   3.3335e-05   1.7459e+05
5.8100e+00   3.3327e-05   1.7433e+05
5.8000e+00   3.3320e-05   1.7407e+05
5.7900e+00   3.3315e-05   1.7380e+05
5.7800e+00   3.3308e-05   1.7353e+05
5.7700e+00   3.3301e-05   1.7327e+05
5.7600e+00   3.3294e-05   1.7301e+05
5.7500e+00   3.3287e-05   1.7274e+05
5.7400e+00   3.3281e-05   1.7247e+05
5.7300e+00   3.3273e-05   1.7221e+05
5.7200e+00   3.3267e-05   1.7194e+05
5.7100e+00   3.3260e-05   1.7168e+05
5.7000e+00   3.3254e-05   1.7141e+05
5.6900e+00   3.3246e-05   1.7115e+05
5.6800e+00   3.3239e-05   1.7088e+05
5.6700e+00   3.3232e-05   1.7062e+05
5.6600e+00   3.3225e-05   1.7035e+05
5.6500e+00   3.3218e-05   1.7009e+05
5.6400e+00   3.3210e-05   1.6983e+05
5.6300e+00   3.3203e-05   1.6956e+05
5.6200e+00   3.3196e-05   1.6930e+05
5.6100e+00   3.3188e-05   1.6904e+05
5.6000e+00   3.3182e-05   1.6877e+05
5.5900e+00   3.3174e-05   1.6851e+05
5.5800e+00   3.3167e-05   1.6824e+05
5.5700e+00   3.3159e-05   1.6798e+05
5.5600e+00   3.3152e-05   1.6771e+05
5.5500e+00   3.3144e-05   1.6745e+05
5.5400e+00   3.3138e-05   1.6718e+05
5.5300e+00   3.3130e-05   1.6692e+05
5.5200e+00   3.3122e-05   1.6666e+05
5.5100e+00   3.3114e-05   1.6639e+05
5.5000e+00   3.3108e-05   1.6612e+05
5.4900e+00   3.3099e-05   1.6587e+05
5.4800e+00   3.3092e-05   1.6560e+05
5.4700e+00   3.3084e-05   1.6533e+05
5.4600e+00   3.3077e-05   1.6507e+05
5.4500e+00   3.3069e-05   1.6481e+05
5.4400e+00   3.3062e-05   1.6454e+05
5.4300e+00   3.3054e-05   1.6428e+05
5.4200e+00   3.3046e-05   1.6402e+05
5.4100e+00   3.3038e-05   1.6375e+05
5.4000e+00   3.3030e-05   1.6349e+05
5.3900e+00   3.3022e-05   1.6322e+05
5.3800e+00   3.3014e-05   1.6296e+05
5.3700e+00   3.3005e-05   1.6270e+05
5.3600e+00   3.2997e-05   1.6244e+05
5.3500e+00   3.2990e-05   1.6217e+05
5.3400e+00   3.2982e-05   1.6191e+05
5.3300e+00   3.2974e-05   1.6164e+05
5.3200e+00   3.2966e-05   1.6138e+05
5.3100e+00   3.2958e-05   1.6111e+05
5.3000e+00   3.2950e-05   1.6085e+05
5.2900e+00   3.2942e-05   1.6059e+05
5.2800e+00   3.2932e-05   1.6033e+05
5.2700e+00   3.2924e-05   1.6007e+05
5.2600e+00   3.2915e-05   1.5980e+05
5.2500e+00   3.2907e-05   1.5954e+05
5.2400e+00   3.2899e-05   1.5928e+05
5.2300e+00   3.2890e-05   1.5901e+05
5.2200e+00   3.2882e-05   1.5875e+05
5.2100e+00   3.2874e-05   1.5849e+05
5.2000e+00   3.2865e-05   1.5822e+05
5.1900e+00   3.2857e-05   1.5796e+05
5.1800e+00   3.2849e-05   1.5769e+05
5.1700e+00   3.2840e-05   1.5743e+05
5.1600e+00   3.2832e-05   1.5716e+05
5.1500e+00   3.2822e-05   1.5691e+05
5.1400e+00   3.2815e-05   1.5664e+05
5.1300e+00   3.2806e-05   1.5637e+05
5.1200e+00   3.2797e-05   1.5611e+05
5.1100e+00   3.2787e-05   1.5585e+05
5.1000e+00   3.2778e-05   1.5559e+05
5.0900e+00   3.2770e-05   1.5532e+05
5.0800e+00   3.2760e-05   1.5507e+05
5.0700e+00   3.2751e-05   1.5480e+05
5.0600e+00   3.2742e-05   1.5454e+05
5.0500e+00   3.2733e-05   1.5428e+05
5.0400e+00   3.2723e-05   1.5402e+05
5.0300e+00   3.2714e-05   1.5376e+05
5.0200e+00   3.2705e-05   1.5349e+05
5.0100e+00   3.2696e-05   1.5323e+05
5.0000e+00   3.2687e-05   1.5296e+05
4.9900e+00   3.2678e-05   1.5270e+05
4.9800e+00   3.2668e-05   1.5244e+05
4.9700e+00   3.2659e-05   1.5218e+05
4.9600e+00   3.2650e-05   1.5191e+05
4.9500e+00   3.2640e-05   1.5166e+05
4.9400e+00   3.2631e-05   1.5139e+05
4.9300e+00   3.2621e-05   1.5113e+05
4.9200e+00   3.2611e-05   1.5087e+05
4.9100e+00   3.2601e-05   1.5061e+05
4.9000e+00   3.2591e-05   1.5035e+05
4.8900e+00   3.2582e-05   1.5008e+05
4.8800e+00   3.2572e-05   1.4982e+05
4.8700e+00   3.2562e-05   1.4956e+05
4.8600e+00   3.2553e-05   1.4930e+05
4.8500e+00   3.2543e-05   1.4904e+05
4.8400e+00   3.2532e-05   1.4877e+05
4.8300e+00   3.2524e-05   1.4851e+05
4.8200e+00   3.2514e-05   1.4824e+05
4.8100e+00   3.2503e-05   1.4798e+05
4.8000e+00   3.2494e-05   1.4772e+05
4.7900e+00   3.2483e-05   1.4746e+05
4.7800e+00   3.2473e-05   1.4720e+05
4.7700e+00   3.2463e-05   1.4694e+05
4.7600e+00   3.2454e-05   1.4667e+05
4.7500e+00   3.2443e-05   1.4641e+05
4.7400e+00   3.2432e-05   1.4615e+05
4.7300e+00   3.2421e-05   1.4589e+05
4.7200e+00   3.2411e-05   1.4563e+05
4.7100e+00   3.2401e-05   1.4537e+05
4.7000e+00   3.2391e-05   1.4510e+05
4.6900e+00   3.2380e-05   1.4484e+05
4.6800e+00   3.2370e-05   1.4458e+05
4.6700e+00   3.2360e-05   1.4432e+05
4.6600e+00   3.2349e-05   1.4405e+05
4.6500e+00   3.2338e-05   1.4379e+05
4.6400e+00   3.2327e-05   1.4353e+05
4.6300e+00   3.2316e-05   1.4327e+05
4.6200e+00   3.2306e-05   1.4301e+05
4.6100e+00   3.2295e-05   1.4275e+05
4.6000e+00   3.2284e-05   1.4249e+05
4.5900e+00   3.2272e-05   1.4223e+05
4.5800e+00   3.2261e-05   1.4197e+05
4.5700e+00   3.2250e-05   1.4171e+05
4.5600e+00   3.2237e-05   1.4145e+05
4.5500e+00   3.2226e-05   1.4119e+05
4.5400e+00   3.2216e-05   1.4092e+05
4.5300e+00   3.2204e-05   1.4067e+05
4.5200e+00   3.2193e-05   1.4040e+05
4.5100e+00   3.2182e-05   1.4014e+05
4.5000e+00   3.2170e-05   1.3988e+05
4.4900e+00   3.2160e-05   1.3962e+05
4.4800e+00   3.2149e-05   1.3935e+05
4.4700e+00   3.2137e-05   1.3909e+05
4.4600e+00   3.2125e-05   1.3883e+05
4.4500e+00   3.2113e-05   1.3857e+05
4.4400e+00   3.2101e-05   1.3831e+05
4.4300e+00   3.2089e-05   1.3805e+05
4.4200e+00   3.2078e-05   1.3779e+05
4.4100e+00   3.2065e-05   1.3753e+05
4.4000e+00   3.2053e-05   1.3727e+05
4.3900e+00   3.2042e-05   1.3701e+05
4.3800e+00   3.2028e-05   1.3675e+05
4.3700e+00   3.2016e-05   1.3649e+05
4.3600e+00   3.2004e-05   1.3623e+05
4.3500e+00   3.1992e-05   1.3597e+05
4.3400e+00   3.1980e-05   1.3571e+05
4.3300e+00   3.1968e-05   1.3545e+05
4.3200e+00   3.1955e-05   1.3519e+05
4.3100e+00   3.1943e-05   1.3493e+05
4.3000e+00   3.1930e-05   1.3467e+05
4.2900e+00   3.1917e-05   1.3441e+05
4.2800e+00   3.1904e-05   1.3415e+05
4.2700e+00   3.1892e-05   1.3389e+05
4.2600e+00   3.1878e-05   1.3363e+05
4.2500e+00   3.1866e-05   1.3337e+05
4.2400e+00   3.1853e-05   1.3311e+05
4.2300e+00   3.1840e-05   1.3285e+05
4.2200e+00   3.1827e-05   1.3259e+05
4.2100e+00   3.1815e-05   1.3233e+05
4.2000e+00   3.1801e-05   1.3207e+05
4.1900e+00   3.1787e-05   1.3181e+05
4.1800e+00   3.1776e-05   1.3155e+05
4.1700e+00   3.1762e-05   1.3129e+05
4.1600e+00   3.1749e-05   1.3103e+05
4.1500e+00   3.1737e-05   1.3076e+05
4.1400e+00   3.1725e-05   1.3050e+05
4.1300e+00   3.1711e-05   1.3024e+05
4.1200e+00   3.1697e-05   1.2998e+05
4.1100e+00   3.1684e-05   1.2972e+05
4.1000e+00   3.1672e-05   1.2945e+05
4.0900e+00   3.1658e-05   1.2919e+05
4.0800e+00   3.1644e-05   1.2893e+05
4.0700e+00   3.1631e-05   1.2867e+05
4.0600e+00   3.1617e-05   1.2841e+05
4.0500e+00   3.1603e-05   1.2815e+05
4.0400e+00   3.1590e-05   1.2789e+05
4.0300e+00   3.1574e-05   1.2764e+05
4.0200e+00   3.1561e-05   1.2737e+05
4.0100e+00   3.1547e-05   1.2711e+05
4.0000e+00   3.1532e-05   1.2685e+05
3.9900e+00   3.1518e-05   1.2659e+05
3.9800e+00   3.1504e-05   1.2633e+05
3.9700e+00   3.1491e-05   1.2607e+05
3.9600e+00   3.1477e-05   1.2581e+05
3.9500e+00   3.1461e-05   1.2555e+05
3.9400e+00   3.1447e-05   1.2529e+05
3.9300e+00   3.1433e-05   1.2503e+05
3.9200e+00   3.1418e-05   1.2477e+05
3.9100e+00   3.1404e-05   1.2450e+05
3.9000e+00   3.1390e-05   1.2425e+05
3.8900e+00   3.1374e-05   1.2399e+05
3.8800e+00   3.1360e-05   1.2373e+05
3.8700e+00   3.1345e-05   1.2347e+05
3.8600e+00   3.1329e-05   1.2321e+05
3.8500e+00   3.1313e-05   1.2295e+05
3.8400e+00   3.1298e-05   1.2269e+05
3.8300e+00   3.1282e-05   1.2243e+05
3.8200e+00   3.1267e-05   1.2217e+05
3.8100e+00   3.1252e-05   1.2191e+05
3.8000e+00   3.1237e-05   1.2165e+05
3.7900e+00   3.1221e-05   1.2139e+05
3.7800e+00   3.1204e-05   1.2114e+05
3.7700e+00   3.1190e-05   1.2087e+05
3.7600e+00   3.1173e-05   1.2062e+05
3.7500e+00   3.1158e-05   1.2036e+05
3.7400e+00   3.1142e-05   1.2010e+05
3.7300e+00   3.1125e-05   1.1984e+05
3.7200e+00   3.1110e-05   1.1957e+05
3.7100e+00   3.1094e-05   1.1932e+05
3.7000e+00   3.1078e-05   1.1906e+05
3.6900e+00   3.1062e-05   1.1879e+05
3.6800e+00   3.1046e-05   1.1853e+05
3.6700e+00   3.1028e-05   1.1828e+05
3.6600e+00   3.1012e-05   1.1802e+05
3.6500e+00   3.0995e-05   1.1776e+05
3.6400e+00   3.0978e-05   1.1750e+05
3.6300e+00   3.0962e-05   1.1724e+05
3.6200e+00   3.0946e-05   1.1698e+05
3.6100e+00   3.0929e-05   1.1672e+05
3.6000e+00   3.0912e-05   1.1646e+05
3.5900e+00   3.0896e-05   1.1620e+05
3.5800e+00   3.0879e-05   1.1594e+05
3.5700e+00   3.0862e-05   1.1568e+05
3.5600e+00   3.0845e-05   1.1542e+05
3.5500e+00   3.0827e-05   1.1516e+05
3.5400e+00   3.0810e-05   1.1490e+05
3.5300e+00   3.0793e-05   1.1464e+05
3.5200e+00   3.0775e-05   1.1438e+05
3.5100e+00   3.0757e-05   1.1412e+05
3.5000e+00   3.0741e-05   1.1386e+05
3.4900e+00   3.0721e-05   1.1360e+05
3.4800e+00   3.0703e-05   1.1334e+05
3.4700e+00   3.0684e-05   1.1309e+05
3.4600e+00   3.0666e-05   1.1283e+05
3.4500e+00   3.0648e-05   1.1257e+05
3.4400e+00   3.0630e-05   1.1231e+05
3.4300e+00   3.0612e-05   1.1205e+05
3.4200e+00   3.0593e-05   1.1179e+05
3.4100e+00   3.0576e-05   1.1153e+05
3.4000e+00   3.0557e-05   1.1127e+05
3.3900e+00   3.0538e-05   1.1101e+05
3.3800e+00   3.0521e-05   1.1074e+05
3.3700e+00   3.0502e-05   1.1049e+05
3.3600e+00   3.0483e-05   1.1022e+05
3.3500e+00   3.0465e-05   1.0996e+05
3.3400e+00   3.0445e-05   1.0971e+05
3.3300e+00   3.0425e-05   1.0945e+05
3.3200e+00   3.0405e-05   1.0919e+05
3.3100e+00   3.0386e-05   1.0893e+05
3.3000e+00   3.0367e-05   1.0867e+05
3.2900e+00   3.0346e-05   1.0842e+05
3.2800e+00   3.0326e-05   1.0816e+05
3.2700e+00   3.0307e-05   1.0790e+05
3.2600e+00   3.0288e-05   1.0763e+05
3.2500e+00   3.0268e-05   1.0737e+05
3.2400e+00   3.0248e-05   1.0711e+05
3.2300e+00   3.0228e-05   1.0685e+05
3.2200e+00   3.0208e-05   1.0660e+05
3.2100e+00   3.0187e-05   1.0634e+05
3.2000e+00   3.0167e-05   1.0608e+05
3.1900e+00   3.0146e-05   1.0582e+05
3.1800e+00   3.0126e-05   1.0556e+05
3.1700e+00   3.0105e-05   1.0530e+05
3.1600e+00   3.0085e-05   1.0504e+05
3.1500e+00   3.0063e-05   1.0478e+05
3.1400e+00   3.0042e-05   1.0452e+05
3.1300e+00   3.0020e-05   1.0426e+05
3.1200e+00   2.9998e-05   1.0401e+05
3.1100e+00   2.9977e-05   1.0375e+05
3.1000e+00   2.9955e-05   1.0349e+05
3.0900e+00   2.9933e-05   1.0323e+05
3.0800e+00   2.9912e-05   1.0297e+05
3.0700e+00   2.9890e-05   1.0271e+05
3.0600e+00   2.9868e-05   1.0245e+05
3.0500e+00   2.9846e-05   1.0219e+05
3.0400e+00   2.9824e-05   1.0193e+05
3.0300e+00   2.9801e-05   1.0167e+05
3.0200e+00   2.9778e-05   1.0142e+05
3.0100e+00   2.9757e-05   1.0115e+05
3.0000e+00   2.9734e-05   1.0089e+05
2.9900e+00   2.9711e-05   1.0064e+05
2.9800e+00   2.9688e-05   1.0038e+05
2.9700e+00   2.9665e-05   1.0012e+05
2.9600e+00   2.9642e-05   9.9858e+04
2.9500e+00   2.9619e-05   9.9599e+04
2.9400e+00   2.9596e-05   9.9338e+04
2.9300e+00   2.9570e-05   9.9087e+04
2.9200e+00   2.9547e-05   9.8827e+04
2.9100e+00   2.9523e-05   9.8566e+04
2.9000e+00   2.9499e-05   9.8310e+04
2.8900e+00   2.9475e-05   9.8048e+04
2.8800e+00   2.9451e-05   9.7790e+04
2.8700e+00   2.9427e-05   9.7530e+04
2.8600e+00   2.9404e-05   9.7266e+04
2.8500e+00   2.9379e-05   9.7007e+04
2.8400e+00   2.9354e-05   9.6750e+04
2.8300e+00   2.9331e-05   9.6486e+04
2.8200e+00   2.9306e-05   9.6226e+04
2.8100e+00   2.9281e-05   9.5968e+04
2.8000e+00   2.9255e-05   9.5709e+04
2.7900e+00   2.9230e-05   9.5449e+04
2.7800e+00   2.9204e-05   9.5193e+04
2.7700e+00   2.9178e-05   9.4934e+04
2.7600e+00   2.9153e-05   9.4673e+04
2.7500e+00   2.9126e-05   9.4416e+04
2.7400e+00   2.9101e-05   9.4155e+04
2.7300e+00   2.9075e-05   9.3894e+04
2.7200e+00   2.9047e-05   9.3642e+04
2.7100e+00   2.9020e-05   9.3384e+04
2.7000e+00   2.8994e-05   9.3122e+04
2.6900e+00   2.8967e-05   9.2863e+04
2.6800e+00   2.8941e-05   9.2604e+04
2.6700e+00   2.8914e-05   9.2344e+04
2.6600e+00   2.8886e-05   9.2085e+04
2.6500e+00   2.8859e-05   9.1825e+04
2.6400e+00   2.8832e-05   9.1566e+04
2.6300e+00   2.8804e-05   9.1306e+04
2.6200e+00   2.8776e-05   9.1048e+04
2.6100e+00   2.8748e-05   9.0788e+04
2.6000e+00   2.8721e-05   9.0526e+04
2.5900e+00   2.8691e-05   9.0271e+04
2.5800e+00   2.8664e-05   9.0009e+04
2.5700e+00   2.8635e-05   8.9749e+04
2.5600e+00   2.8607e-05   8.9490e+04
2.5500e+00   2.8578e-05   8.9231e+04
2.5400e+00   2.8549e-05   8.8970e+04
2.5300e+00   2.8520e-05   8.8710e+04
2.5200e+00   2.8488e-05   8.8458e+04
2.5100e+00   2.8458e-05   8.8201e+04
2.5000e+00   2.8429e-05   8.7939e+04
2.4900e+00   2.8398e-05   8.7683e+04
2.4800e+00   2.8368e-05   8.7424e+04
2.4700e+00   2.8338e-05   8.7161e+04
2.4600e+00   2.8307e-05   8.6903e+04
2.4500e+00   2.8277e-05   8.6643e+04
2.4400e+00   2.8246e-05   8.6383e+04
2.4300e+00   2.8216e-05   8.6122e+04
2.4200e+00   2.8185e-05   8.5863e+04
2.4100e+00   2.8152e-05   8.5606e+04
2.4000e+00   2.8122e-05   8.5344e+04
2.3900e+00   2.8089e-05   8.5085e+04
2.3800e+00   2.8058e-05   8.4826e+04
2.3700e+00   2.8026e-05   8.4566e+04
2.3600e+00   2.7993e-05   8.4306e+04
2.3500e+00   2.7961e-05   8.4045e+04
2.3400e+00   2.7929e-05   8.3784e+04
2.3300e+00   2.7895e-05   8.3528e+04
2.3200e+00   2.7861e-05   8.3270e+04
2.3100e+00   2.7827e-05   8.3014e+04
2.3000e+00   2.7792e-05   8.2757e+04
2.2900e+00   2.7758e-05   8.2499e+04
2.2800e+00   2.7724e-05   8.2240e+04
2.2700e+00   2.7689e-05   8.1982e+04
2.2600e+00   2.7655e-05   8.1721e+04
2.2500e+00   2.7621e-05   8.1461e+04
2.2400e+00   2.7586e-05   8.1202e+04
2.2300e+00   2.7550e-05   8.0943e+04
2.2200e+00   2.7514e-05   8.0685e+04
2.2100e+00   2.7479e-05   8.0425e+04
2.2000e+00   2.7443e-05   8.0167e+04
2.1900e+00   2.7407e-05   7.9908e+04
2.1800e+00   2.7369e-05   7.9653e+04
2.1700e+00   2.7333e-05   7.9390e+04
2.1600e+00   2.7296e-05   7.9131e+04
2.1500e+00   2.7260e-05   7.8872e+04
2.1400e+00   2.7221e-05   7.8615e+04
2.1300e+00   2.7184e-05   7.8355e+04
2.1200e+00   2.7146e-05   7.8097e+04
2.1100e+00   2.7105e-05   7.7846e+04
2.1000e+00   2.7067e-05   7.7587e+04
2.0900e+00   2.7028e-05   7.7328e+04
2.0800e+00   2.6989e-05   7.7070e+04
2.0700e+00   2.6949e-05   7.6811e+04
2.0600e+00   2.6911e-05   7.6549e+04
2.0500e+00   2.6872e-05   7.6287e+04
2.0400e+00   2.6831e-05   7.6030e+04
2.0300e+00   2.6789e-05   7.5777e+04
2.0200e+00   2.6748e-05   7.5520e+04
2.0100e+00   2.6707e-05   7.5260e+04
2.0000e+00   2.6666e-05   7.5002e+04
1.9900e+00   2.6624e-05   7.4745e+04
1.9800e+00   2.6582e-05   7.4486e+04
1.9700e+00   2.6540e-05   7.4226e+04
1.9600e+00   2.6498e-05   7.3967e+04
1.9500e+00   2.6455e-05   7.3710e+04
1.9400e+00   2.6412e-05   7.3450e+04
1.9300e+00   2.6368e-05   7.3195e+04
1.9200e+00   2.6324e-05   7.2938e+04
1.9100e+00   2.6280e-05   7.2679e+04
1.9000e+00   2.6233e-05   7.2429e+04
1.8900e+00   2.6188e-05   7.2171e+04
1.8800e+00   2.6142e-05   7.1915e+04
1.8700e+00   2.6096e-05   7.1658e+04
1.8600e+00   2.6051e-05   7.1397e+04
1.8500e+00   2.6004e-05   7.1143e+04
1.8400e+00   2.5958e-05   7.0885e+04
1.8300e+00   2.5909e-05   7.0631e+04
1.8200e+00   2.5863e-05   7.0370e+04
1.8100e+00   2.5816e-05   7.0111e+04
1.8000e+00   2.5768e-05   6.9855e+04
1.7900e+00   2.5719e-05   6.9597e+04
1.7800e+00   2.5671e-05   6.9340e+04
1.7700e+00   2.5622e-05   6.9082e+04
1.7600e+00   2.5573e-05   6.8822e+04
1.7500e+00   2.5523e-05   6.8567e+04
1.7400e+00   2.5472e-05   6.8310e+04
1.7300e+00   2.5422e-05   6.8053e+04
1.7200e+00   2.5370e-05   6.7796e+04
1.7100e+00   2.5318e-05   6.7541e+04
1.7000e+00   2.5262e-05   6.7296e+04
1.6900e+00   2.5209e-05   6.7039e+04
1.6800e+00   2.5156e-05   6.6784e+04
1.6700e+00   2.5103e-05   6.6527e+04
1.6600e+00   2.5049e-05   6.6271e+04
1.6500e+00   2.4994e-05   6.6017e+04
1.6400e+00   2.4940e-05   6.5759e+04
1.6300e+00   2.4884e-05   6.5504e+04
1.6200e+00   2.4828e-05   6.5250e+04
1.6100e+00   2.4771e-05   6.4994e+04
1.6000e+00   2.4715e-05   6.4737e+04
1.5900e+00   2.4658e-05   6.4483e+04
1.5800e+00   2.4600e-05   6.4228e+04
1.5700e+00   2.4541e-05   6.3974e+04
1.5600e+00   2.4481e-05   6.3723e+04
1.5500e+00   2.4421e-05   6.3469e+04
1.5400e+00   2.4363e-05   6.3211e+04
1.5300e+00   2.4301e-05   6.2961e+04
1.5200e+00   2.4240e-05   6.2707e+04
1.5100e+00   2.4178e-05   6.2454e+04
1.5000e+00   2.4115e-05   6.2201e+04
1.4900e+00   2.4047e-05   6.1962e+04
1.4800e+00   2.3983e-05   6.1710e+04
1.4700e+00   2.3920e-05   6.1456e+04
1.4600e+00   2.3854e-05   6.1205e+04
1.4500e+00   2.3789e-05   6.0954e+04
1.4400e+00   2.3721e-05   6.0706e+04
1.4300e+00   2.3655e-05   6.0453e+04
1.4200e+00   2.3587e-05   6.0202e+04
1.4100e+00   2.3519e-05   5.9952e+04
1.4000e+00   2.3450e-05   5.9700e+04
1.3900e+00   2.3381e-05   5.9450e+04
1.3800e+00   2.3310e-05   5.9201e+04
1.3700e+00   2.3239e-05   5.8953e+04
1.3600e+00   2.3168e-05   5.8703e+04
1.3500e+00   2.3095e-05   5.8453e+04
1.3400e+00   2.3021e-05   5.8207e+04
1.3300e+00   2.2948e-05   5.7958e+04
1.3200e+00   2.2874e-05   5.7708e+04
1.3100e+00   2.2797e-05   5.7462e+04
1.3000e+00   2.2722e-05   5.7213e+04
1.2900e+00   2.2639e-05   5.6981e+04
1.2800e+00   2.2561e-05   5.6735e+04
1.2700e+00   2.2482e-05   5.6489e+04
1.2600e+00   2.2402e-05   5.6245e+04
1.2500e+00   2.2321e-05   5.6001e+04
1.2400e+00   2.2240e-05   5.5755e+04
1.2300e+00   2.2158e-05   5.5509e+04
1.2200e+00   2.2075e-05   5.5267e+04
1.2100e+00   2.1991e-05   5.5024e+04
1.2000e+00   2.1906e-05   5.4779e+04
1.1900e+00   2.1820e-05   5.4537e+04
1.1800e+00   2.1734e-05   5.4293e+04
1.1700e+00   2.1646e-05   5.4053e+04
1.1600e+00   2.1557e-05   5.3810e+04
1.1500e+00   2.1468e-05   5.3569e+04
1.1400e+00   2.1376e-05   5.3330e+04
1.1300e+00   2.1285e-05   5.3090e+04
1.1200e+00   2.1192e-05   5.2850e+04
1.1100e+00   2.1098e-05   5.2612e+04
1.1000e+00   2.1003e-05   5.2372e+04
1.0900e+00   2.0908e-05   5.2134e+04
1.0800e+00   2.0803e-05   5.1915e+04
1.0700e+00   2.0705e-05   5.1679e+04
1.0600e+00   2.0606e-05   5.1441e+04
1.0500e+00   2.0505e-05   5.1207e+04
1.0400e+00   2.0404e-05   5.0971e+04
1.0300e+00   2.0301e-05   5.0736e+04
1.0200e+00   2.0196e-05   5.0506e+04
1.0100e+00   2.0091e-05   5.0271e+04
1.0000e+00   1.9986e-05   5.0036e+04
9.9000e-01   1.9878e-05   4.9805e+04
9.8000e-01   1.9769e-05   4.9572e+04
9.7000e-01   1.9659e-05   4.9342e+04
9.6000e-01   1.9548e-05   4.9111e+04
9.5000e-01   1.9435e-05   4.8881e+04
9.4000e-01   1.9321e-05   4.8653e+04
9.3000e-01   1.9205e-05   4.8425e+04
9.2000e-01   1.9089e-05   4.8196e+04
9.1000e-01   1.8971e-05   4.7968e+04
9.0000e-01   1.8851e-05   4.7742e+04
8.9000e-01   1.8731e-05   4.7515e+04
8.8000e-01   1.8598e-05   4.7316e+04
8.7000e-01   1.8475e-05   4.7091e+04
8.6000e-01   1.8350e-05   4.6865e+04
8.5000e-01   1.8223e-05   4.6644e+04
8.4000e-01   1.8095e-05   4.6423e+04
8.3000e-01   1.7964e-05   4.6202e+04
8.2000e-01   1.7833e-05   4.5981e+04
8.1000e-01   1.7701e-05   4.5761e+04
8.0000e-01   1.7566e-05   4.5543e+04
7.9000e-01   1.7429e-05   4.5325e+04
7.8000e-01   1.7292e-05   4.5107e+04
7.7000e-01   1.7153e-05   4.4890e+04
7.6000e-01   1.7012e-05   4.4675e+04
7.5000e-01   1.6869e-05   4.4461e+04
7.4000e-01   1.6724e-05   4.4249e+04
7.3000e-01   1.6578e-05   4.4034e+04
7.2000e-01   1.6430e-05   4.3822e+04
7.1000e-01   1.6281e-05   4.3609e+04
7.0000e-01   1.6130e-05   4.3397e+04
6.9000e-01   1.5977e-05   4.3187e+04
6.8000e-01   1.5822e-05   4.2977e+04
6.7000e-01   1.5654e-05   4.2801e+04
6.6000e-01   1.5494e-05   4.2596e+04
6.5000e-01   1.5333e-05   4.2392e+04
6.4000e-01   1.5170e-05   4.2188e+04
6.3000e-01   1.5006e-05   4.1982e+04
6.2000e-01   1.4840e-05   4.1780e+04
6.1000e-01   1.4672e-05   4.1576e+04
6.0000e-01   1.4501e-05   4.1377e+04
5.9000e-01   1.4330e-05   4.1173e+04
5.8000e-01   1.4159e-05   4.0964e+04
5.7000e-01   1.3981e-05   4.0770e+04
5.6000e-01   1.3801e-05   4.0576e+04
5.5000e-01   1.3621e-05   4.0380e+04
5.4000e-01   1.3438e-05   4.0185e+04
5.3000e-01   1.3254e-05   3.9989e+04
5.2000e-01   1.3067e-05   3.9794e+04
5.1000e-01   1.2878e-05   3.9602e+04
5.0000e-01   1.2688e-05   3.9408e+04
4.9000e-01   1.2496e-05   3.9214e+04
4.8000e-01   1.2300e-05   3.9025e+04
4.7000e-01   1.2088e-05   3.8883e+04
4.6000e-01   1.1887e-05   3.8697e+04
4.5000e-01   1.1688e-05   3.8502e+04
4.4000e-01   1.1481e-05   3.8325e+04
4.3000e-01   1.1274e-05   3.8140e+04
4.2000e-01   1.1069e-05   3.7943e+04
4.1000e-01   1.0856e-05   3.7767e+04
4.0000e-01   1.0643e-05   3.7583e+04
3.9000e-01   1.0432e-05   3.7386e+04
3.8000e-01   1.0214e-05   3.7204e+04
3.7000e-01   9.9912e-06   3.7033e+04
3.6000e-01   9.7676e-06   3.6857e+04
3.5000e-01   9.5429e-06   3.6676e+04
3.4000e-01   9.3175e-06   3.6490e+04
3.3000e-01   9.0892e-06   3.6307e+04
3.2000e-01   8.8597e-06   3.6118e+04
3.1000e-01   8.6253e-06   3.5941e+04
3.0000e-01   8.3898e-06   3.5758e+04
2.9000e-01   8.1529e-06   3.5570e+04
2.8000e-01   7.9125e-06   3.5387e+04
2.7000e-01   7.6723e-06   3.5191e+04
2.6000e-01   7.4073e-06   3.5100e+04
2.5000e-01   7.1628e-06   3.4903e+04
2.4000e-01   6.9156e-06   3.4704e+04
2.3000e-01   6.6674e-06   3.4496e+04
2.2000e-01   6.4173e-06   3.4282e+04
2.1000e-01   6.1645e-06   3.4066e+04
2.0000e-01   5.9095e-06   3.3844e+04
1.9000e-01   5.6532e-06   3.3609e+04
1.8000e-01   5.3938e-06   3.3372e+04
1.7000e-01   5.1321e-06   3.3125e+04
1.6000e-01   4.8659e-06   3.2882e+04
1.5000e-01   4.5981e-06   3.2622e+04
1.4000e-01   4.3242e-06   3.2376e+04
1.3000e-01   4.0476e-06   3.2117e+04
1.2000e-01   3.7637e-06   3.1883e+04
1.1000e-01   3.4717e-06   3.1685e+04
1.0000e-01   3.1723e-06   3.1523e+04
9.0000e-02   2.8612e-06   3.1456e+04
8.0000e-02   2.5362e-06   3.1544e+04
7.0000e-02   2.1987e-06   3.1837e+04
6.0000e-02   1.8208e-06   3.2953e+04
5.0000e-02   1.4558e-06   3.4346e+04
4.0000e-02   1.0777e-06   3.7116e+04
3.0000e-02   6.9158e-07   4.3379e+04
2.0000e-02   2.9616e-07   6.7532e+04
1.0000e-02   -1.0318e-07   -9.6914e+04
0.0000e+00   -5.0154e-07   -0.0000e+00
0.0000e+00   -4.8179e-07   -0.0000e+00
-1.0000e-02   -8.7726e-07   1.1399e+04
-2.0000e-02   -1.2642e-06   1.5821e+04
-3.0000e-02   -1.6390e-06   1.8304e+04
-4.0000e-02   -2.0014e-06   1.9986e+04
-5.0000e-02   -2.3493e-06   2.1283e+04
-6.0000e-02   -2.6837e-06   2.2358e+04
-7.0000e-02   -3.0048e-06   2.3296e+04
-8.0000e-02   -3.3138e-06   2.4142e+04
-9.0000e-02   -3.6123e-06   2.4915e+04
-1.0000e-01   -3.9018e-06   2.5629e+04
-1.1000e-01   -4.1832e-06   2.6295e+04
-1.2000e-01   -4.4577e-06   2.6920e+04
-1.3000e-01   -4.7494e-06   2.7372e+04
-1.4000e-01   -5.0151e-06   2.7916e+04
-1.5000e-01   -5.2757e-06   2.8432e+04
-1.6000e-01   -5.5327e-06   2.8919e+04
-1.7000e-01   -5.7872e-06   2.9375e+04
-1.8000e-01   -6.0382e-06   2.9810e+04
-1.9000e-01   -6.2850e-06   3.0231e+04
-2.0000e-01   -6.5297e-06   3.0629e+04
-2.1000e-01   -6.7719e-06   3.1010e+04
-2.2000e-01   -7.0112e-06   3.1378e+04
-2.3000e-01   -7.2484e-06   3.1731e+04
-2.4000e-01   -7.4838e-06   3.2069e+04
-2.5000e-01   -7.7154e-06   3.2403e+04
-2.6000e-01   -7.9453e-06   3.2724e+04
-2.7000e-01   -8.1724e-06   3.3038e+04
-2.8000e-01   -8.3965e-06   3.3347e+04
-2.9000e-01   -8.6174e-06   3.3653e+04
-3.0000e-01   -8.8364e-06   3.3950e+04
-3.1000e-01   -9.0684e-06   3.4185e+04
-3.2000e-01   -9.2814e-06   3.4478e+04
-3.3000e-01   -9.4915e-06   3.4768e+04
-3.4000e-01   -9.6987e-06   3.5056e+04
-3.5000e-01   -9.9031e-06   3.5343e+04
-3.6000e-01   -1.0106e-05   3.5624e+04
-3.7000e-01   -1.0304e-05   3.5909e+04
-3.8000e-01   -1.0500e-05   3.6192e+04
-3.9000e-01   -1.0693e-05   3.6474e+04
-4.0000e-01   -1.0882e-05   3.6757e+04
-4.1000e-01   -1.1070e-05   3.7039e+04
-4.2000e-01   -1.1254e-05   3.7320e+04
-4.3000e-01   -1.1437e-05   3.7597e+04
-4.4000e-01   -1.1610e-05   3.7900e+04
-4.5000e-01   -1.1787e-05   3.8177e+04
-4.6000e-01   -1.1962e-05   3.8457e+04
-4.7000e-01   -1.2133e-05   3.8736e+04
-4.8000e-01   -1.2303e-05   3.9016e+04
-4.9000e-01   -1.2482e-05   3.9257e+04
-5.0000e-01   -1.2646e-05   3.9539e+04
-5.1000e-01   -1.2807e-05   3.9823e+04
-5.2000e-01   -1.2966e-05   4.0106e+04
-5.3000e-01   -1.3122e-05   4.0389e+04
-5.4000e-01   -1.3276e-05   4.0674e+04
-5.5000e-01   -1.3428e-05   4.0960e+04
-5.6000e-01   -1.3577e-05   4.1246e+04
-5.7000e-01   -1.3724e-05   4.1534e+04
-5.8000e-01   -1.3868e-05   4.1822e+04
-5.9000e-01   -1.4010e-05   4.2112e+04
-6.0000e-01   -1.4151e-05   4.2400e+04
-6.1000e-01   -1.4288e-05   4.2692e+04
-6.2000e-01   -1.4424e-05   4.2985e+04
-6.3000e-01   -1.4557e-05   4.3277e+04
-6.4000e-01   -1.4689e-05   4.3570e+04
-6.5000e-01   -1.4819e-05   4.3863e+04
-6.6000e-01   -1.4946e-05   4.4159e+04
-6.7000e-01   -1.5082e-05   4.4425e+04
-6.8000e-01   -1.5205e-05   4.4723e+04
-6.9000e-01   -1.5326e-05   4.5022e+04
-7.0000e-01   -1.5446e-05   4.5319e+04
-7.1000e-01   -1.5563e-05   4.5621e+04
-7.2000e-01   -1.5679e-05   4.5922e+04
-7.3000e-01   -1.5793e-05   4.6224e+04
-7.4000e-01   -1.5906e-05   4.6525e+04
-7.5000e-01   -1.6015e-05   4.6831e+04
-7.6000e-01   -1.6123e-05   4.7137e+04
-7.7000e-01   -1.6231e-05   4.7441e+04
-7.8000e-01   -1.6335e-05   4.7749e+04
-7.9000e-01   -1.6440e-05   4.8055e+04
-8.0000e-01   -1.6542e-05   4.8362e+04
-8.1000e-01   -1.6642e-05   4.8672e+04
-8.2000e-01   -1.6741e-05   4.8982e+04
-8.3000e-01   -1.6838e-05   4.9294e+04
-8.4000e-01   -1.6934e-05   4.9603e+04
-8.5000e-01   -1.7036e-05   4.9894e+04
-8.6000e-01   -1.7130e-05   5.0205e+04
-8.7000e-01   -1.7222e-05   5.0518e+04
-8.8000e-01   -1.7311e-05   5.0834e+04
-8.9000e-01   -1.7400e-05   5.1149e+04
-9.0000e-01   -1.7487e-05   5.1466e+04
-9.1000e-01   -1.7574e-05   5.1781e+04
-9.2000e-01   -1.7658e-05   5.2100e+04
-9.3000e-01   -1.7742e-05   5.2418e+04
-9.4000e-01   -1.7824e-05   5.2738e+04
-9.5000e-01   -1.7905e-05   5.3059e+04
-9.6000e-01   -1.7984e-05   5.3381e+04
-9.7000e-01   -1.8063e-05   5.3702e+04
-9.8000e-01   -1.8141e-05   5.4022e+04
-9.9000e-01   -1.8216e-05   5.4347e+04
-1.0000e+00   -1.8292e-05   5.4669e+04
-1.0100e+00   -1.8365e-05   5.4995e+04
-1.0200e+00   -1.8439e-05   5.5318e+04
-1.0300e+00   -1.8517e-05   5.5626e+04
-1.0400e+00   -1.8586e-05   5.5955e+04
-1.0500e+00   -1.8656e-05   5.6282e+04
-1.0600e+00   -1.8726e-05   5.6607e+04
-1.0700e+00   -1.8794e-05   5.6934e+04
-1.0800e+00   -1.8861e-05   5.7260e+04
-1.0900e+00   -1.8927e-05   5.7591e+04
-1.1000e+00   -1.8992e-05   5.7920e+04
-1.1100e+00   -1.9055e-05   5.8251e+04
-1.1200e+00   -1.9119e-05   5.8580e+04
-1.1300e+00   -1.9181e-05   5.8912e+04
-1.1400e+00   -1.9242e-05   5.9244e+04
-1.1500e+00   -1.9303e-05   5.9578e+04
-1.1600e+00   -1.9362e-05   5.9910e+04
-1.1700e+00   -1.9422e-05   6.0243e+04
-1.1800e+00   -1.9479e-05   6.0579e+04
-1.1900e+00   -1.9537e-05   6.0911e+04
-1.2000e+00   -1.9593e-05   6.1245e+04
-1.2100e+00   -1.9653e-05   6.1568e+04
-1.2200e+00   -1.9708e-05   6.1903e+04
-1.2300e+00   -1.9762e-05   6.2239e+04
-1.2400e+00   -1.9816e-05   6.2575e+04
-1.2500e+00   -1.9870e-05   6.2910e+04
-1.2600e+00   -1.9922e-05   6.3247e+04
-1.2700e+00   -1.9974e-05   6.3581e+04
-1.2800e+00   -2.0025e-05   6.3919e+04
-1.2900e+00   -2.0075e-05   6.4258e+04
-1.3000e+00   -2.0125e-05   6.4595e+04
-1.3100e+00   -2.0175e-05   6.4933e+04
-1.3200e+00   -2.0223e-05   6.5274e+04
-1.3300e+00   -2.0272e-05   6.5609e+04
-1.3400e+00   -2.0319e-05   6.5949e+04
-1.3500e+00   -2.0366e-05   6.6286e+04
-1.3600e+00   -2.0413e-05   6.6625e+04
-1.3700e+00   -2.0457e-05   6.6969e+04
-1.3800e+00   -2.0504e-05   6.7305e+04
-1.3900e+00   -2.0551e-05   6.7636e+04
-1.4000e+00   -2.0595e-05   6.7977e+04
-1.4100e+00   -2.0639e-05   6.8317e+04
-1.4200e+00   -2.0683e-05   6.8656e+04
-1.4300e+00   -2.0726e-05   6.8995e+04
-1.4400e+00   -2.0768e-05   6.9338e+04
-1.4500e+00   -2.0810e-05   6.9677e+04
-1.4600e+00   -2.0852e-05   7.0018e+04
-1.4700e+00   -2.0892e-05   7.0361e+04
-1.4800e+00   -2.0932e-05   7.0703e+04
-1.4900e+00   -2.0973e-05   7.1044e+04
-1.5000e+00   -2.1013e-05   7.1384e+04
-1.5100e+00   -2.1053e-05   7.1724e+04
-1.5200e+00   -2.1091e-05   7.2067e+04
-1.5300e+00   -2.1131e-05   7.2406e+04
-1.5400e+00   -2.1170e-05   7.2744e+04
-1.5500e+00   -2.1208e-05   7.3087e+04
-1.5600e+00   -2.1246e-05   7.3425e+04
-1.5700e+00   -2.1286e-05   7.3756e+04
-1.5800e+00   -2.1323e-05   7.4097e+04
-1.5900e+00   -2.1360e-05   7.4440e+04
-1.6000e+00   -2.1395e-05   7.4785e+04
-1.6100e+00   -2.1431e-05   7.5123e+04
-1.6200e+00   -2.1467e-05   7.5465e+04
-1.6300e+00   -2.1502e-05   7.5807e+04
-1.6400e+00   -2.1536e-05   7.6150e+04
-1.6500e+00   -2.1571e-05   7.6490e+04
-1.6600e+00   -2.1606e-05   7.6831e+04
-1.6700e+00   -2.1641e-05   7.7169e+04
-1.6800e+00   -2.1675e-05   7.7510e+04
-1.6900e+00   -2.1709e-05   7.7849e+04
-1.7000e+00   -2.1742e-05   7.8189e+04
-1.7100e+00   -2.1775e-05   7.8530e+04
-1.7200e+00   -2.1807e-05   7.8872e+04
-1.7300e+00   -2.1841e-05   7.9208e+04
-1.7400e+00   -2.1873e-05   7.9550e+04
-1.7500e+00   -2.1907e-05   7.9883e+04
-1.7600e+00   -2.1939e-05   8.0223e+04
-1.7700e+00   -2.1970e-05   8.0563e+04
-1.7800e+00   -2.2003e-05   8.0900e+04
-1.7900e+00   -2.2033e-05   8.1240e+04
-1.8000e+00   -2.2065e-05   8.1578e+04
-1.8100e+00   -2.2095e-05   8.1918e+04
-1.8200e+00   -2.2126e-05   8.2258e+04
-1.8300e+00   -2.2156e-05   8.2598e+04
-1.8400e+00   -2.2186e-05   8.2935e+04
-1.8500e+00   -2.2216e-05   8.3272e+04
-1.8600e+00   -2.2246e-05   8.3612e+04
-1.8700e+00   -2.2275e-05   8.3949e+04
-1.8800e+00   -2.2305e-05   8.4287e+04
-1.8900e+00   -2.2333e-05   8.4627e+04
-1.9000e+00   -2.2363e-05   8.4960e+04
-1.9100e+00   -2.2392e-05   8.5298e+04
-1.9200e+00   -2.2420e-05   8.5638e+04
-1.9300e+00   -2.2450e-05   8.5968e+04
-1.9400e+00   -2.2478e-05   8.6306e+04
-1.9500e+00   -2.2507e-05   8.6640e+04
-1.9600e+00   -2.2534e-05   8.6979e+04
-1.9700e+00   -2.2562e-05   8.7313e+04
-1.9800e+00   -2.2589e-05   8.7654e+04
-1.9900e+00   -2.2616e-05   8.7989e+04
-2.0000e+00   -2.2644e-05   8.8322e+04
-2.0100e+00   -2.2671e-05   8.8659e+04
-2.0200e+00   -2.2698e-05   8.8994e+04
-2.0300e+00   -2.2725e-05   8.9328e+04
-2.0400e+00   -2.2753e-05   8.9659e+04
-2.0500e+00   -2.2778e-05   8.9998e+04
-2.0600e+00   -2.2805e-05   9.0332e+04
-2.0700e+00   -2.2831e-05   9.0665e+04
-2.0800e+00   -2.2858e-05   9.0998e+04
-2.0900e+00   -2.2883e-05   9.1335e+04
-2.1000e+00   -2.2910e-05   9.1663e+04
-2.1100e+00   -2.2935e-05   9.1998e+04
-2.1200e+00   -2.2961e-05   9.2332e+04
-2.1300e+00   -2.2986e-05   9.2666e+04
-2.1400e+00   -2.3012e-05   9.2997e+04
-2.1500e+00   -2.3036e-05   9.3331e+04
-2.1600e+00   -2.3062e-05   9.3660e+04
-2.1700e+00   -2.3086e-05   9.3995e+04
-2.1800e+00   -2.3111e-05   9.4327e+04
-2.1900e+00   -2.3135e-05   9.4662e+04
-2.2000e+00   -2.3160e-05   9.4991e+04
-2.2100e+00   -2.3185e-05   9.5319e+04
-2.2200e+00   -2.3210e-05   9.5650e+04
-2.2300e+00   -2.3234e-05   9.5979e+04
-2.2400e+00   -2.3258e-05   9.6310e+04
-2.2500e+00   -2.3282e-05   9.6640e+04
-2.2600e+00   -2.3305e-05   9.6974e+04
-2.2700e+00   -2.3330e-05   9.7301e+04
-2.2800e+00   -2.3354e-05   9.7627e+04
-2.2900e+00   -2.3378e-05   9.7956e+04
-2.3000e+00   -2.3401e-05   9.8284e+04
-2.3100e+00   -2.3425e-05   9.8612e+04
-2.3200e+00   -2.3448e-05   9.8941e+04
-2.3300e+00   -2.3472e-05   9.9267e+04
-2.3400e+00   -2.3495e-05   9.9597e+04
-2.3500e+00   -2.3517e-05   9.9929e+04
-2.3600e+00   -2.3540e-05   1.0026e+05
-2.3700e+00   -2.3562e-05   1.0059e+05
-2.3800e+00   -2.3585e-05   1.0091e+05
-2.3900e+00   -2.3608e-05   1.0124e+05
-2.4000e+00   -2.3631e-05   1.0156e+05
-2.4100e+00   -2.3652e-05   1.0189e+05
-2.4200e+00   -2.3676e-05   1.0221e+05
-2.4300e+00   -2.3698e-05   1.0254e+05
-2.4400e+00   -2.3720e-05   1.0287e+05
-2.4500e+00   -2.3742e-05   1.0319e+05
-2.4600e+00   -2.3766e-05   1.0351e+05
-2.4700e+00   -2.3787e-05   1.0384e+05
-2.4800e+00   -2.3809e-05   1.0416e+05
-2.4900e+00   -2.3831e-05   1.0449e+05
-2.5000e+00   -2.3852e-05   1.0481e+05
-2.5100e+00   -2.3875e-05   1.0513e+05
-2.5200e+00   -2.3895e-05   1.0546e+05
-2.5300e+00   -2.3918e-05   1.0578e+05
-2.5400e+00   -2.3939e-05   1.0610e+05
-2.5500e+00   -2.3959e-05   1.0643e+05
-2.5600e+00   -2.3980e-05   1.0675e+05
-2.5700e+00   -2.4003e-05   1.0707e+05
-2.5800e+00   -2.4023e-05   1.0740e+05
-2.5900e+00   -2.4044e-05   1.0772e+05
-2.6000e+00   -2.4065e-05   1.0804e+05
-2.6100e+00   -2.4086e-05   1.0836e+05
-2.6200e+00   -2.4107e-05   1.0868e+05
-2.6300e+00   -2.4127e-05   1.0901e+05
-2.6400e+00   -2.4149e-05   1.0932e+05
-2.6500e+00   -2.4170e-05   1.0964e+05
-2.6600e+00   -2.4191e-05   1.0996e+05
-2.6700e+00   -2.4211e-05   1.1028e+05
-2.6800e+00   -2.4231e-05   1.1060e+05
-2.6900e+00   -2.4251e-05   1.1092e+05
-2.7000e+00   -2.4272e-05   1.1124e+05
-2.7100e+00   -2.4293e-05   1.1156e+05
-2.7200e+00   -2.4313e-05   1.1188e+05
-2.7300e+00   -2.4334e-05   1.1219e+05
-2.7400e+00   -2.4353e-05   1.1251e+05
-2.7500e+00   -2.4373e-05   1.1283e+05
-2.7600e+00   -2.4393e-05   1.1315e+05
-2.7700e+00   -2.4413e-05   1.1347e+05
-2.7800e+00   -2.4433e-05   1.1378e+05
-2.7900e+00   -2.4453e-05   1.1410e+05
-2.8000e+00   -2.4472e-05   1.1442e+05
-2.8100e+00   -2.4492e-05   1.1473e+05
-2.8200e+00   -2.4513e-05   1.1504e+05
-2.8300e+00   -2.4533e-05   1.1536e+05
-2.8400e+00   -2.4552e-05   1.1567e+05
-2.8500e+00   -2.4571e-05   1.1599e+05
-2.8600e+00   -2.4591e-05   1.1630e+05
-2.8700e+00   -2.4611e-05   1.1662e+05
-2.8800e+00   -2.4629e-05   1.1694e+05
-2.8900e+00   -2.4649e-05   1.1724e+05
-2.9000e+00   -2.4668e-05   1.1756e+05
-2.9100e+00   -2.4688e-05   1.1787e+05
-2.9200e+00   -2.4707e-05   1.1819e+05
-2.9300e+00   -2.4726e-05   1.1850e+05
-2.9400e+00   -2.4745e-05   1.1881e+05
-2.9500e+00   -2.4764e-05   1.1913e+05
-2.9600e+00   -2.4783e-05   1.1944e+05
-2.9700e+00   -2.4802e-05   1.1975e+05
-2.9800e+00   -2.4821e-05   1.2006e+05
-2.9900e+00   -2.4839e-05   1.2037e+05
-3.0000e+00   -2.4860e-05   1.2067e+05
-3.0100e+00   -2.4879e-05   1.2099e+05
-3.0200e+00   -2.4898e-05   1.2130e+05
-3.0300e+00   -2.4917e-05   1.2160e+05
-3.0400e+00   -2.4935e-05   1.2192e+05
-3.0500e+00   -2.4954e-05   1.2222e+05
-3.0600e+00   -2.4973e-05   1.2253e+05
-3.0700e+00   -2.4991e-05   1.2284e+05
-3.0800e+00   -2.5010e-05   1.2315e+05
-3.0900e+00   -2.5029e-05   1.2346e+05
-3.1000e+00   -2.5048e-05   1.2376e+05
-3.1100e+00   -2.5067e-05   1.2407e+05
-3.1200e+00   -2.5085e-05   1.2438e+05
-3.1300e+00   -2.5104e-05   1.2468e+05
-3.1400e+00   -2.5122e-05   1.2499e+05
-3.1500e+00   -2.5139e-05   1.2530e+05
-3.1600e+00   -2.5158e-05   1.2561e+05
-3.1700e+00   -2.5176e-05   1.2591e+05
-3.1800e+00   -2.5196e-05   1.2621e+05
-3.1900e+00   -2.5214e-05   1.2652e+05
-3.2000e+00   -2.5231e-05   1.2683e+05
-3.2100e+00   -2.5249e-05   1.2713e+05
-3.2200e+00   -2.5268e-05   1.2743e+05
-3.2300e+00   -2.5287e-05   1.2773e+05
-3.2400e+00   -2.5304e-05   1.2804e+05
-3.2500e+00   -2.5323e-05   1.2834e+05
-3.2600e+00   -2.5341e-05   1.2864e+05
-3.2700e+00   -2.5360e-05   1.2894e+05
-3.2800e+00   -2.5378e-05   1.2924e+05
-3.2900e+00   -2.5395e-05   1.2956e+05
-3.3000e+00   -2.5414e-05   1.2985e+05
-3.3100e+00   -2.5432e-05   1.3015e+05
-3.3200e+00   -2.5450e-05   1.3045e+05
-3.3300e+00   -2.5467e-05   1.3076e+05
-3.3400e+00   -2.5485e-05   1.3106e+05
-3.3500e+00   -2.5503e-05   1.3136e+05
-3.3600e+00   -2.5521e-05   1.3166e+05
-3.3700e+00   -2.5538e-05   1.3196e+05
-3.3800e+00   -2.5557e-05   1.3226e+05
-3.3900e+00   -2.5575e-05   1.3255e+05
-3.4000e+00   -2.5593e-05   1.3285e+05
-3.4100e+00   -2.5610e-05   1.3315e+05
-3.4200e+00   -2.5628e-05   1.3345e+05
-3.4300e+00   -2.5646e-05   1.3375e+05
-3.4400e+00   -2.5664e-05   1.3404e+05
-3.4500e+00   -2.5680e-05   1.3434e+05
-3.4600e+00   -2.5698e-05   1.3464e+05
-3.4700e+00   -2.5715e-05   1.3494e+05
-3.4800e+00   -2.5732e-05   1.3524e+05
-3.4900e+00   -2.5750e-05   1.3553e+05
-3.5000e+00   -2.5768e-05   1.3583e+05
-3.5100e+00   -2.5785e-05   1.3612e+05
-3.5200e+00   -2.5803e-05   1.3642e+05
-3.5300e+00   -2.5820e-05   1.3672e+05
-3.5400e+00   -2.5837e-05   1.3701e+05
-3.5500e+00   -2.5854e-05   1.3731e+05
-3.5600e+00   -2.5872e-05   1.3760e+05
-3.5700e+00   -2.5890e-05   1.3789e+05
-3.5800e+00   -2.5906e-05   1.3819e+05
-3.5900e+00   -2.5924e-05   1.3848e+05
-3.6000e+00   -2.5941e-05   1.3878e+05
-3.6100e+00   -2.5959e-05   1.3907e+05
-3.6200e+00   -2.5976e-05   1.3936e+05
-3.6300e+00   -2.5993e-05   1.3966e+05
-3.6400e+00   -2.6009e-05   1.3995e+05
-3.6500e+00   -2.6027e-05   1.4024e+05
-3.6600e+00   -2.6043e-05   1.4054e+05
-3.6700e+00   -2.6060e-05   1.4083e+05
-3.6800e+00   -2.6077e-05   1.4112e+05
-3.6900e+00   -2.6094e-05   1.4141e+05
-3.7000e+00   -2.6112e-05   1.4170e+05
-3.7100e+00   -2.6129e-05   1.4199e+05
-3.7200e+00   -2.6146e-05   1.4228e+05
-3.7300e+00   -2.6163e-05   1.4257e+05
-3.7400e+00   -2.6180e-05   1.4286e+05
-3.7500e+00   -2.6195e-05   1.4316e+05
-3.7600e+00   -2.6212e-05   1.4345e+05
-3.7700e+00   -2.6231e-05   1.4372e+05
-3.7800e+00   -2.6247e-05   1.4402e+05
-3.7900e+00   -2.6264e-05   1.4430e+05
-3.8000e+00   -2.6281e-05   1.4459e+05
-3.8100e+00   -2.6298e-05   1.4488e+05
-3.8200e+00   -2.6314e-05   1.4517e+05
-3.8300e+00   -2.6332e-05   1.4545e+05
-3.8400e+00   -2.6348e-05   1.4574e+05
-3.8500e+00   -2.6364e-05   1.4604e+05
-3.8600e+00   -2.6380e-05   1.4632e+05
-3.8700e+00   -2.6397e-05   1.4661e+05
-3.8800e+00   -2.6415e-05   1.4689e+05
-3.8900e+00   -2.6430e-05   1.4718e+05
-3.9000e+00   -2.6448e-05   1.4746e+05
-3.9100e+00   -2.6464e-05   1.4775e+05
-3.9200e+00   -2.6481e-05   1.4803e+05
-3.9300e+00   -2.6498e-05   1.4831e+05
-3.9400e+00   -2.6514e-05   1.4860e+05
-3.9500e+00   -2.6531e-05   1.4888e+05
-3.9600e+00   -2.6548e-05   1.4916e+05
-3.9700e+00   -2.6564e-05   1.4945e+05
-3.9800e+00   -2.6581e-05   1.4973e+05
-3.9900e+00   -2.6597e-05   1.5002e+05
-4.0000e+00   -2.6614e-05   1.5029e+05
-4.0100e+00   -2.6631e-05   1.5058e+05
-4.0200e+00   -2.6647e-05   1.5086e+05
-4.0300e+00   -2.6663e-05   1.5114e+05
-4.0400e+00   -2.6681e-05   1.5142e+05
-4.0500e+00   -2.6697e-05   1.5170e+05
-4.0600e+00   -2.6713e-05   1.5198e+05
-4.0700e+00   -2.6731e-05   1.5226e+05
-4.0800e+00   -2.6745e-05   1.5255e+05
-4.0900e+00   -2.6762e-05   1.5283e+05
-4.1000e+00   -2.6779e-05   1.5310e+05
-4.1100e+00   -2.6795e-05   1.5339e+05
-4.1200e+00   -2.6812e-05   1.5366e+05
-4.1300e+00   -2.6827e-05   1.5395e+05
-4.1400e+00   -2.6844e-05   1.5422e+05
-4.1500e+00   -2.6861e-05   1.5450e+05
-4.1600e+00   -2.6877e-05   1.5478e+05
-4.1700e+00   -2.6894e-05   1.5506e+05
-4.1800e+00   -2.6911e-05   1.5533e+05
-4.1900e+00   -2.6927e-05   1.5560e+05
-4.2000e+00   -2.6944e-05   1.5588e+05
-4.2100e+00   -2.6960e-05   1.5616e+05
-4.2200e+00   -2.6978e-05   1.5643e+05
-4.2300e+00   -2.6994e-05   1.5670e+05
-4.2400e+00   -2.7010e-05   1.5698e+05
-4.2500e+00   -2.7026e-05   1.5725e+05
-4.2600e+00   -2.7043e-05   1.5753e+05
-4.2700e+00   -2.7060e-05   1.5780e+05
-4.2800e+00   -2.7076e-05   1.5807e+05
-4.2900e+00   -2.7093e-05   1.5834e+05
-4.3000e+00   -2.7109e-05   1.5862e+05
-4.3100e+00   -2.7127e-05   1.5889e+05
-4.3200e+00   -2.7143e-05   1.5916e+05
-4.3300e+00   -2.7159e-05   1.5943e+05
-4.3400e+00   -2.7175e-05   1.5970e+05
-4.3500e+00   -2.7193e-05   1.5997e+05
-4.3600e+00   -2.7209e-05   1.6024e+05
-4.3700e+00   -2.7225e-05   1.6051e+05
-4.3800e+00   -2.7243e-05   1.6077e+05
-4.3900e+00   -2.7259e-05   1.6105e+05
-4.4000e+00   -2.7276e-05   1.6131e+05
-4.4100e+00   -2.7293e-05   1.6158e+05
-4.4200e+00   -2.7310e-05   1.6185e+05
-4.4300e+00   -2.7326e-05   1.6212e+05
-4.4400e+00   -2.7344e-05   1.6238e+05
-4.4500e+00   -2.7360e-05   1.6265e+05
-4.4600e+00   -2.7376e-05   1.6292e+05
-4.4700e+00   -2.7392e-05   1.6319e+05
-4.4800e+00   -2.7408e-05   1.6346e+05
-4.4900e+00   -2.7425e-05   1.6372e+05
-4.5000e+00   -2.7442e-05   1.6398e+05
-4.5100e+00   -2.7458e-05   1.6425e+05
-4.5200e+00   -2.7475e-05   1.6452e+05
-4.5300e+00   -2.7492e-05   1.6477e+05
-4.5400e+00   -2.7509e-05   1.6504e+05
-4.5500e+00   -2.7525e-05   1.6530e+05
-4.5600e+00   -2.7542e-05   1.6557e+05
-4.5700e+00   -2.7559e-05   1.6583e+05
-4.5800e+00   -2.7574e-05   1.6610e+05
-4.5900e+00   -2.7591e-05   1.6636e+05
-4.6000e+00   -2.7608e-05   1.6662e+05
-4.6100e+00   -2.7624e-05   1.6689e+05
-4.6200e+00   -2.7640e-05   1.6715e+05
-4.6300e+00   -2.7656e-05   1.6742e+05
-4.6400e+00   -2.7672e-05   1.6768e+05
-4.6500e+00   -2.7687e-05   1.6795e+05
-4.6600e+00   -2.7703e-05   1.6821e+05
-4.6700e+00   -2.7720e-05   1.6847e+05
-4.6800e+00   -2.7736e-05   1.6874e+05
-4.6900e+00   -2.7753e-05   1.6899e+05
-4.7000e+00   -2.7768e-05   1.6926e+05
-4.7100e+00   -2.7783e-05   1.6953e+05
-4.7200e+00   -2.7800e-05   1.6979e+05
-4.7300e+00   -2.7816e-05   1.7005e+05
-4.7400e+00   -2.7832e-05   1.7031e+05
-4.7500e+00   -2.7849e-05   1.7056e+05
-4.7600e+00   -2.7864e-05   1.7083e+05
-4.7700e+00   -2.7881e-05   1.7109e+05
-4.7800e+00   -2.7896e-05   1.7135e+05
-4.7900e+00   -2.7912e-05   1.7161e+05
-4.8000e+00   -2.7927e-05   1.7188e+05
-4.8100e+00   -2.7943e-05   1.7213e+05
-4.8200e+00   -2.7959e-05   1.7240e+05
-4.8300e+00   -2.7975e-05   1.7265e+05
-4.8400e+00   -2.7991e-05   1.7292e+05
-4.8500e+00   -2.8007e-05   1.7317e+05
-4.8600e+00   -2.8022e-05   1.7344e+05
-4.8700e+00   -2.8037e-05   1.7370e+05
-4.8800e+00   -2.8053e-05   1.7396e+05
-4.8900e+00   -2.8069e-05   1.7422e+05
-4.9000e+00   -2.8084e-05   1.7448e+05
-4.9100e+00   -2.8099e-05   1.7474e+05
-4.9200e+00   -2.8114e-05   1.7500e+05
-4.9300e+00   -2.8130e-05   1.7526e+05
-4.9400e+00   -2.8146e-05   1.7551e+05
-4.9500e+00   -2.8161e-05   1.7578e+05
-4.9600e+00   -2.8178e-05   1.7602e+05
-4.9700e+00   -2.8194e-05   1.7628e+05
-4.9800e+00   -2.8209e-05   1.7654e+05
-4.9900e+00   -2.8224e-05   1.7680e+05
-5.0000e+00   -2.8239e-05   1.7706e+05
-5.0100e+00   -2.8255e-05   1.7731e+05
-5.0200e+00   -2.8271e-05   1.7757e+05
-5.0300e+00   -2.8286e-05   1.7782e+05
-5.0400e+00   -2.8302e-05   1.7808e+05
-5.0500e+00   -2.8318e-05   1.7833e+05
-5.0600e+00   -2.8333e-05   1.7859e+05
-5.0700e+00   -2.8348e-05   1.7885e+05
-5.0800e+00   -2.8364e-05   1.7910e+05
-5.0900e+00   -2.8379e-05   1.7936e+05
-5.1000e+00   -2.8394e-05   1.7962e+05
-5.1100e+00   -2.8410e-05   1.7987e+05
-5.1200e+00   -2.8426e-05   1.8012e+05
-5.1300e+00   -2.8440e-05   1.8038e+05
-5.1400e+00   -2.8457e-05   1.8062e+05
-5.1500e+00   -2.8472e-05   1.8088e+05
-5.1600e+00   -2.8488e-05   1.8113e+05
-5.1700e+00   -2.8504e-05   1.8138e+05
-5.1800e+00   -2.8518e-05   1.8164e+05
-5.1900e+00   -2.8535e-05   1.8189e+05
-5.2000e+00   -2.8550e-05   1.8214e+05
-5.2100e+00   -2.8565e-05   1.8239e+05
-5.2200e+00   -2.8580e-05   1.8265e+05
-5.2300e+00   -2.8595e-05   1.8290e+05
-5.2400e+00   -2.8611e-05   1.8315e+05
-5.2500e+00   -2.8625e-05   1.8340e+05
-5.2600e+00   -2.8641e-05   1.8365e+05
-5.2700e+00   -2.8656e-05   1.8391e+05
-5.2800e+00   -2.8672e-05   1.8415e+05
-5.2900e+00   -2.8687e-05   1.8440e+05
-5.3000e+00   -2.8701e-05   1.8466e+05
-5.3100e+00   -2.8717e-05   1.8491e+05
-5.3200e+00   -2.8732e-05   1.8516e+05
-5.3300e+00   -2.8747e-05   1.8541e+05
-5.3400e+00   -2.8762e-05   1.8566e+05
-5.3500e+00   -2.8777e-05   1.8591e+05
-5.3600e+00   -2.8793e-05   1.8616e+05
-5.3700e+00   -2.8808e-05   1.8641e+05
-5.3800e+00   -2.8822e-05   1.8666e+05
-5.3900e+00   -2.8838e-05   1.8691e+05
-5.4000e+00   -2.8854e-05   1.8715e+05
-5.4100e+00   -2.8868e-05   1.8740e+05
-5.4200e+00   -2.8883e-05   1.8765e+05
-5.4300e+00   -2.8899e-05   1.8790e+05
-5.4400e+00   -2.8913e-05   1.8815e+05
-5.4500e+00   -2.8928e-05   1.8840e+05
-5.4600e+00   -2.8943e-05   1.8864e+05
-5.4700e+00   -2.8958e-05   1.8890e+05
-5.4800e+00   -2.8972e-05   1.8915e+05
-5.4900e+00   -2.8988e-05   1.8939e+05
-5.5000e+00   -2.9002e-05   1.8965e+05
-5.5100e+00   -2.9017e-05   1.8989e+05
-5.5200e+00   -2.9032e-05   1.9014e+05
-5.5300e+00   -2.9047e-05   1.9038e+05
-5.5400e+00   -2.9061e-05   1.9063e+05
-5.5500e+00   -2.9075e-05   1.9089e+05
-5.5600e+00   -2.9089e-05   1.9114e+05
-5.5700e+00   -2.9104e-05   1.9138e+05
-5.5800e+00   -2.9118e-05   1.9163e+05
-5.5900e+00   -2.9132e-05   1.9189e+05
-5.6000e+00   -2.9147e-05   1.9213e+05
-5.6100e+00   -2.9161e-05   1.9238e+05
-5.6200e+00   -2.9175e-05   1.9263e+05
-5.6300e+00   -2.9191e-05   1.9287e+05
-5.6400e+00   -2.9204e-05   1.9312e+05
-5.6500e+00   -2.9219e-05   1.9337e+05
-5.6600e+00   -2.9233e-05   1.9362e+05
-5.6700e+00   -2.9248e-05   1.9386e+05
-5.6800e+00   -2.9264e-05   1.9410e+05
-5.6900e+00   -2.9278e-05   1.9435e+05
-5.7000e+00   -2.9293e-05   1.9459e+05
-5.7100e+00   -2.9308e-05   1.9483e+05
-5.7200e+00   -2.9324e-05   1.9506e+05
-5.7300e+00   -2.9338e-05   1.9531e+05
-5.7400e+00   -2.9354e-05   1.9555e+05
-5.7500e+00   -2.9370e-05   1.9578e+05
-5.7600e+00   -2.9387e-05   1.9601e+05
-5.7700e+00   -2.9401e-05   1.9625e+05
-5.7800e+00   -2.9417e-05   1.9649e+05
-5.7900e+00   -2.9432e-05   1.9673e+05
-5.8000e+00   -2.9447e-05   1.9696e+05
-5.8100e+00   -2.9464e-05   1.9719e+05
-5.8200e+00   -2.9479e-05   1.9743e+05
-5.8300e+00   -2.9495e-05   1.9766e+05
-5.8400e+00   -2.9509e-05   1.9791e+05
-5.8500e+00   -2.9524e-05   1.9815e+05
-5.8600e+00   -2.9540e-05   1.9838e+05
-5.8700e+00   -2.9555e-05   1.9861e+05
-5.8800e+00   -2.9570e-05   1.9885e+05
-5.8900e+00   -2.9584e-05   1.9909e+05
-5.9000e+00   -2.9600e-05   1.9932e+05
-5.9100e+00   -2.9615e-05   1.9956e+05
-5.9200e+00   -2.9631e-05   1.9979e+05
-5.9300e+00   -2.9645e-05   2.0003e+05
-5.9400e+00   -2.9661e-05   2.0026e+05
-5.9500e+00   -2.9676e-05   2.0050e+05
-5.9600e+00   -2.9691e-05   2.0073e+05
-5.9700e+00   -2.9707e-05   2.0096e+05
-5.9800e+00   -2.9722e-05   2.0120e+05
-5.9900e+00   -2.9737e-05   2.0143e+05
-6.0000e+00   -2.9753e-05   2.0166e+05
-6.0100e+00   -2.9767e-05   2.0190e+05
-6.0200e+00   -2.9781e-05   2.0214e+05
-6.0300e+00   -2.9797e-05   2.0237e+05
-6.0400e+00   -2.9812e-05   2.0260e+05
-6.0500e+00   -2.9828e-05   2.0283e+05
-6.0600e+00   -2.9842e-05   2.0307e+05
-6.0700e+00   -2.9856e-05   2.0331e+05
-6.0800e+00   -2.9871e-05   2.0354e+05
-6.0900e+00   -2.9887e-05   2.0377e+05
-6.1000e+00   -2.9902e-05   2.0400e+05
-6.1100e+00   -2.9915e-05   2.0424e+05
-6.1200e+00   -2.9930e-05   2.0448e+05
-6.1300e+00   -2.9945e-05   2.0471e+05
-6.1400e+00   -2.9960e-05   2.0494e+05
-6.1500e+00   -2.9975e-05   2.0517e+05
-6.1600e+00   -2.9989e-05   2.0541e+05
-6.1700e+00   -3.0004e-05   2.0564e+05
-6.1800e+00   -3.0020e-05   2.0586e+05
-6.1900e+00   -3.0034e-05   2.0610e+05
-6.2000e+00   -3.0050e-05   2.0633e+05
-6.2100e+00   -3.0066e-05   2.0655e+05
-6.2200e+00   -3.0080e-05   2.0678e+05
-6.2300e+00   -3.0094e-05   2.0702e+05
-6.2400e+00   -3.0109e-05   2.0724e+05
-6.2500e+00   -3.0123e-05   2.0748e+05
-6.2600e+00   -3.0137e-05   2.0772e+05
-6.2700e+00   -3.0153e-05   2.0794e+05
-6.2800e+00   -3.0168e-05   2.0817e+05
-6.2900e+00   -3.0182e-05   2.0840e+05
-6.3000e+00   -3.0197e-05   2.0863e+05
-6.3100e+00   -3.0212e-05   2.0886e+05
-6.3200e+00   -3.0227e-05   2.0908e+05
-6.3300e+00   -3.0241e-05   2.0932e+05
-6.3400e+00   -3.0257e-05   2.0954e+05
-6.3500e+00   -3.0272e-05   2.0977e+05
-6.3600e+00   -3.0287e-05   2.0999e+05
-6.3700e+00   -3.0302e-05   2.1022e+05
-6.3800e+00   -3.0316e-05   2.1045e+05
-6.3900e+00   -3.0331e-05   2.1068e+05
-6.4000e+00   -3.0346e-05   2.1090e+05
-6.4100e+00   -3.0361e-05   2.1113e+05
-6.4200e+00   -3.0376e-05   2.1135e+05
-6.4300e+00   -3.0392e-05   2.1157e+05
-6.4400e+00   -3.0407e-05   2.1179e+05
-6.4500e+00   -3.0423e-05   2.1201e+05
-6.4600e+00   -3.0439e-05   2.1223e+05
-6.4700e+00   -3.0454e-05   2.1245e+05
-6.4800e+00   -3.0470e-05   2.1267e+05
-6.4900e+00   -3.0485e-05   2.1289e+05
-6.5000e+00   -3.0500e-05   2.1312e+05
-6.5100e+00   -3.0515e-05   2.1334e+05
-6.5200e+00   -3.0530e-05   2.1356e+05
-6.5300e+00   -3.0547e-05   2.1377e+05
-6.5400e+00   -3.0562e-05   2.1399e+05
-6.5500e+00   -3.0578e-05   2.1421e+05
-6.5600e+00   -3.0593e-05   2.1443e+05
-6.5700e+00   -3.0610e-05   2.1464e+05
-6.5800e+00   -3.0625e-05   2.1486e+05
-6.5900e+00   -3.0642e-05   2.1506e+05
-6.6000e+00   -3.0657e-05   2.1529e+05
-6.6100e+00   -3.0672e-05   2.1551e+05
-6.6200e+00   -3.0688e-05   2.1572e+05
-6.6300e+00   -3.0704e-05   2.1594e+05
-6.6400e+00   -3.0719e-05   2.1615e+05
-6.6500e+00   -3.0734e-05   2.1637e+05
-6.6600e+00   -3.0750e-05   2.1659e+05
-6.6700e+00   -3.0764e-05   2.1681e+05
-6.6800e+00   -3.0781e-05   2.1702e+05
-6.6900e+00   -3.0796e-05   2.1724e+05
-6.7000e+00   -3.0811e-05   2.1746e+05
-6.7100e+00   -3.0826e-05   2.1767e+05
-6.7200e+00   -3.0842e-05   2.1788e+05
-6.7300e+00   -3.0859e-05   2.1809e+05
-6.7400e+00   -3.0873e-05   2.1832e+05
-6.7500e+00   -3.0889e-05   2.1852e+05
-6.7600e+00   -3.0904e-05   2.1874e+05
-6.7700e+00   -3.0920e-05   2.1895e+05
-6.7800e+00   -3.0935e-05   2.1917e+05
-6.7900e+00   -3.0952e-05   2.1937e+05
-6.8000e+00   -3.0967e-05   2.1959e+05
-6.8100e+00   -3.0982e-05   2.1981e+05
-6.8200e+00   -3.0998e-05   2.2002e+05
-6.8300e+00   -3.1014e-05   2.2022e+05
-6.8400e+00   -3.1028e-05   2.2045e+05
-6.8500e+00   -3.1043e-05   2.2066e+05
-6.8600e+00   -3.1058e-05   2.2088e+05
-6.8700e+00   -3.1073e-05   2.2109e+05
-6.8800e+00   -3.1088e-05   2.2130e+05
-6.8900e+00   -3.1103e-05   2.2152e+05
-6.9000e+00   -3.1119e-05   2.2173e+05
-6.9100e+00   -3.1134e-05   2.2195e+05
-6.9200e+00   -3.1148e-05   2.2216e+05
-6.9300e+00   -3.1164e-05   2.2237e+05
-6.9400e+00   -3.1179e-05   2.2259e+05
-6.9500e+00   -3.1193e-05   2.2281e+05
-6.9600e+00   -3.1209e-05   2.2302e+05
-6.9700e+00   -3.1224e-05   2.2323e+05
-6.9800e+00   -3.1239e-05   2.2344e+05
-6.9900e+00   -3.1253e-05   2.2366e+05
-7.0000e+00   -3.1267e-05   2.2388e+05
-7.0100e+00   -3.1283e-05   2.2409e+05
-7.0200e+00   -3.1297e-05   2.2430e+05
-7.0300e+00   -3.1313e-05   2.2451e+05
-7.0400e+00   -3.1327e-05   2.2473e+05
-7.0500e+00   -3.1341e-05   2.2495e+05
-7.0600e+00   -3.1356e-05   2.2516e+05
-7.0700e+00   -3.1371e-05   2.2537e+05
-7.0800e+00   -3.1384e-05   2.2559e+05
-7.0900e+00   -3.1399e-05   2.2580e+05
-7.1000e+00   -3.1413e-05   2.2602e+05
-7.1100e+00   -3.1428e-05   2.2623e+05
-7.1200e+00   -3.1442e-05   2.2645e+05
-7.1300e+00   -3.1456e-05   2.2667e+05
-7.1400e+00   -3.1470e-05   2.2688e+05
-7.1500e+00   -3.1485e-05   2.2709e+05
-7.1600e+00   -3.1499e-05   2.2731e+05
-7.1700e+00   -3.1514e-05   2.2752e+05
-7.1800e+00   -3.1529e-05   2.2773e+05
-7.1900e+00   -3.1544e-05   2.2794e+05
-7.2000e+00   -3.1558e-05   2.2815e+05
-7.2100e+00   -3.1571e-05   2.2838e+05
-7.2200e+00   -3.1587e-05   2.2858e+05
-7.2300e+00   -3.1601e-05   2.2879e+05
-7.2400e+00   -3.1615e-05   2.2901e+05
-7.2500e+00   -3.1629e-05   2.2922e+05
-7.2600e+00   -3.1644e-05   2.2943e+05
-7.2700e+00   -3.1659e-05   2.2964e+05
-7.2800e+00   -3.1672e-05   2.2986e+05
-7.2900e+00   -3.1688e-05   2.3006e+05
-7.3000e+00   -3.1702e-05   2.3027e+05
-7.3100e+00   -3.1717e-05   2.3047e+05
-7.3200e+00   -3.1731e-05   2.3069e+05
-7.3300e+00   -3.1747e-05   2.3089e+05
-7.3400e+00   -3.1761e-05   2.3110e+05
-7.3500e+00   -3.1775e-05   2.3131e+05
-7.3600e+00   -3.1790e-05   2.3152e+05
-7.3700e+00   -3.1804e-05   2.3173e+05
-7.3800e+00   -3.1818e-05   2.3194e+05
-7.3900e+00   -3.1834e-05   2.3214e+05
-7.4000e+00   -3.1848e-05   2.3235e+05
-7.4100e+00   -3.1863e-05   2.3256e+05
-7.4200e+00   -3.1877e-05   2.3277e+05
-7.4300e+00   -3.1894e-05   2.3296e+05
-7.4400e+00   -3.1907e-05   2.3318e+05
-7.4500e+00   -3.1922e-05   2.3338e+05
-7.4600e+00   -3.1936e-05   2.3359e+05
-7.4700e+00   -3.1951e-05   2.3380e+05
-7.4800e+00   -3.1965e-05   2.3401e+05
-7.4900e+00   -3.1980e-05   2.3421e+05
-7.5000e+00   -3.1994e-05   2.3442e+05
-7.5100e+00   -3.2009e-05   2.3462e+05
-7.5200e+00   -3.2023e-05   2.3483e+05
-7.5300e+00   -3.2038e-05   2.3504e+05
-7.5400e+00   -3.2052e-05   2.3524e+05
-7.5500e+00   -3.2066e-05   2.3545e+05
-7.5600e+00   -3.2081e-05   2.3566e+05
-7.5700e+00   -3.2096e-05   2.3586e+05
-7.5800e+00   -3.2110e-05   2.3606e+05
-7.5900e+00   -3.2125e-05   2.3627e+05
-7.6000e+00   -3.2139e-05   2.3647e+05
-7.6100e+00   -3.2155e-05   2.3667e+05
-7.6200e+00   -3.2169e-05   2.3687e+05
-7.6300e+00   -3.2183e-05   2.3708e+05
-7.6400e+00   -3.2197e-05   2.3729e+05
-7.6500e+00   -3.2210e-05   2.3750e+05
-7.6600e+00   -3.2225e-05   2.3771e+05
-7.6700e+00   -3.2240e-05   2.3791e+05
-7.6800e+00   -3.2255e-05   2.3810e+05
-7.6900e+00   -3.2269e-05   2.3831e+05
-7.7000e+00   -3.2283e-05   2.3851e+05
-7.7100e+00   -3.2298e-05   2.3872e+05
-7.7200e+00   -3.2312e-05   2.3892e+05
-7.7300e+00   -3.2327e-05   2.3912e+05
-7.7400e+00   -3.2342e-05   2.3932e+05
-7.7500e+00   -3.2356e-05   2.3953e+05
-7.7600e+00   -3.2370e-05   2.3973e+05
-7.7700e+00   -3.2384e-05   2.3993e+05
-7.7800e+00   -3.2399e-05   2.4013e+05
-7.7900e+00   -3.2414e-05   2.4033e+05
-7.8000e+00   -3.2427e-05   2.4054e+05
-7.8100e+00   -3.2442e-05   2.4074e+05
-7.8200e+00   -3.2456e-05   2.4094e+05
-7.8300e+00   -3.2471e-05   2.4114e+05
-7.8400e+00   -3.2485e-05   2.4134e+05
-7.8500e+00   -3.2499e-05   2.4154e+05
-7.8600e+00   -3.2514e-05   2.4174e+05
-7.8700e+00   -3.2528e-05   2.4194e+05
-7.8800e+00   -3.2543e-05   2.4214e+05
-7.8900e+00   -3.2556e-05   2.4235e+05
-7.9000e+00   -3.2571e-05   2.4255e+05
-7.9100e+00   -3.2585e-05   2.4275e+05
-7.9200e+00   -3.2599e-05   2.4296e+05
-7.9300e+00   -3.2614e-05   2.4315e+05
-7.9400e+00   -3.2627e-05   2.4335e+05
-7.9500e+00   -3.2641e-05   2.4356e+05
-7.9600e+00   -3.2655e-05   2.4376e+05
-7.9700e+00   -3.2669e-05   2.4396e+05
-7.9800e+00   -3.2683e-05   2.4416e+05
-7.9900e+00   -3.2696e-05   2.4437e+05
-8.0000e+00   -3.2710e-05   2.4457e+05
-8.0100e+00   -3.2726e-05   2.4476e+05
-8.0200e+00   -3.2739e-05   2.4497e+05
-8.0300e+00   -3.2753e-05   2.4517e+05
-8.0400e+00   -3.2767e-05   2.4537e+05
-8.0500e+00   -3.2781e-05   2.4557e+05
-8.0600e+00   -3.2794e-05   2.4578e+05
-8.0700e+00   -3.2807e-05   2.4599e+05
-8.0800e+00   -3.2821e-05   2.4619e+05
-8.0900e+00   -3.2834e-05   2.4639e+05
-8.1000e+00   -3.2848e-05   2.4659e+05
-8.1100e+00   -3.2861e-05   2.4679e+05
-8.1200e+00   -3.2875e-05   2.4700e+05
-8.1300e+00   -3.2889e-05   2.4720e+05
-8.1400e+00   -3.2902e-05   2.4740e+05
-8.1500e+00   -3.2916e-05   2.4760e+05
-8.1600e+00   -3.2929e-05   2.4780e+05
-8.1700e+00   -3.2943e-05   2.4801e+05
-8.1800e+00   -3.2957e-05   2.4820e+05
-8.1900e+00   -3.2972e-05   2.4840e+05
-8.2000e+00   -3.2985e-05   2.4860e+05
-8.2100e+00   -3.2999e-05   2.4880e+05
-8.2200e+00   -3.3013e-05   2.4900e+05
-8.2300e+00   -3.3026e-05   2.4919e+05
-8.2400e+00   -3.3041e-05   2.4939e+05
-8.2500e+00   -3.3054e-05   2.4959e+05
-8.2600e+00   -3.3068e-05   2.4979e+05
-8.2700e+00   -3.3082e-05   2.4999e+05
-8.2800e+00   -3.3095e-05   2.5019e+05
-8.2900e+00   -3.3110e-05   2.5038e+05
-8.3000e+00   -3.3124e-05   2.5058e+05
-8.3100e+00   -3.3138e-05   2.5077e+05
-8.3200e+00   -3.3152e-05   2.5097e+05
-8.3300e+00   -3.3165e-05   2.5117e+05
-8.3400e+00   -3.3179e-05   2.5137e+05
-8.3500e+00   -3.3193e-05   2.5156e+05
-8.3600e+00   -3.3207e-05   2.5176e+05
-8.3700e+00   -3.3220e-05   2.5196e+05
-8.3800e+00   -3.3235e-05   2.5214e+05
-8.3900e+00   -3.3247e-05   2.5235e+05
-8.4000e+00   -3.3261e-05   2.5255e+05
-8.4100e+00   -3.3275e-05   2.5274e+05
-8.4200e+00   -3.3289e-05   2.5294e+05
-8.4300e+00   -3.3303e-05   2.5313e+05
-8.4400e+00   -3.3318e-05   2.5332e+05
-8.4500e+00   -3.3331e-05   2.5352e+05
-8.4600e+00   -3.3345e-05   2.5371e+05
-8.4700e+00   -3.3358e-05   2.5391e+05
-8.4800e+00   -3.3372e-05   2.5410e+05
-8.4900e+00   -3.3387e-05   2.5429e+05
-8.5000e+00   -3.3400e-05   2.5449e+05
-8.5100e+00   -3.3413e-05   2.5469e+05
-8.5200e+00   -3.3427e-05   2.5488e+05
-8.5300e+00   -3.3441e-05   2.5508e+05
-8.5400e+00   -3.3455e-05   2.5527e+05
-8.5500e+00   -3.3469e-05   2.5546e+05
-8.5600e+00   -3.3483e-05   2.5565e+05
-8.5700e+00   -3.3497e-05   2.5584e+05
-8.5800e+00   -3.3511e-05   2.5603e+05
-8.5900e+00   -3.3525e-05   2.5623e+05
-8.6000e+00   -3.3540e-05   2.5641e+05
-8.6100e+00   -3.3553e-05   2.5661e+05
-8.6200e+00   -3.3567e-05   2.5680e+05
-8.6300e+00   -3.3581e-05   2.5699e+05
-8.6400e+00   -3.3595e-05   2.5718e+05
-8.6500e+00   -3.3607e-05   2.5738e+05
-8.6600e+00   -3.3622e-05   2.5757e+05
-8.6700e+00   -3.3636e-05   2.5776e+05
-8.6800e+00   -3.3649e-05   2.5796e+05
-8.6900e+00   -3.3662e-05   2.5815e+05
-8.7000e+00   -3.3677e-05   2.5834e+05
-8.7100e+00   -3.3691e-05   2.5852e+05
-8.7200e+00   -3.3705e-05   2.5872e+05
-8.7300e+00   -3.3719e-05   2.5891e+05
-8.7400e+00   -3.3733e-05   2.5909e+05
-8.7500e+00   -3.3747e-05   2.5928e+05
-8.7600e+00   -3.3761e-05   2.5947e+05
-8.7700e+00   -3.3774e-05   2.5967e+05
-8.7800e+00   -3.3789e-05   2.5985e+05
-8.7900e+00   -3.3802e-05   2.6005e+05
-8.8000e+00   -3.3816e-05   2.6024e+05
-8.8100e+00   -3.3828e-05   2.6043e+05
-8.8200e+00   -3.3841e-05   2.6063e+05
-8.8300e+00   -3.3855e-05   2.6082e+05
-8.8400e+00   -3.3868e-05   2.6101e+05
-8.8500e+00   -3.3881e-05   2.6121e+05
-8.8600e+00   -3.3894e-05   2.6140e+05
-8.8700e+00   -3.3908e-05   2.6159e+05
-8.8800e+00   -3.3921e-05   2.6178e+05
-8.8900e+00   -3.3934e-05   2.6198e+05
-8.9000e+00   -3.3946e-05   2.6218e+05
-8.9100e+00   -3.3961e-05   2.6236e+05
-8.9200e+00   -3.3974e-05   2.6255e+05
-8.9300e+00   -3.3989e-05   2.6274e+05
-8.9400e+00   -3.4002e-05   2.6293e+05
-8.9500e+00   -3.4015e-05   2.6312e+05
-8.9600e+00   -3.4030e-05   2.6330e+05
-8.9700e+00   -3.4044e-05   2.6349e+05
-8.9800e+00   -3.4057e-05   2.6367e+05
-8.9900e+00   -3.4072e-05   2.6385e+05
-9.0000e+00   -3.4083e-05   2.6406e+05
-9.0100e+00   -3.4097e-05   2.6425e+05
-9.0200e+00   -3.4109e-05   2.6444e+05
-9.0300e+00   -3.4125e-05   2.6462e+05
-9.0400e+00   -3.4139e-05   2.6480e+05
-9.0500e+00   -3.4151e-05   2.6500e+05
-9.0600e+00   -3.4166e-05   2.6518e+05
-9.0700e+00   -3.4179e-05   2.6537e+05
-9.0800e+00   -3.4192e-05   2.6556e+05
-9.0900e+00   -3.4206e-05   2.6574e+05
-9.1000e+00   -3.4221e-05   2.6592e+05
-9.1100e+00   -3.4234e-05   2.6611e+05
-9.1200e+00   -3.4247e-05   2.6630e+05
-9.1300e+00   -3.4261e-05   2.6649e+05
-9.1400e+00   -3.4274e-05   2.6667e+05
-9.1500e+00   -3.4288e-05   2.6686e+05
-9.1600e+00   -3.4301e-05   2.6705e+05
-9.1700e+00   -3.4314e-05   2.6723e+05
-9.1800e+00   -3.4328e-05   2.6742e+05
-9.1900e+00   -3.4342e-05   2.6760e+05
-9.2000e+00   -3.4355e-05   2.6779e+05
-9.2100e+00   -3.4368e-05   2.6798e+05
-9.2200e+00   -3.4382e-05   2.6816e+05
-9.2300e+00   -3.4394e-05   2.6836e+05
-9.2400e+00   -3.4408e-05   2.6854e+05
-9.2500e+00   -3.4421e-05   2.6873e+05
-9.2600e+00   -3.4434e-05   2.6892e+05
-9.2700e+00   -3.4447e-05   2.6911e+05
-9.2800e+00   -3.4460e-05   2.6930e+05
-9.2900e+00   -3.4473e-05   2.6949e+05
-9.3000e+00   -3.4486e-05   2.6968e+05
-9.3100e+00   -3.4498e-05   2.6987e+05
-9.3200e+00   -3.4510e-05   2.7007e+05
-9.3300e+00   -3.4523e-05   2.7025e+05
-9.3400e+00   -3.4536e-05   2.7044e+05
-9.3500e+00   -3.4549e-05   2.7063e+05
-9.3600e+00   -3.4562e-05   2.7082e+05
-9.3700e+00   -3.4575e-05   2.7100e+05
-9.3800e+00   -3.4588e-05   2.7119e+05
-9.3900e+00   -3.4602e-05   2.7138e+05
-9.4000e+00   -3.4616e-05   2.7155e+05
-9.4100e+00   -3.4630e-05   2.7173e+05
-9.4200e+00   -3.4645e-05   2.7190e+05
-9.4300e+00   -3.4659e-05   2.7208e+05
-9.4400e+00   -3.4674e-05   2.7225e+05
-9.4500e+00   -3.4688e-05   2.7243e+05
-9.4600e+00   -3.4703e-05   2.7260e+05
-9.4700e+00   -3.4718e-05   2.7277e+05
-9.4800e+00   -3.4732e-05   2.7295e+05
-9.4900e+00   -3.4746e-05   2.7313e+05
-9.5000e+00   -3.4760e-05   2.7330e+05
-9.5100e+00   -3.4773e-05   2.7349e+05
-9.5200e+00   -3.4787e-05   2.7366e+05
-9.5300e+00   -3.4803e-05   2.7383e+05
-9.5400e+00   -3.4815e-05   2.7402e+05
-9.5500e+00   -3.4830e-05   2.7419e+05
-9.5600e+00   -3.4843e-05   2.7438e+05
-9.5700e+00   -3.4857e-05   2.7455e+05
-9.5800e+00   -3.4870e-05   2.7473e+05
-9.5900e+00   -3.4884e-05   2.7491e+05
-9.6000e+00   -3.4898e-05   2.7509e+05
-9.6100e+00   -3.4911e-05   2.7527e+05
-9.6200e+00   -3.4925e-05   2.7545e+05
-9.6300e+00   -3.4939e-05   2.7562e+05
-9.6400e+00   -3.4952e-05   2.7580e+05
-9.6500e+00   -3.4966e-05   2.7598e+05
-9.6600e+00   -3.4979e-05   2.7617e+05
-9.6700e+00   -3.4992e-05   2.7635e+05
-9.6800e+00   -3.5005e-05   2.7653e+05
-9.6900e+00   -3.5019e-05   2.7671e+05
-9.7000e+00   -3.5031e-05   2.7689e+05
-9.7100e+00   -3.5045e-05   2.7707e+05
-9.7200e+00   -3.5058e-05   2.7726e+05
-9.7300e+00   -3.5072e-05   2.7743e+05
-9.7400e+00   -3.5084e-05   2.7762e+05
-9.7500e+00   -3.5098e-05   2.7780e+05
-9.7600e+00   -3.5112e-05   2.7797e+05
-9.7700e+00   -3.5126e-05   2.7814e+05
-9.7800e+00   -3.5140e-05   2.7831e+05
-9.7900e+00   -3.5153e-05   2.7850e+05
-9.8000e+00   -3.5167e-05   2.7867e+05
-9.8100e+00   -3.5181e-05   2.7884e+05
-9.8200e+00   -3.5194e-05   2.7903e+05
-9.8300e+00   -3.5208e-05   2.7920e+05
-9.8400e+00   -3.5222e-05   2.7937e+05
-9.8500e+00   -3.5235e-05   2.7955e+05
-9.8600e+00   -3.5249e-05   2.7973e+05
-9.8700e+00   -3.5261e-05   2.7991e+05
-9.8800e+00   -3.5275e-05   2.8009e+05
-9.8900e+00   -3.5288e-05   2.8027e+05
-9.9000e+00   -3.5301e-05   2.8045e+05
-9.9100e+00   -3.5314e-05   2.8063e+05
-9.9200e+00   -3.5327e-05   2.8081e+05
-9.9300e+00   -3.5340e-05   2.8098e+05
-9.9400e+00   -3.5353e-05   2.8116e+05
-9.9500e+00   -3.5365e-05   2.8135e+05
-9.9600e+00   -3.5378e-05   2.8153e+05
-9.9700e+00   -3.5391e-05   2.8171e+05
-9.9800e+00   -3.5404e-05   2.8189e+05
-9.9900e+00   -3.5416e-05   2.8207e+05
-1.0000e+01   -3.5429e-05   2.8226e+05
-1.0000e+01   -3.5439e-05   2.8217e+05
-9.9900e+00   -3.5446e-05   2.8184e+05
-9.9800e+00   -3.5453e-05   2.8150e+05
-9.9700e+00   -3.5461e-05   2.8115e+05
-9.9600e+00   -3.5467e-05   2.8082e+05
-9.9500e+00   -3.5474e-05   2.8049e+05
-9.9400e+00   -3.5481e-05   2.8015e+05
-9.9300e+00   -3.5488e-05   2.7981e+05
-9.9200e+00   -3.5497e-05   2.7946e+05
-9.9100e+00   -3.5502e-05   2.7914e+05
-9.9000e+00   -3.5508e-05   2.7881e+05
-9.8900e+00   -3.5515e-05   2.7848e+05
-9.8800e+00   -3.5521e-05   2.7815e+05
-9.8700e+00   -3.5527e-05   2.7782e+05
-9.8600e+00   -3.5533e-05   2.7749e+05
-9.8500e+00   -3.5538e-05   2.7717e+05
-9.8400e+00   -3.5543e-05   2.7685e+05
-9.8300e+00   -3.5550e-05   2.7652e+05
-9.8200e+00   -3.5557e-05   2.7618e+05
-9.8100e+00   -3.5562e-05   2.7586e+05
-9.8000e+00   -3.5568e-05   2.7553e+05
-9.7900e+00   -3.5573e-05   2.7521e+05
-9.7800e+00   -3.5578e-05   2.7489e+05
-9.7700e+00   -3.5584e-05   2.7456e+05
-9.7600e+00   -3.5589e-05   2.7424e+05
-9.7500e+00   -3.5596e-05   2.7391e+05
-9.7400e+00   -3.5601e-05   2.7359e+05
-9.7300e+00   -3.5607e-05   2.7326e+05
-9.7200e+00   -3.5612e-05   2.7294e+05
-9.7100e+00   -3.5618e-05   2.7262e+05
-9.7000e+00   -3.5623e-05   2.7230e+05
-9.6900e+00   -3.5628e-05   2.7197e+05
-9.6800e+00   -3.5634e-05   2.7165e+05
-9.6700e+00   -3.5640e-05   2.7133e+05
-9.6600e+00   -3.5646e-05   2.7100e+05
-9.6500e+00   -3.5651e-05   2.7068e+05
-9.6400e+00   -3.5657e-05   2.7036e+05
-9.6300e+00   -3.5662e-05   2.7003e+05
-9.6200e+00   -3.5667e-05   2.6972e+05
-9.6100e+00   -3.5674e-05   2.6939e+05
-9.6000e+00   -3.5680e-05   2.6906e+05
-9.5900e+00   -3.5685e-05   2.6874e+05
-9.5800e+00   -3.5690e-05   2.6842e+05
-9.5700e+00   -3.5695e-05   2.6810e+05
-9.5600e+00   -3.5700e-05   2.6778e+05
-9.5500e+00   -3.5705e-05   2.6747e+05
-9.5400e+00   -3.5710e-05   2.6715e+05
-9.5300e+00   -3.5715e-05   2.6684e+05
-9.5200e+00   -3.5721e-05   2.6651e+05
-9.5100e+00   -3.5725e-05   2.6620e+05
-9.5000e+00   -3.5730e-05   2.6588e+05
-9.4900e+00   -3.5734e-05   2.6557e+05
-9.4800e+00   -3.5739e-05   2.6526e+05
-9.4700e+00   -3.5744e-05   2.6494e+05
-9.4600e+00   -3.5748e-05   2.6463e+05
-9.4500e+00   -3.5754e-05   2.6431e+05
-9.4400e+00   -3.5758e-05   2.6399e+05
-9.4300e+00   -3.5763e-05   2.6368e+05
-9.4200e+00   -3.5767e-05   2.6337e+05
-9.4100e+00   -3.5773e-05   2.6305e+05
-9.4000e+00   -3.5777e-05   2.6274e+05
-9.3900e+00   -3.5781e-05   2.6243e+05
-9.3800e+00   -3.5786e-05   2.6211e+05
-9.3700e+00   -3.5790e-05   2.6180e+05
-9.3600e+00   -3.5795e-05   2.6149e+05
-9.3500e+00   -3.5798e-05   2.6119e+05
-9.3400e+00   -3.5803e-05   2.6087e+05
-9.3300e+00   -3.5807e-05   2.6056e+05
-9.3200e+00   -3.5812e-05   2.6025e+05
-9.3100e+00   -3.5816e-05   2.5994e+05
-9.3000e+00   -3.5821e-05   2.5962e+05
-9.2900e+00   -3.5826e-05   2.5931e+05
-9.2800e+00   -3.5829e-05   2.5901e+05
-9.2700e+00   -3.5834e-05   2.5870e+05
-9.2600e+00   -3.5838e-05   2.5838e+05
-9.2500e+00   -3.5843e-05   2.5807e+05
-9.2400e+00   -3.5847e-05   2.5776e+05
-9.2300e+00   -3.5851e-05   2.5745e+05
-9.2200e+00   -3.5855e-05   2.5714e+05
-9.2100e+00   -3.5860e-05   2.5683e+05
-9.2000e+00   -3.5863e-05   2.5653e+05
-9.1900e+00   -3.5867e-05   2.5623e+05
-9.1800e+00   -3.5871e-05   2.5592e+05
-9.1700e+00   -3.5874e-05   2.5561e+05
-9.1600e+00   -3.5877e-05   2.5531e+05
-9.1500e+00   -3.5881e-05   2.5501e+05
-9.1400e+00   -3.5885e-05   2.5470e+05
-9.1300e+00   -3.5889e-05   2.5440e+05
-9.1200e+00   -3.5892e-05   2.5409e+05
-9.1100e+00   -3.5896e-05   2.5379e+05
-9.1000e+00   -3.5900e-05   2.5348e+05
-9.0900e+00   -3.5903e-05   2.5318e+05
-9.0800e+00   -3.5906e-05   2.5288e+05
-9.0700e+00   -3.5910e-05   2.5258e+05
-9.0600e+00   -3.5913e-05   2.5227e+05
-9.0500e+00   -3.5916e-05   2.5198e+05
-9.0400e+00   -3.5920e-05   2.5167e+05
-9.0300e+00   -3.5924e-05   2.5137e+05
-9.0200e+00   -3.5927e-05   2.5107e+05
-9.0100e+00   -3.5930e-05   2.5076e+05
-9.0000e+00   -3.5934e-05   2.5046e+05
-8.9900e+00   -3.5936e-05   2.5016e+05
-8.9800e+00   -3.5940e-05   2.4986e+05
-8.9700e+00   -3.5943e-05   2.4956e+05
-8.9600e+00   -3.5946e-05   2.4926e+05
-8.9500e+00   -3.5949e-05   2.4896e+05
-8.9400e+00   -3.5953e-05   2.4866e+05
-8.9300e+00   -3.5955e-05   2.4836e+05
-8.9200e+00   -3.5958e-05   2.4807e+05
-8.9100e+00   -3.5961e-05   2.4777e+05
-8.9000e+00   -3.5965e-05   2.4747e+05
-8.8900e+00   -3.5967e-05   2.4717e+05
-8.8800e+00   -3.5969e-05   2.4688e+05
-8.8700e+00   -3.5972e-05   2.4658e+05
-8.8600e+00   -3.5975e-05   2.4628e+05
-8.8500e+00   -3.5977e-05   2.4599e+05
-8.8400e+00   -3.5979e-05   2.4570e+05
-8.8300e+00   -3.5982e-05   2.4540e+05
-8.8200e+00   -3.5985e-05   2.4510e+05
-8.8100e+00   -3.5987e-05   2.4481e+05
-8.8000e+00   -3.5989e-05   2.4452e+05
-8.7900e+00   -3.5992e-05   2.4422e+05
-8.7800e+00   -3.5994e-05   2.4393e+05
-8.7700e+00   -3.5998e-05   2.4362e+05
-8.7600e+00   -3.6001e-05   2.4333e+05
-8.7500e+00   -3.6003e-05   2.4303e+05
-8.7400e+00   -3.6006e-05   2.4274e+05
-8.7300e+00   -3.6008e-05   2.4244e+05
-8.7200e+00   -3.6011e-05   2.4214e+05
-8.7100e+00   -3.6014e-05   2.4185e+05
-8.7000e+00   -3.6017e-05   2.4155e+05
-8.6900e+00   -3.6018e-05   2.4127e+05
-8.6800e+00   -3.6022e-05   2.4097e+05
-8.6700e+00   -3.6024e-05   2.4067e+05
-8.6600e+00   -3.6026e-05   2.4038e+05
-8.6500e+00   -3.6027e-05   2.4010e+05
-8.6400e+00   -3.6031e-05   2.3980e+05
-8.6300e+00   -3.6032e-05   2.3951e+05
-8.6200e+00   -3.6035e-05   2.3921e+05
-8.6100e+00   -3.6036e-05   2.3892e+05
-8.6000e+00   -3.6039e-05   2.3863e+05
-8.5900e+00   -3.6040e-05   2.3834e+05
-8.5800e+00   -3.6043e-05   2.3805e+05
-8.5700e+00   -3.6045e-05   2.3776e+05
-8.5600e+00   -3.6045e-05   2.3748e+05
-8.5500e+00   -3.6048e-05   2.3718e+05
-8.5400e+00   -3.6050e-05   2.3690e+05
-8.5300e+00   -3.6052e-05   2.3660e+05
-8.5200e+00   -3.6056e-05   2.3630e+05
-8.5100e+00   -3.6056e-05   2.3602e+05
-8.5000e+00   -3.6058e-05   2.3573e+05
-8.4900e+00   -3.6060e-05   2.3544e+05
-8.4800e+00   -3.6061e-05   2.3515e+05
-8.4700e+00   -3.6064e-05   2.3486e+05
-8.4600e+00   -3.6066e-05   2.3457e+05
-8.4500e+00   -3.6068e-05   2.3428e+05
-8.4400e+00   -3.6068e-05   2.3400e+05
-8.4300e+00   -3.6069e-05   2.3372e+05
-8.4200e+00   -3.6071e-05   2.3343e+05
-8.4100e+00   -3.6074e-05   2.3313e+05
-8.4000e+00   -3.6076e-05   2.3284e+05
-8.3900e+00   -3.6078e-05   2.3255e+05
-8.3800e+00   -3.6080e-05   2.3226e+05
-8.3700e+00   -3.6081e-05   2.3198e+05
-8.3600e+00   -3.6083e-05   2.3169e+05
-8.3500e+00   -3.6085e-05   2.3140e+05
-8.3400e+00   -3.6087e-05   2.3111e+05
-8.3300e+00   -3.6088e-05   2.3082e+05
-8.3200e+00   -3.6089e-05   2.3054e+05
-8.3100e+00   -3.6091e-05   2.3025e+05
-8.3000e+00   -3.6093e-05   2.2996e+05
-8.2900e+00   -3.6094e-05   2.2968e+05
-8.2800e+00   -3.6097e-05   2.2938e+05
-8.2700e+00   -3.6098e-05   2.2910e+05
-8.2600e+00   -3.6099e-05   2.2881e+05
-8.2500e+00   -3.6102e-05   2.2852e+05
-8.2400e+00   -3.6102e-05   2.2824e+05
-8.2300e+00   -3.6104e-05   2.2795e+05
-8.2200e+00   -3.6106e-05   2.2767e+05
-8.2100e+00   -3.6107e-05   2.2738e+05
-8.2000e+00   -3.6110e-05   2.2709e+05
-8.1900e+00   -3.6110e-05   2.2681e+05
-8.1800e+00   -3.6112e-05   2.2652e+05
-8.1700e+00   -3.6112e-05   2.2624e+05
-8.1600e+00   -3.6114e-05   2.2595e+05
-8.1500e+00   -3.6116e-05   2.2566e+05
-8.1400e+00   -3.6117e-05   2.2538e+05
-8.1300e+00   -3.6119e-05   2.2509e+05
-8.1200e+00   -3.6119e-05   2.2481e+05
-8.1100e+00   -3.6121e-05   2.2452e+05
-8.1000e+00   -3.6122e-05   2.2424e+05
-8.0900e+00   -3.6124e-05   2.2395e+05
-8.0800e+00   -3.6125e-05   2.2367e+05
-8.0700e+00   -3.6125e-05   2.2339e+05
-8.0600e+00   -3.6126e-05   2.2311e+05
-8.0500e+00   -3.6128e-05   2.2282e+05
-8.0400e+00   -3.6128e-05   2.2254e+05
-8.0300e+00   -3.6130e-05   2.2225e+05
-8.0200e+00   -3.6131e-05   2.2197e+05
-8.0100e+00   -3.6131e-05   2.2169e+05
-8.0000e+00   -3.6133e-05   2.2140e+05
-7.9900e+00   -3.6134e-05   2.2112e+05
-7.9800e+00   -3.6135e-05   2.2084e+05
-7.9700e+00   -3.6136e-05   2.2056e+05
-7.9600e+00   -3.6136e-05   2.2028e+05
-7.9500e+00   -3.6137e-05   2.2000e+05
-7.9400e+00   -3.6138e-05   2.1971e+05
-7.9300e+00   -3.6139e-05   2.1943e+05
-7.9200e+00   -3.6139e-05   2.1915e+05
-7.9100e+00   -3.6141e-05   2.1887e+05
-7.9000e+00   -3.6141e-05   2.1859e+05
-7.8900e+00   -3.6142e-05   2.1830e+05
-7.8800e+00   -3.6144e-05   2.1802e+05
-7.8700e+00   -3.6144e-05   2.1774e+05
-7.8600e+00   -3.6146e-05   2.1745e+05
-7.8500e+00   -3.6146e-05   2.1718e+05
-7.8400e+00   -3.6147e-05   2.1689e+05
-7.8300e+00   -3.6147e-05   2.1661e+05
-7.8200e+00   -3.6148e-05   2.1633e+05
-7.8100e+00   -3.6148e-05   2.1606e+05
-7.8000e+00   -3.6149e-05   2.1578e+05
-7.7900e+00   -3.6149e-05   2.1550e+05
-7.7800e+00   -3.6149e-05   2.1522e+05
-7.7700e+00   -3.6150e-05   2.1494e+05
-7.7600e+00   -3.6150e-05   2.1466e+05
-7.7500e+00   -3.6150e-05   2.1438e+05
-7.7400e+00   -3.6150e-05   2.1411e+05
-7.7300e+00   -3.6150e-05   2.1383e+05
-7.7200e+00   -3.6151e-05   2.1355e+05
-7.7100e+00   -3.6151e-05   2.1327e+05
-7.7000e+00   -3.6151e-05   2.1299e+05
-7.6900e+00   -3.6151e-05   2.1272e+05
-7.6800e+00   -3.6151e-05   2.1244e+05
-7.6700e+00   -3.6151e-05   2.1216e+05
-7.6600e+00   -3.6151e-05   2.1189e+05
-7.6500e+00   -3.6151e-05   2.1161e+05
-7.6400e+00   -3.6152e-05   2.1133e+05
-7.6300e+00   -3.6151e-05   2.1106e+05
-7.6200e+00   -3.6151e-05   2.1078e+05
-7.6100e+00   -3.6151e-05   2.1051e+05
-7.6000e+00   -3.6151e-05   2.1023e+05
-7.5900e+00   -3.6151e-05   2.0996e+05
-7.5800e+00   -3.6151e-05   2.0968e+05
-7.5700e+00   -3.6151e-05   2.0940e+05
-7.5600e+00   -3.6151e-05   2.0912e+05
-7.5500e+00   -3.6150e-05   2.0885e+05
-7.5400e+00   -3.6151e-05   2.0857e+05
-7.5300e+00   -3.6150e-05   2.0830e+05
-7.5200e+00   -3.6151e-05   2.0802e+05
-7.5100e+00   -3.6150e-05   2.0775e+05
-7.5000e+00   -3.6150e-05   2.0747e+05
-7.4900e+00   -3.6150e-05   2.0719e+05
-7.4800e+00   -3.6150e-05   2.0692e+05
-7.4700e+00   -3.6149e-05   2.0664e+05
-7.4600e+00   -3.6149e-05   2.0637e+05
-7.4500e+00   -3.6148e-05   2.0609e+05
-7.4400e+00   -3.6148e-05   2.0582e+05
-7.4300e+00   -3.6148e-05   2.0554e+05
-7.4200e+00   -3.6148e-05   2.0527e+05
-7.4100e+00   -3.6146e-05   2.0500e+05
-7.4000e+00   -3.6146e-05   2.0472e+05
-7.3900e+00   -3.6146e-05   2.0445e+05
-7.3800e+00   -3.6145e-05   2.0418e+05
-7.3700e+00   -3.6144e-05   2.0391e+05
-7.3600e+00   -3.6144e-05   2.0363e+05
-7.3500e+00   -3.6143e-05   2.0336e+05
-7.3400e+00   -3.6143e-05   2.0309e+05
-7.3300e+00   -3.6141e-05   2.0282e+05
-7.3200e+00   -3.6141e-05   2.0254e+05
-7.3100e+00   -3.6140e-05   2.0227e+05
-7.3000e+00   -3.6140e-05   2.0199e+05
-7.2900e+00   -3.6139e-05   2.0172e+05
-7.2800e+00   -3.6138e-05   2.0145e+05
-7.2700e+00   -3.6137e-05   2.0118e+05
-7.2600e+00   -3.6137e-05   2.0090e+05
-7.2500e+00   -3.6135e-05   2.0064e+05
-7.2400e+00   -3.6135e-05   2.0036e+05
-7.2300e+00   -3.6134e-05   2.0009e+05
-7.2200e+00   -3.6132e-05   1.9982e+05
-7.2100e+00   -3.6132e-05   1.9955e+05
-7.2000e+00   -3.6131e-05   1.9927e+05
-7.1900e+00   -3.6130e-05   1.9901e+05
-7.1800e+00   -3.6129e-05   1.9873e+05
-7.1700e+00   -3.6128e-05   1.9846e+05
-7.1600e+00   -3.6127e-05   1.9819e+05
-7.1500e+00   -3.6126e-05   1.9792e+05
-7.1400e+00   -3.6124e-05   1.9765e+05
-7.1300e+00   -3.6123e-05   1.9738e+05
-7.1200e+00   -3.6122e-05   1.9711e+05
-7.1100e+00   -3.6120e-05   1.9684e+05
-7.1000e+00   -3.6118e-05   1.9658e+05
-7.0900e+00   -3.6118e-05   1.9630e+05
-7.0800e+00   -3.6116e-05   1.9603e+05
-7.0700e+00   -3.6116e-05   1.9576e+05
-7.0600e+00   -3.6113e-05   1.9550e+05
-7.0500e+00   -3.6113e-05   1.9522e+05
-7.0400e+00   -3.6111e-05   1.9495e+05
-7.0300e+00   -3.6110e-05   1.9468e+05
-7.0200e+00   -3.6108e-05   1.9442e+05
-7.0100e+00   -3.6108e-05   1.9414e+05
-7.0000e+00   -3.6106e-05   1.9388e+05
-6.9900e+00   -3.6104e-05   1.9361e+05
-6.9800e+00   -3.6101e-05   1.9334e+05
-6.9700e+00   -3.6099e-05   1.9308e+05
-6.9600e+00   -3.6099e-05   1.9281e+05
-6.9500e+00   -3.6096e-05   1.9254e+05
-6.9400e+00   -3.6095e-05   1.9227e+05
-6.9300e+00   -3.6094e-05   1.9200e+05
-6.9200e+00   -3.6091e-05   1.9174e+05
-6.9100e+00   -3.6090e-05   1.9147e+05
-6.9000e+00   -3.6088e-05   1.9120e+05
-6.8900e+00   -3.6085e-05   1.9094e+05
-6.8800e+00   -3.6084e-05   1.9067e+05
-6.8700e+00   -3.6082e-05   1.9040e+05
-6.8600e+00   -3.6080e-05   1.9013e+05
-6.8500e+00   -3.6077e-05   1.8987e+05
-6.8400e+00   -3.6077e-05   1.8960e+05
-6.8300e+00   -3.6074e-05   1.8933e+05
-6.8200e+00   -3.6073e-05   1.8906e+05
-6.8100e+00   -3.6070e-05   1.8880e+05
-6.8000e+00   -3.6067e-05   1.8854e+05
-6.7900e+00   -3.6066e-05   1.8827e+05
-6.7800e+00   -3.6064e-05   1.8800e+05
-6.7700e+00   -3.6061e-05   1.8774e+05
-6.7600e+00   -3.6059e-05   1.8747e+05
-6.7500e+00   -3.6057e-05   1.8720e+05
-6.7400e+00   -3.6054e-05   1.8694e+05
-6.7300e+00   -3.6052e-05   1.8667e+05
-6.7200e+00   -3.6049e-05   1.8641e+05
-6.7100e+00   -3.6047e-05   1.8614e+05
-6.7000e+00   -3.6044e-05   1.8588e+05
-6.6900e+00   -3.6042e-05   1.8562e+05
-6.6800e+00   -3.6039e-05   1.8535e+05
-6.6700e+00   -3.6036e-05   1.8509e+05
-6.6600e+00   -3.6033e-05   1.8483e+05
-6.6500e+00   -3.6030e-05   1.8457e+05
-6.6400e+00   -3.6027e-05   1.8430e+05
-6.6300e+00   -3.6025e-05   1.8404e+05
-6.6200e+00   -3.6022e-05   1.8378e+05
-6.6100e+00   -3.6020e-05   1.8351e+05
-6.6000e+00   -3.6017e-05   1.8325e+05
-6.5900e+00   -3.6014e-05   1.8299e+05
-6.5800e+00   -3.6011e-05   1.8272e+05
-6.5700e+00   -3.6007e-05   1.8246e+05
-6.5600e+00   -3.6005e-05   1.8220e+05
-6.5500e+00   -3.6002e-05   1.8194e+05
-6.5400e+00   -3.6000e-05   1.8167e+05
-6.5300e+00   -3.5996e-05   1.8141e+05
-6.5200e+00   -3.5993e-05   1.8114e+05
-6.5100e+00   -3.5989e-05   1.8089e+05
-6.5000e+00   -3.5986e-05   1.8063e+05
-6.4900e+00   -3.5983e-05   1.8036e+05
-6.4800e+00   -3.5980e-05   1.8010e+05
-6.4700e+00   -3.5976e-05   1.7984e+05
-6.4600e+00   -3.5974e-05   1.7957e+05
-6.4500e+00   -3.5971e-05   1.7931e+05
-6.4400e+00   -3.5967e-05   1.7905e+05
-6.4300e+00   -3.5964e-05   1.7879e+05
-6.4200e+00   -3.5961e-05   1.7853e+05
-6.4100e+00   -3.5957e-05   1.7827e+05
-6.4000e+00   -3.5954e-05   1.7801e+05
-6.3900e+00   -3.5950e-05   1.7775e+05
-6.3800e+00   -3.5947e-05   1.7748e+05
-6.3700e+00   -3.5944e-05   1.7722e+05
-6.3600e+00   -3.5940e-05   1.7696e+05
-6.3500e+00   -3.5937e-05   1.7670e+05
-6.3400e+00   -3.5934e-05   1.7644e+05
-6.3300e+00   -3.5930e-05   1.7618e+05
-6.3200e+00   -3.5926e-05   1.7592e+05
-6.3100e+00   -3.5922e-05   1.7566e+05
-6.3000e+00   -3.5919e-05   1.7540e+05
-6.2900e+00   -3.5915e-05   1.7514e+05
-6.2800e+00   -3.5910e-05   1.7488e+05
-6.2700e+00   -3.5906e-05   1.7462e+05
-6.2600e+00   -3.5902e-05   1.7436e+05
-6.2500e+00   -3.5898e-05   1.7410e+05
-6.2400e+00   -3.5895e-05   1.7384e+05
-6.2300e+00   -3.5891e-05   1.7358e+05
-6.2200e+00   -3.5886e-05   1.7333e+05
-6.2100e+00   -3.5883e-05   1.7306e+05
-6.2000e+00   -3.5878e-05   1.7281e+05
-6.1900e+00   -3.5875e-05   1.7254e+05
-6.1800e+00   -3.5871e-05   1.7229e+05
-6.1700e+00   -3.5866e-05   1.7203e+05
-6.1600e+00   -3.5862e-05   1.7177e+05
-6.1500e+00   -3.5857e-05   1.7151e+05
-6.1400e+00   -3.5854e-05   1.7125e+05
-6.1300e+00   -3.5849e-05   1.7100e+05
-6.1200e+00   -3.5845e-05   1.7073e+05
-6.1100e+00   -3.5841e-05   1.7048e+05
-6.1000e+00   -3.5836e-05   1.7022e+05
-6.0900e+00   -3.5832e-05   1.6996e+05
-6.0800e+00   -3.5828e-05   1.6970e+05
-6.0700e+00   -3.5822e-05   1.6945e+05
-6.0600e+00   -3.5818e-05   1.6919e+05
-6.0500e+00   -3.5813e-05   1.6893e+05
-6.0400e+00   -3.5808e-05   1.6868e+05
-6.0300e+00   -3.5804e-05   1.6842e+05
-6.0200e+00   -3.5800e-05   1.6816e+05
-6.0100e+00   -3.5795e-05   1.6790e+05
-6.0000e+00   -3.5790e-05   1.6764e+05
-5.9900e+00   -3.5786e-05   1.6739e+05
-5.9800e+00   -3.5779e-05   1.6714e+05
-5.9700e+00   -3.5775e-05   1.6688e+05
-5.9600e+00   -3.5770e-05   1.6662e+05
-5.9500e+00   -3.5765e-05   1.6636e+05
-5.9400e+00   -3.5760e-05   1.6611e+05
-5.9300e+00   -3.5755e-05   1.6585e+05
-5.9200e+00   -3.5751e-05   1.6559e+05
-5.9100e+00   -3.5746e-05   1.6533e+05
-5.9000e+00   -3.5740e-05   1.6508e+05
-5.8900e+00   -3.5733e-05   1.6483e+05
-5.8800e+00   -3.5728e-05   1.6458e+05
-5.8700e+00   -3.5723e-05   1.6432e+05
-5.8600e+00   -3.5718e-05   1.6406e+05
-5.8500e+00   -3.5714e-05   1.6380e+05
-5.8400e+00   -3.5708e-05   1.6355e+05
-5.8300e+00   -3.5703e-05   1.6329e+05
-5.8200e+00   -3.5697e-05   1.6304e+05
-5.8100e+00   -3.5691e-05   1.6279e+05
-5.8000e+00   -3.5686e-05   1.6253e+05
-5.7900e+00   -3.5681e-05   1.6227e+05
-5.7800e+00   -3.5675e-05   1.6202e+05
-5.7700e+00   -3.5669e-05   1.6176e+05
-5.7600e+00   -3.5663e-05   1.6151e+05
-5.7500e+00   -3.5657e-05   1.6126e+05
-5.7400e+00   -3.5652e-05   1.6100e+05
-5.7300e+00   -3.5646e-05   1.6075e+05
-5.7200e+00   -3.5640e-05   1.6050e+05
-5.7100e+00   -3.5633e-05   1.6024e+05
-5.7000e+00   -3.5627e-05   1.5999e+05
-5.6900e+00   -3.5622e-05   1.5973e+05
-5.6800e+00   -3.5615e-05   1.5948e+05
-5.6700e+00   -3.5609e-05   1.5923e+05
-5.6600e+00   -3.5603e-05   1.5897e+05
-5.6500e+00   -3.5597e-05   1.5872e+05
-5.6400e+00   -3.5591e-05   1.5847e+05
-5.6300e+00   -3.5586e-05   1.5821e+05
-5.6200e+00   -3.5579e-05   1.5796e+05
-5.6100e+00   -3.5572e-05   1.5771e+05
-5.6000e+00   -3.5566e-05   1.5745e+05
-5.5900e+00   -3.5561e-05   1.5720e+05
-5.5800e+00   -3.5554e-05   1.5695e+05
-5.5700e+00   -3.5547e-05   1.5669e+05
-5.5600e+00   -3.5541e-05   1.5644e+05
-5.5500e+00   -3.5535e-05   1.5619e+05
-5.5400e+00   -3.5529e-05   1.5593e+05
-5.5300e+00   -3.5523e-05   1.5567e+05
-5.5200e+00   -3.5516e-05   1.5543e+05
-5.5100e+00   -3.5510e-05   1.5517e+05
-5.5000e+00   -3.5502e-05   1.5492e+05
-5.4900e+00   -3.5495e-05   1.5467e+05
-5.4800e+00   -3.5489e-05   1.5442e+05
-5.4700e+00   -3.5481e-05   1.5417e+05
-5.4600e+00   -3.5475e-05   1.5391e+05
-5.4500e+00   -3.5468e-05   1.5366e+05
-5.4400e+00   -3.5462e-05   1.5340e+05
-5.4300e+00   -3.5455e-05   1.5315e+05
-5.4200e+00   -3.5449e-05   1.5290e+05
-5.4100e+00   -3.5441e-05   1.5265e+05
-5.4000e+00   -3.5435e-05   1.5239e+05
-5.3900e+00   -3.5427e-05   1.5214e+05
-5.3800e+00   -3.5421e-05   1.5189e+05
-5.3700e+00   -3.5414e-05   1.5163e+05
-5.3600e+00   -3.5407e-05   1.5138e+05
-5.3500e+00   -3.5399e-05   1.5113e+05
-5.3400e+00   -3.5393e-05   1.5088e+05
-5.3300e+00   -3.5385e-05   1.5063e+05
-5.3200e+00   -3.5379e-05   1.5037e+05
-5.3100e+00   -3.5371e-05   1.5012e+05
-5.3000e+00   -3.5364e-05   1.4987e+05
-5.2900e+00   -3.5356e-05   1.4962e+05
-5.2800e+00   -3.5349e-05   1.4937e+05
-5.2700e+00   -3.5341e-05   1.4912e+05
-5.2600e+00   -3.5334e-05   1.4887e+05
-5.2500e+00   -3.5327e-05   1.4861e+05
-5.2400e+00   -3.5320e-05   1.4836e+05
-5.2300e+00   -3.5313e-05   1.4811e+05
-5.2200e+00   -3.5305e-05   1.4786e+05
-5.2100e+00   -3.5296e-05   1.4761e+05
-5.2000e+00   -3.5289e-05   1.4736e+05
-5.1900e+00   -3.5281e-05   1.4711e+05
-5.1800e+00   -3.5273e-05   1.4685e+05
-5.1700e+00   -3.5266e-05   1.4660e+05
-5.1600e+00   -3.5256e-05   1.4636e+05
-5.1500e+00   -3.5250e-05   1.4610e+05
-5.1400e+00   -3.5242e-05   1.4585e+05
-5.1300e+00   -3.5233e-05   1.4560e+05
-5.1200e+00   -3.5225e-05   1.4535e+05
-5.1100e+00   -3.5217e-05   1.4510e+05
-5.1000e+00   -3.5209e-05   1.4485e+05
-5.0900e+00   -3.5201e-05   1.4460e+05
-5.0800e+00   -3.5192e-05   1.4435e+05
-5.0700e+00   -3.5184e-05   1.4410e+05
-5.0600e+00   -3.5176e-05   1.4385e+05
-5.0500e+00   -3.5168e-05   1.4360e+05
-5.0400e+00   -3.5159e-05   1.4335e+05
-5.0300e+00   -3.5151e-05   1.4310e+05
-5.0200e+00   -3.5143e-05   1.4285e+05
-5.0100e+00   -3.5133e-05   1.4260e+05
-5.0000e+00   -3.5125e-05   1.4235e+05
-4.9900e+00   -3.5116e-05   1.4210e+05
-4.9800e+00   -3.5108e-05   1.4185e+05
-4.9700e+00   -3.5099e-05   1.4160e+05
-4.9600e+00   -3.5091e-05   1.4135e+05
-4.9500e+00   -3.5082e-05   1.4110e+05
-4.9400e+00   -3.5072e-05   1.4085e+05
-4.9300e+00   -3.5064e-05   1.4060e+05
-4.9200e+00   -3.5055e-05   1.4035e+05
-4.9100e+00   -3.5046e-05   1.4010e+05
-4.9000e+00   -3.5037e-05   1.3985e+05
-4.8900e+00   -3.5028e-05   1.3960e+05
-4.8800e+00   -3.5018e-05   1.3936e+05
-4.8700e+00   -3.5010e-05   1.3911e+05
-4.8600e+00   -3.5000e-05   1.3886e+05
-4.8500e+00   -3.4991e-05   1.3861e+05
-4.8400e+00   -3.4981e-05   1.3836e+05
-4.8300e+00   -3.4972e-05   1.3811e+05
-4.8200e+00   -3.4962e-05   1.3786e+05
-4.8100e+00   -3.4953e-05   1.3761e+05
-4.8000e+00   -3.4942e-05   1.3737e+05
-4.7900e+00   -3.4933e-05   1.3712e+05
-4.7800e+00   -3.4924e-05   1.3687e+05
-4.7700e+00   -3.4915e-05   1.3662e+05
-4.7600e+00   -3.4905e-05   1.3637e+05
-4.7500e+00   -3.4895e-05   1.3612e+05
-4.7400e+00   -3.4885e-05   1.3587e+05
-4.7300e+00   -3.4874e-05   1.3563e+05
-4.7200e+00   -3.4865e-05   1.3538e+05
-4.7100e+00   -3.4855e-05   1.3513e+05
-4.7000e+00   -3.4845e-05   1.3488e+05
-4.6900e+00   -3.4835e-05   1.3463e+05
-4.6800e+00   -3.4825e-05   1.3438e+05
-4.6700e+00   -3.4815e-05   1.3414e+05
-4.6600e+00   -3.4805e-05   1.3389e+05
-4.6500e+00   -3.4794e-05   1.3364e+05
-4.6400e+00   -3.4784e-05   1.3340e+05
-4.6300e+00   -3.4773e-05   1.3315e+05
-4.6200e+00   -3.4762e-05   1.3290e+05
-4.6100e+00   -3.4752e-05   1.3265e+05
-4.6000e+00   -3.4741e-05   1.3241e+05
-4.5900e+00   -3.4731e-05   1.3216e+05
-4.5800e+00   -3.4721e-05   1.3191e+05
-4.5700e+00   -3.4710e-05   1.3166e+05
-4.5600e+00   -3.4700e-05   1.3141e+05
-4.5500e+00   -3.4688e-05   1.3117e+05
-4.5400e+00   -3.4677e-05   1.3092e+05
-4.5300e+00   -3.4664e-05   1.3068e+05
-4.5200e+00   -3.4653e-05   1.3044e+05
-4.5100e+00   -3.4643e-05   1.3018e+05
-4.5000e+00   -3.4631e-05   1.2994e+05
-4.4900e+00   -3.4620e-05   1.2969e+05
-4.4800e+00   -3.4610e-05   1.2944e+05
-4.4700e+00   -3.4598e-05   1.2920e+05
-4.4600e+00   -3.4587e-05   1.2895e+05
-4.4500e+00   -3.4575e-05   1.2871e+05
-4.4400e+00   -3.4563e-05   1.2846e+05
-4.4300e+00   -3.4551e-05   1.2822e+05
-4.4200e+00   -3.4540e-05   1.2797e+05
-4.4100e+00   -3.4529e-05   1.2772e+05
-4.4000e+00   -3.4516e-05   1.2748e+05
-4.3900e+00   -3.4505e-05   1.2723e+05
-4.3800e+00   -3.4493e-05   1.2698e+05
-4.3700e+00   -3.4481e-05   1.2673e+05
-4.3600e+00   -3.4469e-05   1.2649e+05
-4.3500e+00   -3.4456e-05   1.2625e+05
-4.3400e+00   -3.4443e-05   1.2600e+05
-4.3300e+00   -3.4431e-05   1.2576e+05
-4.3200e+00   -3.4419e-05   1.2551e+05
-4.3100e+00   -3.4406e-05   1.2527e+05
-4.3000e+00   -3.4395e-05   1.2502e+05
-4.2900e+00   -3.4382e-05   1.2477e+05
-4.2800e+00   -3.4370e-05   1.2453e+05
-4.2700e+00   -3.4358e-05   1.2428e+05
-4.2600e+00   -3.4346e-05   1.2403e+05
-4.2500e+00   -3.4332e-05   1.2379e+05
-4.2400e+00   -3.4320e-05   1.2354e+05
-4.2300e+00   -3.4307e-05   1.2330e+05
-4.2200e+00   -3.4295e-05   1.2305e+05
-4.2100e+00   -3.4282e-05   1.2281e+05
-4.2000e+00   -3.4269e-05   1.2256e+05
-4.1900e+00   -3.4256e-05   1.2231e+05
-4.1800e+00   -3.4244e-05   1.2207e+05
-4.1700e+00   -3.4231e-05   1.2182e+05
-4.1600e+00   -3.4217e-05   1.2158e+05
-4.1500e+00   -3.4203e-05   1.2133e+05
-4.1400e+00   -3.4188e-05   1.2109e+05
-4.1300e+00   -3.4176e-05   1.2085e+05
-4.1200e+00   -3.4162e-05   1.2060e+05
-4.1100e+00   -3.4148e-05   1.2036e+05
-4.1000e+00   -3.4134e-05   1.2011e+05
-4.0900e+00   -3.4122e-05   1.1986e+05
-4.0800e+00   -3.4107e-05   1.1962e+05
-4.0700e+00   -3.4094e-05   1.1938e+05
-4.0600e+00   -3.4079e-05   1.1913e+05
-4.0500e+00   -3.4066e-05   1.1889e+05
-4.0400e+00   -3.4052e-05   1.1864e+05
-4.0300e+00   -3.4038e-05   1.1840e+05
-4.0200e+00   -3.4024e-05   1.1815e+05
-4.0100e+00   -3.4009e-05   1.1791e+05
-4.0000e+00   -3.3995e-05   1.1767e+05
-3.9900e+00   -3.3980e-05   1.1742e+05
-3.9800e+00   -3.3966e-05   1.1718e+05
-3.9700e+00   -3.3951e-05   1.1693e+05
-3.9600e+00   -3.3936e-05   1.1669e+05
-3.9500e+00   -3.3921e-05   1.1645e+05
-3.9400e+00   -3.3906e-05   1.1620e+05
-3.9300e+00   -3.3890e-05   1.1596e+05
-3.9200e+00   -3.3877e-05   1.1571e+05
-3.9100e+00   -3.3862e-05   1.1547e+05
-3.9000e+00   -3.3847e-05   1.1523e+05
-3.8900e+00   -3.3831e-05   1.1498e+05
-3.8800e+00   -3.3815e-05   1.1474e+05
-3.8700e+00   -3.3800e-05   1.1450e+05
-3.8600e+00   -3.3785e-05   1.1425e+05
-3.8500e+00   -3.3770e-05   1.1401e+05
-3.8400e+00   -3.3754e-05   1.1376e+05
-3.8300e+00   -3.3739e-05   1.1352e+05
-3.8200e+00   -3.3722e-05   1.1328e+05
-3.8100e+00   -3.3706e-05   1.1304e+05
-3.8000e+00   -3.3690e-05   1.1279e+05
-3.7900e+00   -3.3674e-05   1.1255e+05
-3.7800e+00   -3.3658e-05   1.1230e+05
-3.7700e+00   -3.3642e-05   1.1206e+05
-3.7600e+00   -3.3625e-05   1.1182e+05
-3.7500e+00   -3.3607e-05   1.1158e+05
-3.7400e+00   -3.3591e-05   1.1134e+05
-3.7300e+00   -3.3575e-05   1.1110e+05
-3.7200e+00   -3.3558e-05   1.1085e+05
-3.7100e+00   -3.3541e-05   1.1061e+05
-3.7000e+00   -3.3524e-05   1.1037e+05
-3.6900e+00   -3.3507e-05   1.1013e+05
-3.6800e+00   -3.3491e-05   1.0988e+05
-3.6700e+00   -3.3474e-05   1.0964e+05
-3.6600e+00   -3.3457e-05   1.0940e+05
-3.6500e+00   -3.3439e-05   1.0915e+05
-3.6400e+00   -3.3421e-05   1.0891e+05
-3.6300e+00   -3.3403e-05   1.0867e+05
-3.6200e+00   -3.3387e-05   1.0843e+05
-3.6100e+00   -3.3369e-05   1.0818e+05
-3.6000e+00   -3.3351e-05   1.0794e+05
-3.5900e+00   -3.3335e-05   1.0769e+05
-3.5800e+00   -3.3316e-05   1.0745e+05
-3.5700e+00   -3.3299e-05   1.0721e+05
-3.5600e+00   -3.3278e-05   1.0698e+05
-3.5500e+00   -3.3260e-05   1.0673e+05
-3.5400e+00   -3.3242e-05   1.0649e+05
-3.5300e+00   -3.3224e-05   1.0625e+05
-3.5200e+00   -3.3206e-05   1.0600e+05
-3.5100e+00   -3.3188e-05   1.0576e+05
-3.5000e+00   -3.3169e-05   1.0552e+05
-3.4900e+00   -3.3149e-05   1.0528e+05
-3.4800e+00   -3.3130e-05   1.0504e+05
-3.4700e+00   -3.3111e-05   1.0480e+05
-3.4600e+00   -3.3092e-05   1.0456e+05
-3.4500e+00   -3.3073e-05   1.0431e+05
-3.4400e+00   -3.3055e-05   1.0407e+05
-3.4300e+00   -3.3035e-05   1.0383e+05
-3.4200e+00   -3.3016e-05   1.0359e+05
-3.4100e+00   -3.2996e-05   1.0335e+05
-3.4000e+00   -3.2976e-05   1.0310e+05
-3.3900e+00   -3.2956e-05   1.0286e+05
-3.3800e+00   -3.2936e-05   1.0262e+05
-3.3700e+00   -3.2915e-05   1.0238e+05
-3.3600e+00   -3.2894e-05   1.0215e+05
-3.3500e+00   -3.2874e-05   1.0190e+05
-3.3400e+00   -3.2853e-05   1.0166e+05
-3.3300e+00   -3.2833e-05   1.0142e+05
-3.3200e+00   -3.2813e-05   1.0118e+05
-3.3100e+00   -3.2793e-05   1.0094e+05
-3.3000e+00   -3.2772e-05   1.0070e+05
-3.2900e+00   -3.2750e-05   1.0046e+05
-3.2800e+00   -3.2729e-05   1.0022e+05
-3.2700e+00   -3.2708e-05   9.9976e+04
-3.2600e+00   -3.2688e-05   9.9730e+04
-3.2500e+00   -3.2666e-05   9.9492e+04
-3.2400e+00   -3.2643e-05   9.9254e+04
-3.2300e+00   -3.2622e-05   9.9012e+04
-3.2200e+00   -3.2600e-05   9.8773e+04
-3.2100e+00   -3.2578e-05   9.8533e+04
-3.2000e+00   -3.2556e-05   9.8293e+04
-3.1900e+00   -3.2534e-05   9.8052e+04
-3.1800e+00   -3.2512e-05   9.7812e+04
-3.1700e+00   -3.2489e-05   9.7572e+04
-3.1600e+00   -3.2465e-05   9.7335e+04
-3.1500e+00   -3.2443e-05   9.7094e+04
-3.1400e+00   -3.2420e-05   9.6853e+04
-3.1300e+00   -3.2398e-05   9.6612e+04
-3.1200e+00   -3.2374e-05   9.6374e+04
-3.1100e+00   -3.2352e-05   9.6131e+04
-3.1000e+00   -3.2328e-05   9.5892e+04
-3.0900e+00   -3.2304e-05   9.5653e+04
-3.0800e+00   -3.2281e-05   9.5413e+04
-3.0700e+00   -3.2257e-05   9.5172e+04
-3.0600e+00   -3.2233e-05   9.4934e+04
-3.0500e+00   -3.2209e-05   9.4694e+04
-3.0400e+00   -3.2185e-05   9.4455e+04
-3.0300e+00   -3.2162e-05   9.4211e+04
-3.0200e+00   -3.2137e-05   9.3974e+04
-3.0100e+00   -3.2114e-05   9.3729e+04
-3.0000e+00   -3.2088e-05   9.3493e+04
-2.9900e+00   -3.2062e-05   9.3257e+04
-2.9800e+00   -3.2037e-05   9.3019e+04
-2.9700e+00   -3.2012e-05   9.2779e+04
-2.9600e+00   -3.1985e-05   9.2544e+04
-2.9500e+00   -3.1960e-05   9.2302e+04
-2.9400e+00   -3.1935e-05   9.2062e+04
-2.9300e+00   -3.1908e-05   9.1825e+04
-2.9200e+00   -3.1882e-05   9.1586e+04
-2.9100e+00   -3.1856e-05   9.1349e+04
-2.9000e+00   -3.1830e-05   9.1110e+04
-2.8900e+00   -3.1804e-05   9.0869e+04
-2.8800e+00   -3.1778e-05   9.0629e+04
-2.8700e+00   -3.1751e-05   9.0390e+04
-2.8600e+00   -3.1725e-05   9.0151e+04
-2.8500e+00   -3.1698e-05   8.9910e+04
-2.8400e+00   -3.1671e-05   8.9671e+04
-2.8300e+00   -3.1643e-05   8.9435e+04
-2.8200e+00   -3.1616e-05   8.9194e+04
-2.8100e+00   -3.1587e-05   8.8961e+04
-2.8000e+00   -3.1559e-05   8.8723e+04
-2.7900e+00   -3.1531e-05   8.8484e+04
-2.7800e+00   -3.1503e-05   8.8246e+04
-2.7700e+00   -3.1475e-05   8.8006e+04
-2.7600e+00   -3.1446e-05   8.7769e+04
-2.7500e+00   -3.1419e-05   8.7528e+04
-2.7400e+00   -3.1391e-05   8.7287e+04
-2.7300e+00   -3.1360e-05   8.7054e+04
-2.7200e+00   -3.1332e-05   8.6813e+04
-2.7100e+00   -3.1302e-05   8.6576e+04
-2.7000e+00   -3.1273e-05   8.6337e+04
-2.6900e+00   -3.1243e-05   8.6098e+04
-2.6800e+00   -3.1213e-05   8.5861e+04
-2.6700e+00   -3.1183e-05   8.5623e+04
-2.6600e+00   -3.1153e-05   8.5385e+04
-2.6500e+00   -3.1124e-05   8.5144e+04
-2.6400e+00   -3.1093e-05   8.4908e+04
-2.6300e+00   -3.1060e-05   8.4675e+04
-2.6200e+00   -3.1029e-05   8.4436e+04
-2.6100e+00   -3.0998e-05   8.4200e+04
-2.6000e+00   -3.0967e-05   8.3960e+04
-2.5900e+00   -3.0936e-05   8.3722e+04
-2.5800e+00   -3.0903e-05   8.3487e+04
-2.5700e+00   -3.0871e-05   8.3250e+04
-2.5600e+00   -3.0840e-05   8.3010e+04
-2.5500e+00   -3.0807e-05   8.2773e+04
-2.5400e+00   -3.0775e-05   8.2535e+04
-2.5300e+00   -3.0742e-05   8.2299e+04
-2.5200e+00   -3.0708e-05   8.2063e+04
-2.5100e+00   -3.0676e-05   8.1823e+04
-2.5000e+00   -3.0642e-05   8.1588e+04
-2.4900e+00   -3.0609e-05   8.1349e+04
-2.4800e+00   -3.0575e-05   8.1113e+04
-2.4700e+00   -3.0541e-05   8.0876e+04
-2.4600e+00   -3.0507e-05   8.0638e+04
-2.4500e+00   -3.0469e-05   8.0409e+04
-2.4400e+00   -3.0435e-05   8.0171e+04
-2.4300e+00   -3.0399e-05   7.9936e+04
-2.4200e+00   -3.0364e-05   7.9699e+04
-2.4100e+00   -3.0330e-05   7.9459e+04
-2.4000e+00   -3.0295e-05   7.9222e+04
-2.3900e+00   -3.0258e-05   7.8987e+04
-2.3800e+00   -3.0223e-05   7.8749e+04
-2.3700e+00   -3.0187e-05   7.8511e+04
-2.3600e+00   -3.0149e-05   7.8277e+04
-2.3500e+00   -3.0113e-05   7.8039e+04
-2.3400e+00   -3.0077e-05   7.7801e+04
-2.3300e+00   -3.0039e-05   7.7566e+04
-2.3200e+00   -3.0002e-05   7.7327e+04
-2.3100e+00   -2.9964e-05   7.7094e+04
-2.3000e+00   -2.9925e-05   7.6859e+04
-2.2900e+00   -2.9887e-05   7.6622e+04
-2.2800e+00   -2.9849e-05   7.6385e+04
-2.2700e+00   -2.9806e-05   7.6158e+04
-2.2600e+00   -2.9768e-05   7.5921e+04
-2.2500e+00   -2.9729e-05   7.5683e+04
-2.2400e+00   -2.9689e-05   7.5449e+04
-2.2300e+00   -2.9649e-05   7.5213e+04
-2.2200e+00   -2.9609e-05   7.4978e+04
-2.2100e+00   -2.9568e-05   7.4744e+04
-2.2000e+00   -2.9528e-05   7.4507e+04
-2.1900e+00   -2.9486e-05   7.4271e+04
-2.1800e+00   -2.9445e-05   7.4036e+04
-2.1700e+00   -2.9405e-05   7.3797e+04
-2.1600e+00   -2.9363e-05   7.3563e+04
-2.1500e+00   -2.9321e-05   7.3327e+04
-2.1400e+00   -2.9278e-05   7.3092e+04
-2.1300e+00   -2.9236e-05   7.2855e+04
-2.1200e+00   -2.9193e-05   7.2620e+04
-2.1100e+00   -2.9150e-05   7.2384e+04
-2.1000e+00   -2.9106e-05   7.2150e+04
-2.0900e+00   -2.9059e-05   7.1922e+04
-2.0800e+00   -2.9016e-05   7.1686e+04
-2.0700e+00   -2.8970e-05   7.1453e+04
-2.0600e+00   -2.8926e-05   7.1217e+04
-2.0500e+00   -2.8881e-05   7.0981e+04
-2.0400e+00   -2.8837e-05   7.0743e+04
-2.0300e+00   -2.8791e-05   7.0507e+04
-2.0200e+00   -2.8745e-05   7.0273e+04
-2.0100e+00   -2.8698e-05   7.0039e+04
-2.0000e+00   -2.8652e-05   6.9803e+04
-1.9900e+00   -2.8605e-05   6.9568e+04
-1.9800e+00   -2.8558e-05   6.9334e+04
-1.9700e+00   -2.8510e-05   6.9098e+04
-1.9600e+00   -2.8462e-05   6.8865e+04
-1.9500e+00   -2.8415e-05   6.8627e+04
-1.9400e+00   -2.8366e-05   6.8393e+04
-1.9300e+00   -2.8315e-05   6.8162e+04
-1.9200e+00   -2.8262e-05   6.7936e+04
-1.9100e+00   -2.8212e-05   6.7701e+04
-1.9000e+00   -2.8162e-05   6.7468e+04
-1.8900e+00   -2.8111e-05   6.7233e+04
-1.8800e+00   -2.8060e-05   6.6999e+04
-1.8700e+00   -2.8008e-05   6.6766e+04
-1.8600e+00   -2.7956e-05   6.6533e+04
-1.8500e+00   -2.7903e-05   6.6300e+04
-1.8400e+00   -2.7851e-05   6.6067e+04
-1.8300e+00   -2.7798e-05   6.5832e+04
-1.8200e+00   -2.7744e-05   6.5599e+04
-1.8100e+00   -2.7691e-05   6.5363e+04
-1.8000e+00   -2.7637e-05   6.5129e+04
-1.7900e+00   -2.7582e-05   6.4897e+04
-1.7800e+00   -2.7528e-05   6.4662e+04
-1.7700e+00   -2.7472e-05   6.4428e+04
-1.7600e+00   -2.7416e-05   6.4196e+04
-1.7500e+00   -2.7360e-05   6.3963e+04
-1.7400e+00   -2.7299e-05   6.3740e+04
-1.7300e+00   -2.7240e-05   6.3509e+04
-1.7200e+00   -2.7183e-05   6.3276e+04
-1.7100e+00   -2.7125e-05   6.3042e+04
-1.7000e+00   -2.7066e-05   6.2809e+04
-1.6900e+00   -2.7006e-05   6.2578e+04
-1.6800e+00   -2.6948e-05   6.2343e+04
-1.6700e+00   -2.6887e-05   6.2112e+04
-1.6600e+00   -2.6827e-05   6.1879e+04
-1.6500e+00   -2.6766e-05   6.1646e+04
-1.6400e+00   -2.6705e-05   6.1412e+04
-1.6300e+00   -2.6642e-05   6.1183e+04
-1.6200e+00   -2.6579e-05   6.0951e+04
-1.6100e+00   -2.6516e-05   6.0718e+04
-1.6000e+00   -2.6453e-05   6.0484e+04
-1.5900e+00   -2.6390e-05   6.0250e+04
-1.5800e+00   -2.6326e-05   6.0017e+04
-1.5700e+00   -2.6260e-05   5.9787e+04
-1.5600e+00   -2.6189e-05   5.9567e+04
-1.5500e+00   -2.6123e-05   5.9334e+04
-1.5400e+00   -2.6056e-05   5.9103e+04
-1.5300e+00   -2.5989e-05   5.8871e+04
-1.5200e+00   -2.5922e-05   5.8638e+04
-1.5100e+00   -2.5853e-05   5.8406e+04
-1.5000e+00   -2.5784e-05   5.8176e+04
-1.4900e+00   -2.5713e-05   5.7947e+04
-1.4800e+00   -2.5643e-05   5.7716e+04
-1.4700e+00   -2.5572e-05   5.7485e+04
-1.4600e+00   -2.5502e-05   5.7251e+04
-1.4500e+00   -2.5429e-05   5.7022e+04
-1.4400e+00   -2.5356e-05   5.6791e+04
-1.4300e+00   -2.5282e-05   5.6562e+04
-1.4200e+00   -2.5208e-05   5.6332e+04
-1.4100e+00   -2.5133e-05   5.6101e+04
-1.4000e+00   -2.5058e-05   5.5870e+04
-1.3900e+00   -2.4981e-05   5.5643e+04
-1.3800e+00   -2.4898e-05   5.5426e+04
-1.3700e+00   -2.4821e-05   5.5195e+04
-1.3600e+00   -2.4743e-05   5.4965e+04
-1.3500e+00   -2.4663e-05   5.4737e+04
-1.3400e+00   -2.4584e-05   5.4507e+04
-1.3300e+00   -2.4503e-05   5.4279e+04
-1.3200e+00   -2.4421e-05   5.4051e+04
-1.3100e+00   -2.4340e-05   5.3821e+04
-1.3000e+00   -2.4255e-05   5.3596e+04
-1.2900e+00   -2.4172e-05   5.3366e+04
-1.2800e+00   -2.4088e-05   5.3138e+04
-1.2700e+00   -2.4002e-05   5.2913e+04
-1.2600e+00   -2.3915e-05   5.2686e+04
-1.2500e+00   -2.3828e-05   5.2459e+04
-1.2400e+00   -2.3740e-05   5.2232e+04
-1.2300e+00   -2.3651e-05   5.2007e+04
-1.2200e+00   -2.3561e-05   5.1781e+04
-1.2100e+00   -2.3470e-05   5.1555e+04
-1.2000e+00   -2.3372e-05   5.1343e+04
-1.1900e+00   -2.3279e-05   5.1119e+04
-1.1800e+00   -2.3186e-05   5.0894e+04
-1.1700e+00   -2.3091e-05   5.0668e+04
-1.1600e+00   -2.2997e-05   5.0442e+04
-1.1500e+00   -2.2901e-05   5.0217e+04
-1.1400e+00   -2.2803e-05   4.9994e+04
-1.1300e+00   -2.2704e-05   4.9770e+04
-1.1200e+00   -2.2605e-05   4.9546e+04
-1.1100e+00   -2.2505e-05   4.9322e+04
-1.1000e+00   -2.2403e-05   4.9101e+04
-1.0900e+00   -2.2300e-05   4.8878e+04
-1.0800e+00   -2.2197e-05   4.8656e+04
-1.0700e+00   -2.2091e-05   4.8436e+04
-1.0600e+00   -2.1987e-05   4.8211e+04
-1.0500e+00   -2.1879e-05   4.7992e+04
-1.0400e+00   -2.1770e-05   4.7772e+04
-1.0300e+00   -2.1661e-05   4.7551e+04
-1.0200e+00   -2.1543e-05   4.7348e+04
-1.0100e+00   -2.1431e-05   4.7129e+04
-1.0000e+00   -2.1318e-05   4.6909e+04
-9.9000e-01   -2.1204e-05   4.6689e+04
-9.8000e-01   -2.1090e-05   4.6468e+04
-9.7000e-01   -2.0973e-05   4.6251e+04
-9.6000e-01   -2.0855e-05   4.6033e+04
-9.5000e-01   -2.0737e-05   4.5813e+04
-9.4000e-01   -2.0616e-05   4.5596e+04
-9.3000e-01   -2.0494e-05   4.5380e+04
-9.2000e-01   -2.0371e-05   4.5163e+04
-9.1000e-01   -2.0246e-05   4.4948e+04
-9.0000e-01   -2.0119e-05   4.4734e+04
-8.9000e-01   -1.9992e-05   4.4517e+04
-8.8000e-01   -1.9864e-05   4.4302e+04
-8.7000e-01   -1.9733e-05   4.4088e+04
-8.6000e-01   -1.9602e-05   4.3873e+04
-8.5000e-01   -1.9470e-05   4.3657e+04
-8.4000e-01   -1.9325e-05   4.3467e+04
-8.3000e-01   -1.9189e-05   4.3255e+04
-8.2000e-01   -1.9051e-05   4.3042e+04
-8.1000e-01   -1.8912e-05   4.2829e+04
-8.0000e-01   -1.8771e-05   4.2618e+04
-7.9000e-01   -1.8630e-05   4.2406e+04
-7.8000e-01   -1.8485e-05   4.2196e+04
-7.7000e-01   -1.8341e-05   4.1983e+04
-7.6000e-01   -1.8193e-05   4.1774e+04
-7.5000e-01   -1.8045e-05   4.1563e+04
-7.4000e-01   -1.7894e-05   4.1354e+04
-7.3000e-01   -1.7742e-05   4.1144e+04
-7.2000e-01   -1.7589e-05   4.0935e+04
-7.1000e-01   -1.7433e-05   4.0728e+04
-7.0000e-01   -1.7276e-05   4.0519e+04
-6.9000e-01   -1.7117e-05   4.0312e+04
-6.8000e-01   -1.6956e-05   4.0103e+04
-6.7000e-01   -1.6794e-05   3.9894e+04
-6.6000e-01   -1.6617e-05   3.9718e+04
-6.5000e-01   -1.6452e-05   3.9508e+04
-6.4000e-01   -1.6284e-05   3.9303e+04
-6.3000e-01   -1.6113e-05   3.9099e+04
-6.2000e-01   -1.5942e-05   3.8892e+04
-6.1000e-01   -1.5767e-05   3.8688e+04
-6.0000e-01   -1.5593e-05   3.8480e+04
-5.9000e-01   -1.5415e-05   3.8274e+04
-5.8000e-01   -1.5236e-05   3.8068e+04
-5.7000e-01   -1.5053e-05   3.7865e+04
-5.6000e-01   -1.4870e-05   3.7660e+04
-5.5000e-01   -1.4685e-05   3.7453e+04
-5.4000e-01   -1.4497e-05   3.7249e+04
-5.3000e-01   -1.4307e-05   3.7046e+04
-5.2000e-01   -1.4114e-05   3.6842e+04
-5.1000e-01   -1.3920e-05   3.6639e+04
-5.0000e-01   -1.3723e-05   3.6434e+04
-4.9000e-01   -1.3526e-05   3.6227e+04
-4.8000e-01   -1.3309e-05   3.6065e+04
-4.7000e-01   -1.3107e-05   3.5860e+04
-4.6000e-01   -1.2902e-05   3.5655e+04
-4.5000e-01   -1.2694e-05   3.5450e+04
-4.4000e-01   -1.2484e-05   3.5245e+04
-4.3000e-01   -1.2273e-05   3.5037e+04
-4.2000e-01   -1.2058e-05   3.4833e+04
-4.1000e-01   -1.1842e-05   3.4623e+04
-4.0000e-01   -1.1624e-05   3.4412e+04
-3.9000e-01   -1.1404e-05   3.4200e+04
-3.8000e-01   -1.1180e-05   3.3988e+04
-3.7000e-01   -1.0955e-05   3.3775e+04
-3.6000e-01   -1.0728e-05   3.3557e+04
-3.5000e-01   -1.0499e-05   3.3338e+04
-3.4000e-01   -1.0266e-05   3.3118e+04
-3.3000e-01   -1.0031e-05   3.2897e+04
-3.2000e-01   -9.7940e-06   3.2673e+04
-3.1000e-01   -9.5535e-06   3.2449e+04
-3.0000e-01   -9.2932e-06   3.2282e+04
-2.9000e-01   -9.0495e-06   3.2046e+04
-2.8000e-01   -8.8035e-06   3.1805e+04
-2.7000e-01   -8.5553e-06   3.1559e+04
-2.6000e-01   -8.3059e-06   3.1303e+04
-2.5000e-01   -8.0533e-06   3.1043e+04
-2.4000e-01   -7.8005e-06   3.0767e+04
-2.3000e-01   -7.5419e-06   3.0496e+04
-2.2000e-01   -7.2840e-06   3.0203e+04
-2.1000e-01   -7.0246e-06   2.9895e+04
-2.0000e-01   -6.7631e-06   2.9572e+04
-1.9000e-01   -6.4986e-06   2.9237e+04
-1.8000e-01   -6.2322e-06   2.8882e+04
-1.7000e-01   -5.9648e-06   2.8500e+04
-1.6000e-01   -5.6942e-06   2.8099e+04
-1.5000e-01   -5.4209e-06   2.7671e+04
-1.4000e-01   -5.1444e-06   2.7214e+04
-1.3000e-01   -4.8650e-06   2.6721e+04
-1.2000e-01   -4.5564e-06   2.6337e+04
-1.1000e-01   -4.2666e-06   2.5782e+04
-1.0000e-01   -3.9710e-06   2.5182e+04
-9.0000e-02   -3.6684e-06   2.4534e+04
-8.0000e-02   -3.3563e-06   2.3836e+04
-7.0000e-02   -3.0346e-06   2.3068e+04
-6.0000e-02   -2.7013e-06   2.2211e+04
-5.0000e-02   -2.3550e-06   2.1231e+04
-4.0000e-02   -1.9958e-06   2.0042e+04
-3.0000e-02   -1.6227e-06   1.8488e+04
-2.0000e-02   -1.2365e-06   1.6174e+04
-1.0000e-02   -8.4129e-07   1.1886e+04
0.0000e+00   -4.3883e-07   -0.0000e+00
